url,price_in_rp,title,address,district,city,lat,long,facilities,property_type,ads_id,bedrooms,bathrooms,land_size_m2,building_size_m2,carports,certificate,electricity,maid_bedrooms,maid_bathrooms,floors,building_age,year_built,property_condition,building_orientation,garages,furnishing,price_per_land_m2_juta,lat_round,long_round,building_land_ratio
https://www.rumah123.com/properti/tangerang/hos11357245/#qid~b392b0bd-5b99-4d52-8dad-2ca03ede62f2,3830000000.0,STOK TERAKHIR Rumah 2 Lantai Sutera NARADA NYKKA TIPE NAVII ALAM SUTERA,"Alam Sutera, Tangerang",Alam Sutera,Tangerang,-6.2623791,106.5220235," Keamanan, Jalur Telepon, Akses Parkir, Wastafel,  Track Lari, Keamanan 24 jam, Ac,  CCTV,  AC,  Lapangan Voli, Lapangan Tenis,  Pemanas Air, Kitchen Set,  Playground,  Taman, Jogging Track,  Lapangan Bulu Tangkis, Tempat Jemuran, Lapangan Basket,  One Gate System,  Jalur Telepon",rumah,hos11357245,3.0,3.0,105.0,135.0,1.0,shm - sertifikat hak milik,3500 mah,0.0,1.0,2.0,0.0,2022.0,baru,selatan,2.0,semi furnished,36.476190476190474,-6.26238,106.52202,1.2857142857142858
https://www.rumah123.com/properti/tangerang/hos11287789/#qid~b392b0bd-5b99-4d52-8dad-2ca03ede62f2,5860000000.0,Rumah TERBAIK SUTERA NARADA NYKKA TIPE MOREE TERBESAR ALAM SUTERA,"Alam Sutera, Tangerang",Alam Sutera,Tangerang,-6.2623791,106.5220235," Keamanan,  Taman, Jogging Track,  Pemanas Air, Lapangan Basket, Lapangan Voli, Kitchen Set,  Track Lari, Ac, Wastafel,  CCTV, Taman,  AC",rumah,hos11287789,4.0,3.0,160.0,209.0,1.0,shm - sertifikat hak milik,3500 mah,0.0,1.0,2.0,0.0,2022.0,baru,utara,2.0,semi furnished,36.625,-6.26238,106.52202,1.30625
https://www.rumah123.com/properti/tangerang/hos7565011/#qid~b392b0bd-5b99-4d52-8dad-2ca03ede62f2,3190000000.0,HADAP TIMUR DI JALAN UTAMA! BEST PRICE RUMAH MEWAH SEMI FURNISHED ALAM SUTERA HARGA TERBAIK,"Alam Sutera, Tangerang",Alam Sutera,Tangerang,-6.2623791,106.5220235," Keamanan, CCTV,  Jogging Track,  Taman, Kolam Renang, Jalur Telepon, AC, Ac, Track Lari,  Kolam Renang,  Jalur Telepon",rumah,hos7565011,5.0,4.0,124.0,138.0,2.0,shm - sertifikat hak milik,2200 mah,1.0,1.0,2.0,1.0,2021.0,baru,timur,3.0,semi furnished,25.725806451612904,-6.26238,106.52202,1.1129032258064515
https://www.rumah123.com/properti/tangerang/hos11145237/#qid~b392b0bd-5b99-4d52-8dad-2ca03ede62f2,12400000000.0,"RUMAH HOEK TERLUAS TERMEWAH DI CLUSTER TERBARU ALAM SUTERA, DAERAH CBD","Alam Sutera, Tangerang",Alam Sutera,Tangerang,-6.2623791,106.5220235," Ac,  Keamanan,  Jogging Track, CCTV, Jalur Telepon, Keamanan 24 jam, AC,  CCTV, Track Lari,  Kolam Renang, Taman",rumah,hos11145237,6.0,5.0,320.0,390.0,2.0,shm - sertifikat hak milik,5500 mah,0.0,1.0,3.0,0.0,2022.0,baru,selatan,3.0,semi furnished,38.75,-6.26238,106.52202,1.21875
https://www.rumah123.com/properti/tangerang/hos11086497/#qid~b392b0bd-5b99-4d52-8dad-2ca03ede62f2,3750000000.0,"Rumah di Sutera Delima, Alam Sutera Serpong Tangerang","Alam Sutera, Tangerang",Alam Sutera,Tangerang,-6.2623791,106.5220235,"Jalur Telepon, Kitchen Set, Keamanan 24 jam, AC, Taman,  One Gate System",rumah,hos11086497,5.0,3.0,200.0,150.0,0.0,shm - sertifikat hak milik,3500 mah,1.0,1.0,1.0,,,bagus,timur,0.0,furnished,18.75,-6.26238,106.52202,0.75
https://www.rumah123.com/properti/tangerang/hos11140495/#qid~b392b0bd-5b99-4d52-8dad-2ca03ede62f2,5050000000.0,"Rumah 2 Lantai Terbaru, di ALAM SUTERA. 2 menit KE MALL. 5 MENIT KE RUMAH SAKIT","Alam Sutera, Tangerang",Alam Sutera,Tangerang,-6.2623791,106.5220235," Ac,  Taman, CCTV, Jogging Track, Keamanan, Keamanan 24 jam, AC,  CCTV, Track Lari,  Kolam Renang, Taman",rumah,hos11140495,4.0,3.0,140.0,176.0,1.0,shm - sertifikat hak milik,3500 mah,0.0,1.0,2.0,0.0,2022.0,baru,utara,0.0,semi furnished,36.07142857142858,-6.26238,106.52202,1.2571428571428571
https://www.rumah123.com/properti/tangerang/hos10852234/#qid~b392b0bd-5b99-4d52-8dad-2ca03ede62f2,6940000000.0,"Rumah Paling Untung Se Cluster, Dapat Tanah Vasum, Full Marmer","Alam Sutera, Tangerang",Alam Sutera,Tangerang,-6.2623791,106.5220235," Keamanan,  Jogging Track, Taman, AC,  CCTV,  Kolam Renang,  Jalur Telepon",rumah,hos10852234,4.0,4.0,205.0,241.0,3.0,"lainnya (ppjb,girik,adat,dll)",3500 mah,1.0,1.0,3.0,0.0,2022.0,baru,timur,0.0,semi furnished,33.85365853658537,-6.26238,106.52202,1.175609756097561
https://www.rumah123.com/properti/tangerang/hos10835383/#qid~b392b0bd-5b99-4d52-8dad-2ca03ede62f2,4270000000.0,"Dekat Clubhouse, Dapat Extra Tanah, Dijamin Harga Terbaik","Alam Sutera, Tangerang",Alam Sutera,Tangerang,-6.2623791,106.5220235," Keamanan,  Jogging Track, Taman, Ac,  CCTV,  Kolam Renang,  Jalur Telepon",rumah,hos10835383,3.0,2.0,200.0,155.0,2.0,,3500 mah,1.0,1.0,2.0,1.0,2021.0,baru,timur,0.0,semi furnished,21.35,-6.26238,106.52202,0.775
https://www.rumah123.com/properti/tangerang/hos11084222/#qid~081d392b-51c4-4ebe-a78e-182ff09ec21c,3830000000.0,"Cluster di Alam Sutera, Kawasan Hijau Lokasi Strategis di Pusat CBD Alam Sutera Tangerang.","Alam Sutera, Tangerang",Alam Sutera,Tangerang,-6.2623791,106.5220235," Ac,  Keamanan, Jogging Track, AC, Track Lari,  Kolam Renang, Taman",rumah,hos11084222,3.0,2.0,105.0,134.0,2.0,shm - sertifikat hak milik,2200 mah,1.0,1.0,2.0,0.0,2022.0,baru,selatan,0.0,semi furnished,36.476190476190474,-6.26238,106.52202,1.276190476190476
https://www.rumah123.com/properti/tangerang/hos11351749/#qid~081d392b-51c4-4ebe-a78e-182ff09ec21c,7500000000.0,Sutera Olivia Rumah Bagus Fully Furnished Di Alam Sutera . Yl,"Alam Sutera, Tangerang",Alam Sutera,Tangerang,-6.2623791,106.5220235,"Jalur Telepon, Taman, Kitchen Set, AC",rumah,hos11351749,4.0,4.0,240.0,450.0,1.0,shm - sertifikat hak milik,lainnya mah,1.0,0.0,2.0,,,bagus,,0.0,furnished,31.25,-6.26238,106.52202,1.875
https://www.rumah123.com/properti/tangerang/hos11204460/#qid~031d407f-8703-4950-9c55-5101f432d482,3830000000.0,JAMIN PASTI UNTUNG!!! RUMAH ALAM SUTERA HARGA AWAL HADAP SELATAN,"Alam Sutera, Tangerang",Alam Sutera,Tangerang,-6.2623791,106.5220235,"Pemanas Air,  Keamanan, Jalur Telepon, Akses Parkir,  Ac,  Track Lari, Keamanan 24 jam,  CCTV,  AC,  Lapangan Voli,  Jogging Track, Lapangan Tenis, Kitchen Set,  Playground,  Taman, Lapangan Basket, Tempat Jemuran,  Lapangan Bulu Tangkis, Taman,  One Gate System",rumah,hos11204460,3.0,3.0,104.0,135.0,1.0,shm - sertifikat hak milik,3500 mah,0.0,1.0,2.0,0.0,2022.0,baru,selatan,2.0,semi furnished,36.82692307692308,-6.26238,106.52202,1.2980769230769231
https://www.rumah123.com/properti/tangerang/hos11135273/#qid~ba20bad9-a662-4594-b829-4ac5fefa0ee8,5300000000.0,TERMURAH CLUSTER AURORA ALAM SUTERA. UNIT JARANG ADA. POSISI CLUSTER PALING DEPAN DEKAT EXIT TOLL.,"Alam Sutera, Tangerang",Alam Sutera,Tangerang,-6.2623791,106.5220235," Ac,  Keamanan, Jogging Track, Keamanan 24 jam, AC, Track Lari, Taman",rumah,hos11135273,4.0,3.0,240.0,208.0,2.0,,3500 mah,1.0,1.0,2.0,5.0,2017.0,bagus,utara,0.0,semi furnished,22.083333333333332,-6.26238,106.52202,0.8666666666666667
https://www.rumah123.com/properti/tangerang/hos10569763/#qid~ba20bad9-a662-4594-b829-4ac5fefa0ee8,6660000000.0,RUMAH SUTERA WINONA FULL MARMER DEKAT TOL DAN MALL,"Alam Sutera, Tangerang",Alam Sutera,Tangerang,-6.2623791,106.5220235," Ac,  Keamanan,  Jogging Track, Kolam Renang,  Taman, CCTV, Jalur Telepon, Keamanan 24 jam, AC,  Kolam Renang,  CCTV, Track Lari, Taman,  Jalur Telepon",rumah,hos10569763,5.0,4.0,144.0,277.0,2.0,shm - sertifikat hak milik,5500 mah,1.0,1.0,3.0,0.0,2022.0,baru,tenggara,2.0,semi furnished,46.25,-6.26238,106.52202,1.9236111111111112
https://www.rumah123.com/properti/tangerang/hos7103414/#qid~c1274867-52e5-4813-b501-82bd0ca7a1ad,4440000000.0,RUMAH VIEW DANAU FULL MARMER! SUTERA WINONA ALAM SUTERA SEMI FURNISHED,"Alam Sutera, Tangerang",Alam Sutera,Tangerang,-6.2623791,106.5220235," Jogging Track,  Taman, Kolam Renang, CCTV, Jalur Telepon, Taman, Keamanan, Keamanan 24 jam, Ac, AC,  CCTV, Track Lari,  Kolam Renang,  Jalur Telepon",rumah,hos7103414,5.0,6.0,108.0,195.0,2.0,shm - sertifikat hak milik,3500 mah,1.0,1.0,3.0,2.0,2020.0,bagus sekali,selatan,2.0,semi furnished,41.111111111111114,-6.26238,106.52202,1.8055555555555556
https://www.rumah123.com/properti/tangerang/hos10364478/#qid~df433583-d33b-493f-8b79-6a3fc25f2348,1320000000.0,Rumah Strategis Siap Kpr di Komplek Sekretariat Negara Tangerang Harga All In,"Alam Sutera, Tangerang",Alam Sutera,Tangerang,-6.2623791,106.5220235,"Keamanan, Taman",rumah,hos10364478,6.0,2.0,91.0,170.0,1.0,,2200 mah,0.0,0.0,2.0,,,,,1.0,unfurnished,14.505494505494505,-6.26238,106.52202,1.8681318681318682
https://www.rumah123.com/properti/tangerang/hos9677363/#qid~3e8cfc7c-8617-4a40-b9f6-9bf1f80cbbf1,1200000000.0,Rumah murah di Tangerang Kota By Alam Sutera Tangerang,"Alam Sutera, Tangerang",Alam Sutera,Tangerang,-6.2623791,106.5220235," Keamanan,  Jogging Track, Kolam Renang,  Masjid,  CCTV, Taman",rumah,hos9677363,2.0,1.0,50.0,63.0,1.0,shm - sertifikat hak milik,2200 mah,0.0,0.0,2.0,0.0,2022.0,baru,selatan,0.0,,24.0,-6.26238,106.52202,1.26
https://www.rumah123.com/properti/tangerang/hos9873425/#qid~3e8cfc7c-8617-4a40-b9f6-9bf1f80cbbf1,10200000000.0,Rumah di Alam Sutera Tangerang,"Alam Sutera, Tangerang",Alam Sutera,Tangerang,-6.2623791,106.5220235," Jogging Track,  Taman, Keamanan, Ac,  Kolam Renang",rumah,hos9873425,4.0,4.0,350.0,750.0,2.0,shm - sertifikat hak milik,6600 mah,1.0,1.0,1.0,12.0,2010.0,bagus,barat,2.0,,29.142857142857142,-6.26238,106.52202,2.142857142857143
https://www.rumah123.com/properti/tangerang/hos10769265/#qid~3e8cfc7c-8617-4a40-b9f6-9bf1f80cbbf1,6630000000.0,"Rumah Paling Untung Se Cluster Cuman Ada 1, Dapat Tanah Extra","Alam Sutera, Tangerang",Alam Sutera,Tangerang,-6.2623791,106.5220235," Keamanan, CCTV,  Jogging Track,  Taman, Jalur Telepon,  Kolam Renang",rumah,hos10769265,4.0,4.0,205.0,241.0,3.0,shm - sertifikat hak milik,3500 mah,1.0,1.0,3.0,0.0,2022.0,baru,barat laut,0.0,furnished,32.34146341463415,-6.26238,106.52202,1.175609756097561
https://www.rumah123.com/properti/tangerang/hos7564996/#qid~3e8cfc7c-8617-4a40-b9f6-9bf1f80cbbf1,4980000000.0,SEBELAH CLUB HOUSE VIEW POOL DAPAT EXTRA PARKING RUMAH PALING MEWAH DAN STRATEGIS DI ALAM SUTERA HARGA TERBAIK!!,"Alam Sutera, Tangerang",Alam Sutera,Tangerang,-6.2623791,106.5220235," Ac,  Keamanan, Kolam Renang,  Taman, CCTV, Jogging Track, Jalur Telepon, AC,  CCTV, Track Lari,  Jalur Telepon",rumah,hos7564996,5.0,4.0,200.0,193.0,2.0,shm - sertifikat hak milik,2200 mah,2.0,1.0,2.0,1.0,2021.0,baru,timur,4.0,semi furnished,24.9,-6.26238,106.52202,0.965
https://www.rumah123.com/properti/tangerang/hos10149374/#qid~844e8917-3043-4da9-8cd5-4d6a7c0281f3,3190000000.0,Rumah Feronia Alam Sutera Sutera Feronia Cluster Feronia  Tangerang,"Alam Sutera, Tangerang",Alam Sutera,Tangerang,-6.2623791,106.5220235," Ac,  Keamanan, CCTV,  Jogging Track, Kolam Renang,  Taman, AC, Track Lari, Taman",rumah,hos10149374,3.0,2.0,128.0,138.0,2.0,shm - sertifikat hak milik,2200 mah,1.0,1.0,2.0,1.0,2021.0,,timur,2.0,semi furnished,24.921875,-6.26238,106.52202,1.078125
https://www.rumah123.com/properti/tangerang/hos10933378/#qid~ede15eae-7f52-407b-9fe7-7bdc29376b6a,1200000000.0,Rumah 2 Lantai Dekat Alam Sutera Di Komplek Kaisar 4 Harga All In Bisa Kpr,"Alam Sutera, Tangerang",Alam Sutera,Tangerang,-6.2623791,106.5220235,"Keamanan, Taman",rumah,hos10933378,3.0,2.0,80.0,80.0,1.0,shm - sertifikat hak milik,1300 mah,0.0,0.0,2.0,,,bagus,,0.0,unfurnished,15.0,-6.26238,106.52202,1.0
https://www.rumah123.com/properti/tangerang/hos10613180/#qid~21106bba-a08b-4384-8f7a-8833fcf2a9ca,1800000000.0,Rumah Strategis Bebas Banjir Dekat Alam Sutera di Perum Buana Gardenia Harga All In Kpr,"Alam Sutera, Tangerang",Alam Sutera,Tangerang,-6.2623791,106.5220235,"Keamanan, Taman",rumah,hos10613180,3.0,2.0,144.0,180.0,0.0,shm - sertifikat hak milik,2200 mah,0.0,0.0,1.0,,,bagus,,1.0,unfurnished,12.5,-6.26238,106.52202,1.25
https://www.rumah123.com/properti/tangerang/hos10733219/#qid~21106bba-a08b-4384-8f7a-8833fcf2a9ca,1530000000.0,Rumah Bebas Banjir Dekat Alam Sutera Di Modernland Harga All In Kpr,"Alam Sutera, Tangerang",Alam Sutera,Tangerang,-6.2623791,106.5220235,"Keamanan, Taman",rumah,hos10733219,2.0,2.0,90.0,95.0,1.0,shm - sertifikat hak milik,2200 mah,0.0,0.0,2.0,,,bagus,,0.0,unfurnished,17.0,-6.26238,106.52202,1.0555555555555556
https://www.rumah123.com/properti/tangerang/hos10900188/#qid~21106bba-a08b-4384-8f7a-8833fcf2a9ca,9400000000.0,"Rumah Mewah 3 Lantai dg Private Pool di Alam Sutera, Dekat Akses tol, Binus, Laurensia, Pasar 8","Alam Sutera, Tangerang",Alam Sutera,Tangerang,-6.2623791,106.5220235," Jogging Track, Kolam Renang, Ac,  Keamanan",rumah,hos10900188,5.0,6.0,300.0,700.0,6.0,"lainnya (ppjb,girik,adat,dll)",5500 mah,2.0,1.0,3.0,2.0,2020.0,bagus sekali,barat laut,0.0,semi furnished,31.333333333333332,-6.26238,106.52202,2.3333333333333335
https://www.rumah123.com/properti/tangerang/hos11155910/#qid~21106bba-a08b-4384-8f7a-8833fcf2a9ca,2690000000.0,BELI TANAH BONUS BANGUNAN SUPER RAPIH ! TERMURAH HARGA TERBAIK RUMAH LUAS DI ALAM SUTERA CLUSTER HARMONI,"Alam Sutera, Tangerang",Alam Sutera,Tangerang,-6.2623791,106.5220235," Keamanan,  Taman,  Jogging Track, Tempat Jemuran, Jalur Telepon, Akses Parkir, Kitchen Set, Keamanan 24 jam, Ac, Wastafel,  CCTV, Track Lari,  One Gate System,  AC,  Playground",rumah,hos11155910,3.0,2.0,170.0,110.0,1.0,shm - sertifikat hak milik,2200 mah,1.0,1.0,2.0,12.0,2010.0,bagus,utara,1.0,semi furnished,15.823529411764705,-6.26238,106.52202,0.6470588235294118
https://www.rumah123.com/properti/tangerang/hos11104072/#qid~38dbf9b9-7fc2-4646-bdd9-bab0cc8409ce,3500000000.0,HARGA BU ! FULL RENOV RUMAH CANTIK DAN MURAH DI ALAM SUTERA CLUSTER FERONIA! FREE SURVEY,"Alam Sutera, Tangerang",Alam Sutera,Tangerang,-6.2623791,106.5220235," Jogging Track, Taman, Ac,  Keamanan",rumah,hos11104072,3.0,3.0,144.0,200.0,2.0,shm - sertifikat hak milik,2200 mah,1.0,1.0,2.0,3.0,2019.0,bagus sekali,barat,0.0,semi furnished,24.305555555555557,-6.26238,106.52202,1.3888888888888888
https://www.rumah123.com/properti/tangerang/hos10719998/#qid~38dbf9b9-7fc2-4646-bdd9-bab0cc8409ce,2600000000.0,Rumah Asri di Metro Permata Dekat Alam Sutera Harga All In Nego Siap Kpr,"Alam Sutera, Tangerang",Alam Sutera,Tangerang,-6.2623791,106.5220235,"Keamanan, Taman",rumah,hos10719998,4.0,3.0,117.0,177.0,1.0,shm - sertifikat hak milik,3500 mah,1.0,0.0,2.0,,,bagus,,0.0,unfurnished,22.222222222222225,-6.26238,106.52202,1.5128205128205128
https://www.rumah123.com/properti/tangerang/hos6914800/#qid~a504aed0-5c3c-4f5f-8339-d8321a12bffa,5350000000.0,RUMAH FULL MARMER DEPAN CLUB HOUSE SUTERA WINONA ALAM SUTERA HARGA TERBAIK,"Alam Sutera, Tangerang",Alam Sutera,Tangerang,-6.2623791,106.5220235," Ac,  Keamanan, Kolam Renang,  Taman, CCTV, Jogging Track, Taman, Jalur Telepon, Keamanan 24 jam, AC,  CCTV, Track Lari,  Kolam Renang,  Jalur Telepon",rumah,hos6914800,6.0,6.0,126.0,231.0,0.0,shm - sertifikat hak milik,3500 mah,1.0,1.0,3.0,2.0,2020.0,baru,tenggara,2.0,furnished,42.46031746031746,-6.26238,106.52202,1.8333333333333333
https://www.rumah123.com/properti/tangerang/hos10612484/#qid~a504aed0-5c3c-4f5f-8339-d8321a12bffa,2800000000.0,Rumah 2 Lantai Bebas Banjir Dekat Alam Sutera Di Komplek Regensi Melati Mas Bisa Kpr,"Alam Sutera, Tangerang",Alam Sutera,Tangerang,-6.2623791,106.5220235,"Keamanan, Taman",rumah,hos10612484,4.0,4.0,157.0,270.0,0.0,shm - sertifikat hak milik,4400 mah,0.0,0.0,2.0,,,bagus,,1.0,unfurnished,17.8343949044586,-6.26238,106.52202,1.7197452229299364
https://www.rumah123.com/properti/tangerang/hos11225675/#qid~f9356703-f3ad-4ea8-ae31-5dd51c017da6,26000000000.0,Rumah mewah di alam sutera full furnish 2 Lantai,"Alam Sutera, Tangerang",Alam Sutera,Tangerang,-6.2623791,106.5220235," Mesin Cuci, Kulkas,  Kitchen Set, CCTV,  Taman,  Pemanas Air, Ac, Wastafel,  CCTV, Taman,  AC",rumah,hos11225675,,,765.0,650.0,3.0,shm - sertifikat hak milik,10600 mah,0.0,0.0,2.0,4.0,2018.0,bagus,utara,2.0,,33.98692810457516,-6.26238,106.52202,0.8496732026143791
https://www.rumah123.com/properti/tangerang/hos11156216/#qid~0d78ec8f-2f33-4d41-aaca-448f4c257d84,8820000000.0,"Rumah HOEK LUASSS 3 LANTAI Lokasi TERBAIK ALAM SUTERA, PASTI SUKA","Alam Sutera, Tangerang",Alam Sutera,Tangerang,-6.2623791,106.5220235," Ac,  Keamanan, CCTV,  Jogging Track, Kolam Renang,  Taman,  Pemanas Air, Tempat Jemuran, Lapangan Basket, Kitchen Set, Wastafel,  CCTV, Track Lari,  AC",rumah,hos11156216,5.0,4.0,215.0,287.0,1.0,shm - sertifikat hak milik,5500 mah,0.0,1.0,3.0,0.0,2022.0,baru,barat daya,3.0,semi furnished,41.02325581395349,-6.26238,106.52202,1.3348837209302327
https://www.rumah123.com/properti/tangerang/hos11154559/#qid~0d78ec8f-2f33-4d41-aaca-448f4c257d84,13800000000.0,"Rumah Mewah Alam Sutera, Baru, Minimalis Modern, Hoek","Alam Sutera, Tangerang",Alam Sutera,Tangerang,-6.2623791,106.5220235,"Tempat Gym,  Taman, Tempat Jemuran, Jalur Telepon, Akses Parkir, Kitchen Set, Keamanan 24 jam, Wastafel,  CCTV, Track Lari,  Kolam Renang,  One Gate System,  AC,  Playground",rumah,hos11154559,6.0,7.0,473.0,705.0,2.0,shm - sertifikat hak milik,13200 mah,1.0,1.0,1.0,1.0,2021.0,baru,timur,2.0,semi furnished,29.175475687103596,-6.26238,106.52202,1.4904862579281184
https://www.rumah123.com/properti/tangerang/hos11064248/#qid~061b8866-ab27-4e79-90a6-dbd1e834c9d9,7670000000.0,"Brand New House Mewah, Keren, Bagus Di Alam Sutera . Yl","Alam Sutera, Tangerang",Alam Sutera,Tangerang,-6.2623791,106.5220235,"Jalur Telepon, Taman, AC",rumah,hos11064248,4.0,4.0,230.0,540.0,2.0,,lainnya mah,1.0,1.0,2.0,,,bagus,utara,2.0,,33.34782608695652,-6.26238,106.52202,2.347826086956522
https://www.rumah123.com/properti/tangerang/hos10388730/#qid~061b8866-ab27-4e79-90a6-dbd1e834c9d9,1860000000.0,Rumah Strategis Bebas Banjir di Banjar Wijaya Harga All In Nego Kpr,"Alam Sutera, Tangerang",Alam Sutera,Tangerang,-6.2623791,106.5220235,"Keamanan, Taman",rumah,hos10388730,3.0,3.0,144.0,100.0,1.0,shm - sertifikat hak milik,2200 mah,0.0,0.0,1.0,,,bagus,,1.0,unfurnished,12.916666666666666,-6.26238,106.52202,0.6944444444444444
https://www.rumah123.com/properti/tangerang/hos10183993/#qid~061b8866-ab27-4e79-90a6-dbd1e834c9d9,1680000000.0,Rumah Bebas Banjir Dekat Alam Sutera di Graha Raya Harga All In Kpr,"Alam Sutera, Tangerang",Alam Sutera,Tangerang,-6.2623791,106.5220235,"Keamanan, Taman",rumah,hos10183993,3.0,2.0,76.0,67.0,1.0,shm - sertifikat hak milik,2200 mah,0.0,0.0,2.0,,,,,1.0,unfurnished,22.105263157894736,-6.26238,106.52202,0.881578947368421
https://www.rumah123.com/properti/tangerang/hos10316089/#qid~08a37c61-fef2-482b-9e93-cc7c6038ff5a,3760000000.0,1 Min To Santa Laurensia Rumah Hadap Selatan Di Narada Alam Sutera,"Alam Sutera, Tangerang",Alam Sutera,Tangerang,-6.2623791,106.5220235," Keamanan, Jalur Telepon, Akses Parkir, Wastafel, Taman,  Track Lari, Keamanan 24 jam,  CCTV,  AC,  Jogging Track, Kolam Renang, Lapangan Tenis,  Pemanas Air, Kitchen Set,  Playground,  Taman, Lapangan Basket, Tempat Jemuran,  Kolam Renang,  One Gate System,  Tempat Laundry,  Jalur Telepon",rumah,hos10316089,3.0,3.0,105.0,134.0,2.0,shm - sertifikat hak milik,2200 mah,1.0,1.0,2.0,0.0,2022.0,baru,selatan,0.0,semi furnished,35.8095238095238,-6.26238,106.52202,1.276190476190476
https://www.rumah123.com/properti/tangerang/hos10542785/#qid~08a37c61-fef2-482b-9e93-cc7c6038ff5a,960000000.0,Rumah Strategis Siap Kpr Dekat Alam Sutera Bebas Banjir Harga All In,"Alam Sutera, Tangerang",Alam Sutera,Tangerang,-6.2623791,106.5220235,"Keamanan, Taman",rumah,hos10542785,3.0,1.0,103.0,90.0,1.0,shm - sertifikat hak milik,1300 mah,0.0,0.0,1.0,,,,,1.0,unfurnished,9.320388349514563,-6.26238,106.52202,0.8737864077669902
https://www.rumah123.com/properti/tangerang/hos5960646/#qid~13a689e4-db18-4650-ac7a-bcfc871025dc,3710000000.0,CLUSTER NARADA ! INFO TERUPDATE RUMAH ALAM SUTERA HANYA DISINI !,"Alam Sutera, Tangerang",Alam Sutera,Tangerang,-6.2623791,106.5220235,"Kolam Renang,  Taman, CCTV, Jalur Telepon, AC, Ac,  Kolam Renang,  CCTV, Taman,  Jalur Telepon",rumah,hos5960646,5.0,4.0,105.0,134.0,0.0,shm - sertifikat hak milik,2200 mah,0.0,0.0,2.0,0.0,2022.0,baru,selatan,2.0,semi furnished,35.333333333333336,-6.26238,106.52202,1.276190476190476
https://www.rumah123.com/properti/tangerang/hos10894569/#qid~13a689e4-db18-4650-ac7a-bcfc871025dc,5100000000.0,RUMAH MEWAH MURAH BGT  FULL FURNISHED VICTORIA TIPE NAIA,"Alam Sutera, Tangerang",Alam Sutera,Tangerang,-6.2623791,106.5220235," Ac,  Jogging Track, Kolam Renang,  Taman, CCTV, Jalur Telepon, Keamanan, AC,  CCTV, Track Lari,  Jalur Telepon",rumah,hos10894569,4.0,5.0,205.0,183.0,2.0,"lainnya (ppjb,girik,adat,dll)",5500 mah,1.0,1.0,2.0,1.0,2021.0,baru,timur,5.0,furnished,24.878048780487806,-6.26238,106.52202,0.8926829268292683
https://www.rumah123.com/properti/tangerang/hos11086486/#qid~13a689e4-db18-4650-ac7a-bcfc871025dc,3250000000.0,"Rumah di Sutera Cemara, Alam Sutera Serpong Tangerang","Alam Sutera, Tangerang",Alam Sutera,Tangerang,-6.2623791,106.5220235,"Jalur Telepon, Taman,  One Gate System, Keamanan 24 jam",rumah,hos11086486,3.0,2.0,200.0,160.0,0.0,shm - sertifikat hak milik,4400 mah,1.0,1.0,1.0,,,baru,,0.0,unfurnished,16.25,-6.26238,106.52202,0.8
https://www.rumah123.com/properti/tangerang/hos10470335/#qid~ebd7c4a9-0004-4192-a32e-36a5d90cf998,8330000000.0,"Hadap Timur, Full Furnished Rumah Contoh 8x18  Alam Sutera","Alam Sutera, Tangerang",Alam Sutera,Tangerang,-6.2623791,106.5220235," Ac,  Keamanan,  Jogging Track, Kolam Renang,  CCTV, Taman,  Jalur Telepon",rumah,hos10470335,5.0,4.0,144.0,277.0,2.0,,10000 mah,1.0,1.0,3.0,1.0,2021.0,baru,timur,0.0,furnished,57.84722222222222,-6.26238,106.52202,1.9236111111111112
https://www.rumah123.com/properti/tangerang/hos10757342/#qid~ebd7c4a9-0004-4192-a32e-36a5d90cf998,6650000000.0,Rumah Mewah Full Marmer Hadap Timur View Taman,"Alam Sutera, Tangerang",Alam Sutera,Tangerang,-6.2623791,106.5220235," Keamanan,  Jogging Track, Taman, AC,  CCTV,  Kolam Renang,  Jalur Telepon",rumah,hos10757342,4.0,4.0,200.0,250.0,2.0,"lainnya (ppjb,girik,adat,dll)",5500 mah,1.0,1.0,2.0,1.0,2021.0,baru,barat laut,0.0,furnished,33.25,-6.26238,106.52202,1.25
https://www.rumah123.com/properti/tangerang/hos8621801/#qid~ebd7c4a9-0004-4192-a32e-36a5d90cf998,8390000000.000001,RUMAH IDAMAN PALING LENGKAP! 3 LANTAI DENGAN HOMELIFT DAN MASTER BEDROOM SUPER BESAR,"Alam Sutera, Tangerang",Alam Sutera,Tangerang,-6.2623791,106.5220235," Keamanan, CCTV,  Jogging Track,  Taman, Ac,  Kolam Renang,  Jalur Telepon",rumah,hos8621801,5.0,4.0,198.0,287.0,2.0,shm - sertifikat hak milik,5500 mah,1.0,1.0,3.0,1.0,2021.0,baru,tenggara,3.0,semi furnished,42.37373737373738,-6.26238,106.52202,1.4494949494949494
https://www.rumah123.com/properti/tangerang/hos11013749/#qid~546937c2-86eb-4bb2-9f2b-b438ef599e9e,4500000000.0,"Rumah Alam Sutera, Siap Huni ,sudah renovasi ,Living Room dan Dining Room luas sekali dengan ceiling plafon tinggi, dekat ke Supermarket, Mall Living World, Pasar Modern dan Pusat Cafe ternama","Alam Sutera, Tangerang",Alam Sutera,Tangerang,-6.2623791,106.5220235,"Keamanan, Taman",rumah,hos11013749,4.0,3.0,200.0,240.0,2.0,shm - sertifikat hak milik,3300 mah,0.0,0.0,2.0,7.0,2015.0,sudah renovasi,utara,0.0,semi furnished,22.5,-6.26238,106.52202,1.2
https://www.rumah123.com/properti/tangerang/hos11039514/#qid~546937c2-86eb-4bb2-9f2b-b438ef599e9e,5500000000.0,"Rumah Alam Sutera Narada,cluster favorit, jarang ada,dekat Sekolah Laurensia ,Mall Living World, Pasar Modern ,Universitas Binus dan exit tol menuju Jakarta dan Bandara","Alam Sutera, Tangerang",Alam Sutera,Tangerang,-6.2623791,106.5220235,"Jalur Telepon, Taman,  Keamanan",rumah,hos11039514,4.0,4.0,280.0,360.0,2.0,,4400 mah,1.0,1.0,2.0,7.0,2015.0,bagus,selatan,2.0,semi furnished,19.642857142857142,-6.26238,106.52202,1.2857142857142858
https://www.rumah123.com/properti/tangerang/hos11113314/#qid~18aeb085-a7b2-4d18-80f3-28cc6777c4e2,5000000000.0,DIJAMIN TERMURAH ! BANYAK DICARI LUAS RUMAH 250 FULL RENOV RAPI. UNIT JARANG ADA. FEEL FREE TO SURVEY,"Alam Sutera, Tangerang",Alam Sutera,Tangerang,-6.2623791,106.5220235," Ac, Keamanan,  Taman, Jogging Track",rumah,hos11113314,3.0,3.0,250.0,300.0,2.0,"lainnya (ppjb,girik,adat,dll)",3500 mah,1.0,1.0,2.0,5.0,2017.0,bagus sekali,timur laut,0.0,semi furnished,20.0,-6.26238,106.52202,1.2
https://www.rumah123.com/properti/tangerang/hos10404938/#qid~fe216eb2-de17-43ed-ab54-fa3efa7fffc9,2200000000.0,Rumah siap huni murah dan asri alam sutra,"Alam Sutera, Tangerang",Alam Sutera,Tangerang,-6.2623791,106.5220235,"Keamanan, Taman",rumah,hos10404938,3.0,1.0,136.0,110.0,0.0,shm - sertifikat hak milik,2200 mah,1.0,1.0,2.0,,,bagus,selatan,2.0,unfurnished,16.176470588235293,-6.26238,106.52202,0.8088235294117647
https://www.rumah123.com/properti/tangerang/hos9799496/#qid~ad59e9b3-66a8-4705-b3fc-20d647c97736,2300000000.0,"Rumah Feronia Park, minimalis siap huni","Alam Sutera, Tangerang",Alam Sutera,Tangerang,-6.2623791,106.5220235,"Kolam Renang, Taman,  Keamanan",rumah,hos9799496,3.0,2.0,102.0,125.0,1.0,shm - sertifikat hak milik,2200 mah,0.0,0.0,2.0,8.0,2014.0,sudah renovasi,utara,0.0,unfurnished,22.54901960784314,-6.26238,106.52202,1.2254901960784315
https://www.rumah123.com/properti/tangerang/hos11144680/#qid~f92d9c50-dbab-418d-a757-cf9be2836290,2390000000.0,Rumah 2 Lantai Alam Sutera( Sutera Feronia Park),"Alam Sutera, Tangerang",Alam Sutera,Tangerang,-6.2623791,106.5220235," Keamanan,  Jogging Track, Kolam Renang, Tempat Jemuran, Kitchen Set, Keamanan 24 jam,  Kolam Renang, Wastafel, Track Lari, Taman,  One Gate System",rumah,hos11144680,3.0,2.0,102.0,111.0,1.0,,3300 mah,1.0,1.0,2.0,,,bagus,selatan,0.0,semi furnished,23.43137254901961,-6.26238,106.52202,1.088235294117647
https://www.rumah123.com/properti/tangerang/hos10302598/#qid~f92d9c50-dbab-418d-a757-cf9be2836290,7650000000.0,Rumah Baru Nan Cantik,"Alam Sutera, Tangerang",Alam Sutera,Tangerang,-6.2623791,106.5220235,Ac,rumah,hos10302598,4.0,3.0,224.0,340.0,3.0,,3500 mah,1.0,1.0,2.0,1.0,2021.0,bagus,selatan,3.0,unfurnished,34.151785714285715,-6.26238,106.52202,1.5178571428571428
https://www.rumah123.com/properti/tangerang/hos10917216/#qid~edcaf871-2645-4a99-a2b9-e18cdbb3a3d3,26000000000.0,Rumah Mewah Full Furnish Di Alam Sutera Tangerang,"Alam Sutera, Tangerang",Alam Sutera,Tangerang,-6.2623791,106.5220235," Jogging Track, Keamanan, Taman",rumah,hos10917216,4.0,4.0,763.0,650.0,2.0,,lainnya mah,2.0,1.0,2.0,,,bagus,,0.0,furnished,34.07601572739188,-6.26238,106.52202,0.8519003931847968
https://www.rumah123.com/properti/tangerang/hos11365197/#qid~4a471456-6b5f-40ba-acb4-00890e0f6e73,3200000000.0,Rumah Bagus 2 Lantai Semi Furnished di Cluster Harmony Alam Sutera Tangerang,"Alam Sutera, Tangerang",Alam Sutera,Tangerang,-6.2623791,106.5220235," Keamanan,  Jogging Track,  Taman, Kolam Renang, AC, Ac, Track Lari",rumah,hos11365197,3.0,3.0,152.0,140.0,2.0,shm - sertifikat hak milik,3500 mah,1.0,1.0,2.0,,,bagus,selatan,0.0,semi furnished,21.05263157894737,-6.26238,106.52202,0.9210526315789473
https://www.rumah123.com/properti/tangerang/hos11365134/#qid~64b63570-5d79-426f-a823-b543b94792fa,3800000000.0,Dijual Rumah 2 Lantai Siap Huni di Sutera Gardenia,"Alam Sutera, Tangerang",Alam Sutera,Tangerang,-6.2623791,106.5220235," Ac,  Taman, Jogging Track, Jalur Telepon, Taman, Keamanan, Keamanan 24 jam, AC, Track Lari,  Kolam Renang,  Jalur Telepon",rumah,hos11365134,4.0,2.0,250.0,180.0,2.0,shm - sertifikat hak milik,2200 mah,1.0,1.0,2.0,,,bagus,utara,0.0,semi furnished,15.2,-6.26238,106.52202,0.72
https://www.rumah123.com/properti/tangerang/hos11359578/#qid~0d9492e8-7326-465d-85ee-e54559fedc26,7500000000.0,"Rumah Brand New Alam Sutera, Furnished, Cantik dan Bagus  - YL","Alam Sutera, Tangerang",Alam Sutera,Tangerang,-6.2623791,106.5220235," Keamanan,  Jogging Track, Lapangan Bola,  Tempat Gym, Lapangan Tenis,  Lapangan Bulu Tangkis, Jalur Telepon,  Track Lari, Keamanan 24 jam, Wastafel,  CCTV, Taman,  One Gate System,  Playground,  Lapangan Basket",rumah,hos11359578,4.0,4.0,240.0,460.0,1.0,shm - sertifikat hak milik,4400 mah,1.0,1.0,2.0,0.0,2022.0,bagus,,1.0,furnished,31.25,-6.26238,106.52202,1.9166666666666667
https://www.rumah123.com/properti/tangerang/hos11288769/#qid~b392b0bd-5b99-4d52-8dad-2ca03ede62f2,2960000000.0,Langka Rumah Rossini Siap Huni Gading Serpong,"Gading Serpong, Tangerang",Gading Serpong,Tangerang,-6.2433511,106.6174456,"CCTV,  Kolam Renang, Taman,  Keamanan",rumah,hos11288769,4.0,3.0,96.0,116.0,2.0,"lainnya (ppjb,girik,adat,dll)",2200 mah,1.0,1.0,2.0,1.0,2021.0,sudah renovasi,utara,0.0,unfurnished,30.833333333333332,-6.24335,106.61745,1.2083333333333333
https://www.rumah123.com/properti/tangerang/hos11283309/#qid~b392b0bd-5b99-4d52-8dad-2ca03ede62f2,5050000000.0,Rumah 2 Lantai LOKASI DI TENGAH CBD,"Gading Serpong, Tangerang",Gading Serpong,Tangerang,-6.2433511,106.6174456," Ac,  Lapangan Voli,  Jogging Track,  Taman, Lapangan Tenis,  Pemanas Air, Tempat Jemuran, Jalur Telepon, Lapangan Basket, Keamanan, Kitchen Set,  Lapangan Bulu Tangkis,  Track Lari, Wastafel,  CCTV,  AC",rumah,hos11283309,4.0,3.0,140.0,176.0,1.0,shm - sertifikat hak milik,3500 mah,0.0,1.0,2.0,0.0,2022.0,baru,utara,2.0,semi furnished,36.07142857142858,-6.24335,106.61745,1.2571428571428571
https://www.rumah123.com/properti/tangerang/hos10472836/#qid~081d392b-51c4-4ebe-a78e-182ff09ec21c,7100000000.0,Rumah Mewah Cluster Pasadena Gading Serpong Lokasi Strategis,"Gading Serpong, Tangerang",Gading Serpong,Tangerang,-6.2433511,106.6174456," Ac,  Taman, Jogging Track, Keamanan,  CCTV,  Kolam Renang,  Jalur Telepon",rumah,hos10472836,4.0,3.0,216.0,283.0,2.0,shm - sertifikat hak milik,5500 mah,1.0,1.0,2.0,0.0,2022.0,baru,selatan,1.0,unfurnished,32.87037037037037,-6.24335,106.61745,1.3101851851851851
https://www.rumah123.com/properti/tangerang/hos11133130/#qid~031d407f-8703-4950-9c55-5101f432d482,2700000000.0,BELI RUMAH INI GA PERLU PAKAI DP LOHH! SUDAH FULLY FURNISHED JUGA! LOKASI DEKAT SEKOLAH DAN MALL,"Gading Serpong, Tangerang",Gading Serpong,Tangerang,-6.2433511,106.6174456," Keamanan, CCTV,  Jogging Track,  Taman, Kolam Renang, Jalur Telepon, Track Lari,  Kolam Renang",rumah,hos11133130,3.0,3.0,84.0,128.0,2.0,shm - sertifikat hak milik,2200 mah,0.0,0.0,3.0,0.0,2022.0,bagus,selatan,2.0,furnished,32.14285714285714,-6.24335,106.61745,1.5238095238095237
https://www.rumah123.com/properti/tangerang/hos10612796/#qid~031d407f-8703-4950-9c55-5101f432d482,1440000000.0,Rumah Strategis Siap Kpr Dekat Gading Serpong Bebas Banjir Harga All In,"Gading Serpong, Tangerang",Gading Serpong,Tangerang,-6.2433511,106.6174456,"Keamanan, Taman",rumah,hos10612796,4.0,2.0,96.0,110.0,0.0,shm - sertifikat hak milik,2200 mah,0.0,0.0,2.0,,,bagus,,1.0,unfurnished,15.0,-6.24335,106.61745,1.1458333333333333
https://www.rumah123.com/properti/tangerang/hos10367477/#qid~c1274867-52e5-4813-b501-82bd0ca7a1ad,2400000000.0,Rumah Strategis Bebas Banjir Nego Harga All In Kpr di Cluster Angelonia,"Gading Serpong, Tangerang",Gading Serpong,Tangerang,-6.2433511,106.6174456,"Keamanan, Taman",rumah,hos10367477,3.0,2.0,161.0,200.0,1.0,shm - sertifikat hak milik,2200 mah,1.0,0.0,2.0,,,,,1.0,unfurnished,14.906832298136646,-6.24335,106.61745,1.2422360248447204
https://www.rumah123.com/properti/tangerang/hos11070003/#qid~c1274867-52e5-4813-b501-82bd0ca7a1ad,9000000000.0,Dijual BU Rumah Summarecon Serpong Emerald Cove 18x23,"Gading Serpong, Tangerang",Gading Serpong,Tangerang,-6.2433511,106.6174456," Jogging Track,  Taman, Keamanan, Ac,  CCTV,  Kolam Renang,  Jalur Telepon",rumah,hos11070003,5.0,6.0,414.0,840.0,4.0,"lainnya (ppjb,girik,adat,dll)",11000 mah,3.0,1.0,3.0,1.0,2021.0,baru,selatan,0.0,semi furnished,21.73913043478261,-6.24335,106.61745,2.028985507246377
https://www.rumah123.com/properti/tangerang/hos9813160/#qid~3e8cfc7c-8617-4a40-b9f6-9bf1f80cbbf1,7100000000.0,RUMAH SULTAN TERMEWAH DAPAT BATHTUBE WHIRLPOOL DI GADING SERPONG,"Gading Serpong, Tangerang",Gading Serpong,Tangerang,-6.2433511,106.6174456," Ac,  Taman, Jogging Track, Keamanan,  CCTV,  Kolam Renang,  Jalur Telepon",rumah,hos9813160,4.0,3.0,214.0,230.0,2.0,,5500 mah,1.0,0.0,2.0,0.0,2022.0,baru,selatan,1.0,semi furnished,33.177570093457945,-6.24335,106.61745,1.074766355140187
https://www.rumah123.com/properti/tangerang/hos10500609/#qid~3e8cfc7c-8617-4a40-b9f6-9bf1f80cbbf1,1060000000.0,Rumah 2 Lantai Siap Kpr di Perumahan Binong Permai Harga All In Nego,"Gading Serpong, Tangerang",Gading Serpong,Tangerang,-6.2433511,106.6174456,"Keamanan, Taman",rumah,hos10500609,4.0,3.0,106.0,151.0,1.0,shm - sertifikat hak milik,1300 mah,0.0,0.0,2.0,,,bagus,,1.0,unfurnished,10.0,-6.24335,106.61745,1.4245283018867925
https://www.rumah123.com/properti/tangerang/hos10613187/#qid~ede15eae-7f52-407b-9fe7-7bdc29376b6a,2220000000.0,Rumah Industrial Modern Siap Kpr di Taman Holandia Tangerang Harga All In,"Gading Serpong, Tangerang",Gading Serpong,Tangerang,-6.2433511,106.6174456,"Keamanan, Taman",rumah,hos10613187,3.0,3.0,120.0,130.0,0.0,shm - sertifikat hak milik,2200 mah,0.0,0.0,2.0,,,bagus,,1.0,unfurnished,18.5,-6.24335,106.61745,1.0833333333333333
https://www.rumah123.com/properti/tangerang/hos10940830/#qid~21106bba-a08b-4384-8f7a-8833fcf2a9ca,889000000.0,Rumah Minimalis 1lt Highceiling Mezanine Dekat Gading Serpong,"Gading Serpong, Tangerang",Gading Serpong,Tangerang,-6.2433511,106.6174456," Keamanan, CCTV, Jalur Telepon, Wastafel,  Kolam Renang,  Track Lari, Keamanan 24 jam, Ac,  CCTV,  AC,  Jogging Track, Lapangan Tenis, Kitchen Set,  Playground,  Taman, Lapangan Bola,  Tempat Gym, Tempat Jemuran, Taman,  One Gate System,  Jalur Telepon,  Lapangan Basket",rumah,hos10940830,2.0,1.0,72.0,41.0,1.0,,2200 mah,0.0,0.0,1.0,0.0,2022.0,baru,utara,1.0,unfurnished,12.347222222222221,-6.24335,106.61745,0.5694444444444444
https://www.rumah123.com/properti/tangerang/hos10854975/#qid~38dbf9b9-7fc2-4646-bdd9-bab0cc8409ce,4800000000.0,Cluster New Menteng Village Rumah Full Detached Tidak Nempel Dan Mewah di Gading Serpong,"Gading Serpong, Tangerang",Gading Serpong,Tangerang,-6.2433511,106.6174456," Jogging Track, Keamanan,  Kolam Renang, Taman,  AC",rumah,hos10854975,3.0,3.0,180.0,217.0,2.0,shm - sertifikat hak milik,4400 mah,1.0,1.0,2.0,0.0,2022.0,baru,,0.0,,26.666666666666668,-6.24335,106.61745,1.2055555555555555
https://www.rumah123.com/properti/tangerang/hos10486390/#qid~38dbf9b9-7fc2-4646-bdd9-bab0cc8409ce,4800000000.0,Cluster Menteng Village Rumah Mewah Di Gading Serpong,"Gading Serpong, Tangerang",Gading Serpong,Tangerang,-6.2433511,106.6174456," Keamanan,  Taman,  Jogging Track, Kolam Renang, Jalur Telepon",rumah,hos10486390,3.0,3.0,180.0,257.0,2.0,shm - sertifikat hak milik,4400 mah,1.0,1.0,2.0,,,baru,,0.0,,26.666666666666668,-6.24335,106.61745,1.4277777777777778
https://www.rumah123.com/properti/tangerang/hos10703434/#qid~0d78ec8f-2f33-4d41-aaca-448f4c257d84,1440000000.0,Rumah Asri Bebas Banjir Di Gading Serpong Strategis Harga All In Siap Kpr,"Gading Serpong, Tangerang",Gading Serpong,Tangerang,-6.2433511,106.6174456,"Keamanan, Taman",rumah,hos10703434,2.0,2.0,120.0,102.0,1.0,shm - sertifikat hak milik,1300 mah,0.0,0.0,1.0,,,bagus,,1.0,unfurnished,12.0,-6.24335,106.61745,0.85
https://www.rumah123.com/properti/tangerang/hos10364527/#qid~0d78ec8f-2f33-4d41-aaca-448f4c257d84,1320000000.0,Rumah 2 Lantai Harga All In Kpr di Komplek Sekretariat Negara Bebas Banjir,"Gading Serpong, Tangerang",Gading Serpong,Tangerang,-6.2433511,106.6174456,"Keamanan, Taman",rumah,hos10364527,6.0,2.0,91.0,170.0,1.0,,2200 mah,0.0,0.0,2.0,,,bagus,,1.0,unfurnished,14.505494505494505,-6.24335,106.61745,1.8681318681318682
https://www.rumah123.com/properti/tangerang/hos9932403/#qid~0d78ec8f-2f33-4d41-aaca-448f4c257d84,650000000.0,Rumah Siap Huni di Grand View Karawaci Harga All In Kpr Bisa Nego,"Gading Serpong, Tangerang",Gading Serpong,Tangerang,-6.2433511,106.6174456,"Keamanan, Taman",rumah,hos9932403,2.0,1.0,72.0,36.0,1.0,shm - sertifikat hak milik,1300 mah,0.0,0.0,1.0,,,bagus,,0.0,furnished,9.027777777777779,-6.24335,106.61745,0.5
https://www.rumah123.com/properti/tangerang/hos10537434/#qid~0d78ec8f-2f33-4d41-aaca-448f4c257d84,6930000000.0,"Rumah Mewah gading Serpong, Baru, Modern Tropis, Minimalis Premium","Gading Serpong, Tangerang",Gading Serpong,Tangerang,-6.2433511,106.6174456," Ac,  Jogging Track, Kolam Renang,  Taman, Keamanan,  CCTV,  Jalur Telepon",rumah,hos10537434,4.0,4.0,216.0,283.0,2.0,,7700 mah,1.0,1.0,2.0,0.0,2022.0,baru,selatan,0.0,unfurnished,32.08333333333333,-6.24335,106.61745,1.3101851851851851
https://www.rumah123.com/properti/tangerang/hos3324048/#qid~061b8866-ab27-4e79-90a6-dbd1e834c9d9,2320000000.0,Rumah Mewah luas 5 kamar tidur 4 kamar mandi   serpong,"Gading Serpong, Tangerang",Gading Serpong,Tangerang,-6.2433511,106.6174456," Ac,  Jogging Track, Kolam Renang,  Taman, CCTV, Jalur Telepon, Taman, Keamanan, Keamanan 24 jam, AC,  CCTV, Track Lari,  Kolam Renang,  Jalur Telepon",rumah,hos3324048,5.0,4.0,120.0,126.0,2.0,shm - sertifikat hak milik,2200 mah,1.0,1.0,2.0,0.0,2022.0,baru,,2.0,unfurnished,19.333333333333332,-6.24335,106.61745,1.05
https://www.rumah123.com/properti/tangerang/hos10417536/#qid~061b8866-ab27-4e79-90a6-dbd1e834c9d9,1020000000.0,Rumah Siap Huni Dekat Gading Serpong Harga All In Nego Bisa Kpr,"Gading Serpong, Tangerang",Gading Serpong,Tangerang,-6.2433511,106.6174456,"Keamanan, Taman",rumah,hos10417536,2.0,1.0,90.0,65.0,1.0,shm - sertifikat hak milik,1300 mah,0.0,0.0,1.0,,,,,1.0,unfurnished,11.333333333333334,-6.24335,106.61745,0.7222222222222222
https://www.rumah123.com/properti/tangerang/hos11253856/#qid~13a689e4-db18-4650-ac7a-bcfc871025dc,15000000000.0,Dijual Rumah Mewah di Kawasan Elit Pondok Hijau Golf Phg Summarecon Serpong,"Gading Serpong, Tangerang",Gading Serpong,Tangerang,-6.2433511,106.6174456," Taman, Tempat Jemuran, Akses Parkir, Kitchen Set, Keamanan 24 jam, AC,  CCTV,  Kolam Renang,  One Gate System, Tempat Gym,  Playground",rumah,hos11253856,4.0,5.0,585.0,425.0,2.0,shm - sertifikat hak milik,7700 mah,1.0,1.0,3.0,8.0,2014.0,bagus,barat daya,1.0,semi furnished,25.64102564102564,-6.24335,106.61745,0.7264957264957265
https://www.rumah123.com/properti/tangerang/hos11215275/#qid~13a689e4-db18-4650-ac7a-bcfc871025dc,2600000000.0,Cluster Volta Summarecon Gading Serpong | no Cobroke,"Gading Serpong, Tangerang",Gading Serpong,Tangerang,-6.2433511,106.6174456," Keamanan,  Jogging Track,  Taman, Jalur Telepon, Akses Parkir, Keamanan 24 jam, Wastafel, Track Lari, Taman,  One Gate System,  Playground",rumah,hos11215275,4.0,3.0,119.0,123.0,1.0,shm - sertifikat hak milik,3500 mah,0.0,0.0,2.0,6.0,2016.0,bagus,timur laut,0.0,unfurnished,21.84873949579832,-6.24335,106.61745,1.0336134453781514
https://www.rumah123.com/properti/tangerang/hos10425750/#qid~13a689e4-db18-4650-ac7a-bcfc871025dc,3300000000.0,Pascal Scientia Gd.Serpong lokasi sangat strategis harga bersaing,"Gading Serpong, Tangerang",Gading Serpong,Tangerang,-6.2433511,106.6174456," Keamanan,  Jogging Track, Taman, AC,  Kolam Renang,  Jalur Telepon",rumah,hos10425750,4.0,3.0,162.0,154.0,1.0,"lainnya (ppjb,girik,adat,dll)",4400 mah,1.0,1.0,2.0,8.0,2014.0,bagus,utara,1.0,unfurnished,20.37037037037037,-6.24335,106.61745,0.9506172839506173
https://www.rumah123.com/properti/tangerang/hos10884951/#qid~13a689e4-db18-4650-ac7a-bcfc871025dc,3500000000.0,"Rumah Murah Cluster Volta Gading Serpong,Tangerang | no Cobroke","Gading Serpong, Tangerang",Gading Serpong,Tangerang,-6.2433511,106.6174456," Keamanan,  Jogging Track, CCTV, Jalur Telepon, Keamanan 24 jam,  CCTV, Track Lari,  Kolam Renang, Taman",rumah,hos10884951,4.0,3.0,238.0,178.0,1.0,shm - sertifikat hak milik,2200 mah,0.0,1.0,2.0,7.0,2015.0,bagus sekali,selatan,0.0,unfurnished,14.705882352941176,-6.24335,106.61745,0.7478991596638656
https://www.rumah123.com/properti/tangerang/hos10349386/#qid~13a689e4-db18-4650-ac7a-bcfc871025dc,2500000000.0,RUMAH FULL FURNISHED DI GADING SERPONG SIAP HUNI,"Gading Serpong, Tangerang",Gading Serpong,Tangerang,-6.2433511,106.6174456," Ac,  Keamanan, CCTV,  Jogging Track,  Taman, Jalur Telepon,  Kolam Renang",rumah,hos10349386,3.0,2.0,105.0,114.0,1.0,,3500 mah,0.0,0.0,2.0,,,bagus sekali,utara,1.0,furnished,23.80952380952381,-6.24335,106.61745,1.0857142857142856
https://www.rumah123.com/properti/tangerang/hos10884707/#qid~ebd7c4a9-0004-4192-a32e-36a5d90cf998,4300000000.0,"Cluster San Lorenzo IL Lago Gading Serpong, Tangerang | no Cobroke","Gading Serpong, Tangerang",Gading Serpong,Tangerang,-6.2433511,106.6174456," Ac,  Keamanan,  Jogging Track, Jalur Telepon, AC, Track Lari,  Kolam Renang, Taman",rumah,hos10884707,3.0,3.0,249.0,180.0,1.0,shm - sertifikat hak milik,2200 mah,1.0,1.0,2.0,10.0,2012.0,bagus,,2.0,furnished,17.269076305220885,-6.24335,106.61745,0.7228915662650602
https://www.rumah123.com/properti/tangerang/hos10582899/#qid~ebd7c4a9-0004-4192-a32e-36a5d90cf998,5320000000.0,Rumah 2 Lantai Di Area Gading Serpong  Lokasi Pusat,"Gading Serpong, Tangerang",Gading Serpong,Tangerang,-6.2433511,106.6174456," Ac,  Taman, Jogging Track, Keamanan,  Kolam Renang,  Jalur Telepon",rumah,hos10582899,3.0,3.0,180.0,257.0,3.0,shm - sertifikat hak milik,5500 mah,1.0,1.0,2.0,0.0,2022.0,baru,timur laut,0.0,unfurnished,29.555555555555557,-6.24335,106.61745,1.4277777777777778
https://www.rumah123.com/properti/tangerang/hos10652759/#qid~ee681e3d-c9e4-4718-ac4c-a651ac12aa71,1940000000.0,Rumah New Alma Lebar 10 Termurah di Gading Serpong,"Gading Serpong, Tangerang",Gading Serpong,Tangerang,-6.2433511,106.6174456," Ac,  Keamanan,  Jogging Track, Kolam Renang,  CCTV, Taman,  Jalur Telepon",rumah,hos10652759,3.0,2.0,80.0,102.0,1.0,shm - sertifikat hak milik,2200 mah,0.0,0.0,1.0,0.0,2022.0,baru,timur,2.0,unfurnished,24.25,-6.24335,106.61745,1.275
https://www.rumah123.com/properti/tangerang/hos10660254/#qid~ee681e3d-c9e4-4718-ac4c-a651ac12aa71,3100000000.0,Flamingo Caribbean The Springs Rumah Mewah di Gading Serpong,"Gading Serpong, Tangerang",Gading Serpong,Tangerang,-6.2433511,106.6174456,"Keamanan, Taman",rumah,hos10660254,3.0,3.0,128.0,129.0,2.0,shm - sertifikat hak milik,2200 mah,0.0,0.0,1.0,0.0,2022.0,baru,timur,0.0,unfurnished,24.21875,-6.24335,106.61745,1.0078125
https://www.rumah123.com/properti/tangerang/hos10652407/#qid~ee681e3d-c9e4-4718-ac4c-a651ac12aa71,4900000000.0,New Menteng Rumah Lebar 12 Termurah di Gading Serpong,"Gading Serpong, Tangerang",Gading Serpong,Tangerang,-6.2433511,106.6174456," Keamanan, CCTV,  Jogging Track,  Taman, Ac,  Kolam Renang,  Jalur Telepon",rumah,hos10652407,3.0,4.0,180.0,217.0,2.0,shm - sertifikat hak milik,3500 mah,1.0,1.0,2.0,0.0,2022.0,baru,timur,2.0,,27.222222222222225,-6.24335,106.61745,1.2055555555555555
https://www.rumah123.com/properti/tangerang/hos11261319/#qid~ee681e3d-c9e4-4718-ac4c-a651ac12aa71,2550000000.0,"Murah, Cepat Rumah 2Lantai Cluster Trimenzia Rapi,Sudah Interior (Nego)","Gading Serpong, Tangerang",Gading Serpong,Tangerang,-6.2433511,106.6174456,"Kulkas,  Kitchen Set,  Keamanan,  Jogging Track,  Taman, Kolam Renang,  Pemanas Air, Tempat Jemuran, Lapangan Basket, Ac, Wastafel, Track Lari, Taman,  AC",rumah,hos11261319,4.0,3.0,135.0,168.0,2.0,shm - sertifikat hak milik,3500 mah,1.0,1.0,2.0,,,bagus,,0.0,furnished,18.88888888888889,-6.24335,106.61745,1.2444444444444445
https://www.rumah123.com/properti/tangerang/hos11270522/#qid~ee681e3d-c9e4-4718-ac4c-a651ac12aa71,2300000000.0,Rumah di Fiordini Illago 2 Lantai Bagus Selatan,"Gading Serpong, Tangerang",Gading Serpong,Tangerang,-6.2433511,106.6174456,"Lapangan Basket, Tempat Jemuran, Keamanan, Wastafel,  Kolam Renang, Taman",rumah,hos11270522,3.0,3.0,136.0,135.0,2.0,"lainnya (ppjb,girik,adat,dll)",2200 mah,1.0,1.0,2.0,10.0,2012.0,bagus,selatan,1.0,unfurnished,16.91176470588235,-6.24335,106.61745,0.9926470588235294
https://www.rumah123.com/properti/tangerang/hos10420696/#qid~2a385497-fa81-488b-950b-130d655fd22f,1200000000.0,Rumah Fleekhauz Furnish Gading Serpong,"Gading Serpong, Tangerang",Gading Serpong,Tangerang,-6.2433511,106.6174456,"Taman, Ac,  Keamanan",rumah,hos10420696,3.0,3.0,72.0,120.0,1.0,shm - sertifikat hak milik,2200 mah,0.0,0.0,2.0,0.0,2022.0,bagus,timur laut,0.0,semi furnished,16.666666666666664,-6.24335,106.61745,1.6666666666666667
https://www.rumah123.com/properti/tangerang/hos10949396/#qid~2a385497-fa81-488b-950b-130d655fd22f,3700000000.0,Rumah di Pondok Hijau Golf Gading Serpong  cepat.,"Gading Serpong, Tangerang",Gading Serpong,Tangerang,-6.2433511,106.6174456," Taman, Keamanan,  Kolam Renang, Jogging Track",rumah,hos10949396,3.0,2.0,233.0,135.0,1.0,shm - sertifikat hak milik,2200 mah,1.0,1.0,2.0,3.0,2019.0,baru,,1.0,unfurnished,15.879828326180258,-6.24335,106.61745,0.5793991416309013
https://www.rumah123.com/properti/tangerang/hos11206047/#qid~2a385497-fa81-488b-950b-130d655fd22f,3800000000.0,"Termurah!! Rumah Pondok Hijau Golf, Bagus, Full Renov, Siap Huni, No Cobroke","Gading Serpong, Tangerang",Gading Serpong,Tangerang,-6.2433511,106.6174456," Ac,  Taman, Jogging Track, Tempat Jemuran, Jalur Telepon, Keamanan, Akses Parkir, Keamanan 24 jam, Kitchen Set, Wastafel, Track Lari,  Playground,  Kolam Renang,  One Gate System,  AC,  Jalur Telepon",rumah,hos11206047,4.0,4.0,182.0,180.0,2.0,shm - sertifikat hak milik,5500 mah,0.0,1.0,2.0,7.0,2015.0,bagus,barat daya,1.0,semi furnished,20.87912087912088,-6.24335,106.61745,0.989010989010989
https://www.rumah123.com/properti/tangerang/hos10926297/#qid~2a385497-fa81-488b-950b-130d655fd22f,2600000000.0,"Cluster new Jasmine Gading Serpong, Tangerang | no Cobroke","Gading Serpong, Tangerang",Gading Serpong,Tangerang,-6.2433511,106.6174456,"Jalur Telepon, Keamanan, Keamanan 24 jam, Taman,  Jalur Telepon",rumah,hos10926297,4.0,3.0,136.0,200.0,1.0,shm - sertifikat hak milik,2200 mah,0.0,0.0,2.0,7.0,2015.0,bagus sekali,,0.0,unfurnished,19.11764705882353,-6.24335,106.61745,1.4705882352941178
https://www.rumah123.com/properti/tangerang/hos11071934/#qid~5b190956-f493-4902-aeb9-31d93b66e3fd,1950000000.0,"Dijual Rumah  Bagus Semi Furnished 2 Lantai  Di Cluster Bohemia Gading Serpong, Gading Serpong Surat  Shm - Sertifikat Hak Milik Lokasi Dekat Dengan Sekolah Tarakanita Dekat Dengan Mall Sms . Kondisi Rapi Siap Huni","Gading Serpong, Tangerang",Gading Serpong,Tangerang,-6.2433511,106.6174456," Ac,  Taman, Jogging Track, Keamanan,  Kolam Renang",rumah,hos11071934,3.0,2.0,105.0,107.0,0.0,shm - sertifikat hak milik,2200 mah,1.0,0.0,2.0,7.0,2015.0,bagus,selatan,0.0,semi furnished,18.57142857142857,-6.24335,106.61745,1.019047619047619
https://www.rumah123.com/properti/tangerang/hos10455730/#qid~5b190956-f493-4902-aeb9-31d93b66e3fd,1550000000.0,"Rumah Cantik di Cluster Monaco  Unfurnished Bagus di CLUSTER MONACO - GADING SERPONG Lokasi Sangat Strategis Dekat Dengan Mall SMS, Sekola Tarakanita Dilengkapi Fasilitas Club House Taman Bermain Anak","Gading Serpong, Tangerang",Gading Serpong,Tangerang,-6.2433511,106.6174456," Taman, Jogging Track, Jalur Telepon, Taman, Keamanan, Keamanan 24 jam, Track Lari,  Kolam Renang,  Jalur Telepon",rumah,hos10455730,3.0,2.0,90.0,65.0,1.0,shm - sertifikat hak milik,2200 mah,0.0,0.0,2.0,5.0,2017.0,bagus,barat daya,0.0,unfurnished,17.222222222222225,-6.24335,106.61745,0.7222222222222222
https://www.rumah123.com/properti/tangerang/hos10553828/#qid~5b190956-f493-4902-aeb9-31d93b66e3fd,1280000000.0,Rumah Unfurnished di CLUSTER MARTINEZ - SYMPHONIA GADING SERPONG Kawasan Baru Summarecon Serpong Rumah Mungil Cantik Belum Pernah Dihuni Cocok Untuk Investasi Di Kawasan Berkembang Gading Serpong,"Gading Serpong, Tangerang",Gading Serpong,Tangerang,-6.2433511,106.6174456," Keamanan, CCTV,  Jogging Track,  Taman, Jalur Telepon,  Kolam Renang",rumah,hos10553828,3.0,2.0,52.0,60.0,1.0,,2200 mah,0.0,0.0,2.0,0.0,2022.0,baru,timur laut,0.0,unfurnished,24.615384615384617,-6.24335,106.61745,1.1538461538461537
https://www.rumah123.com/properti/tangerang/hos8538361/#qid~03faa0cc-66ca-40a2-b278-2bf7fe55b8c1,1600000000.0,"Karelia village , rapi siap huni , jarang ada.","Gading Serpong, Tangerang",Gading Serpong,Tangerang,-6.2433511,106.6174456," Keamanan,  Jogging Track, AC, Ac, Track Lari,  Kolam Renang, Taman",rumah,hos8538361,3.0,2.0,72.0,84.0,1.0,shm - sertifikat hak milik,2200 mah,1.0,1.0,2.0,9.0,2013.0,bagus,,0.0,semi furnished,22.222222222222225,-6.24335,106.61745,1.1666666666666667
https://www.rumah123.com/properti/tangerang/hos10011538/#qid~546937c2-86eb-4bb2-9f2b-b438ef599e9e,2800000000.0,Rumah 2lt cluster Fluorite Gading serpong lt 152m,"Gading Serpong, Tangerang",Gading Serpong,Tangerang,-6.2433511,106.6174456," Keamanan,  Jogging Track,  Taman, Jalur Telepon, AC, Ac, Track Lari,  Kolam Renang, Taman",rumah,hos10011538,4.0,4.0,152.0,225.0,1.0,shm - sertifikat hak milik,2200 mah,1.0,1.0,2.0,7.0,2015.0,bagus sekali,utara,0.0,semi furnished,18.42105263157895,-6.24335,106.61745,1.480263157894737
https://www.rumah123.com/properti/tangerang/hos11174524/#qid~546937c2-86eb-4bb2-9f2b-b438ef599e9e,2950000000.0,"Rumah Gading Serpong PHG,kawasan idaman berdampingan dg lapangan golf, asri, Siap Huni","Gading Serpong, Tangerang",Gading Serpong,Tangerang,-6.2433511,106.6174456," Ac,  Keamanan, Kolam Renang,  Taman, Lapangan Basket, Tempat Jemuran, Jalur Telepon, AC",rumah,hos11174524,3.0,2.0,162.0,159.0,1.0,shm - sertifikat hak milik,2200 mah,1.0,1.0,2.0,7.0,2015.0,bagus,barat laut,1.0,semi furnished,18.209876543209877,-6.24335,106.61745,0.9814814814814815
https://www.rumah123.com/properti/tangerang/hos11204146/#qid~546937c2-86eb-4bb2-9f2b-b438ef599e9e,4540000000.0,Rumah Modern Cantik Terbaik Di Gading Serpong,"Gading Serpong, Tangerang",Gading Serpong,Tangerang,-6.2433511,106.6174456," Taman, Tempat Jemuran, Jalur Telepon, Taman, Keamanan 24 jam,  CCTV,  Kolam Renang,  One Gate System,  Playground",rumah,hos11204146,4.0,3.0,153.0,196.0,1.0,,3500 mah,1.0,1.0,2.0,,,baru,,1.0,,29.673202614379086,-6.24335,106.61745,1.2810457516339868
https://www.rumah123.com/properti/tangerang/hos10643263/#qid~216dd44b-abd7-4b0f-9e70-fa95891557fb,2900000000.0,Cepat Rumah Cluster Lavender Gading Serpong Tangerang,"Gading Serpong, Tangerang",Gading Serpong,Tangerang,-6.2433511,106.6174456,"Taman, Keamanan,  Kolam Renang,  Jalur Telepon",rumah,hos10643263,4.0,2.0,136.0,200.0,0.0,shm - sertifikat hak milik,3500 mah,1.0,1.0,2.0,,,sudah renovasi,selatan,0.0,semi furnished,21.323529411764707,-6.24335,106.61745,1.4705882352941178
https://www.rumah123.com/properti/tangerang/hos11241433/#qid~216dd44b-abd7-4b0f-9e70-fa95891557fb,3550000000.0,Dijual Rumah 2 Lantai Siap Huni di Cluster Flamingo,"Gading Serpong, Tangerang",Gading Serpong,Tangerang,-6.2433511,106.6174456," Keamanan,  Jogging Track, Kolam Renang, Keamanan 24 jam,  Kolam Renang, Track Lari, Taman",rumah,hos11241433,4.0,3.0,128.0,160.0,1.0,"lainnya (ppjb,girik,adat,dll)",4400 mah,1.0,1.0,2.0,,,bagus,timur laut,1.0,semi furnished,27.734375,-6.24335,106.61745,1.25
https://www.rumah123.com/properti/tangerang/hos11193648/#qid~216dd44b-abd7-4b0f-9e70-fa95891557fb,2000000000.0,Rumah di cluster karelia paramount gading serpong,"Gading Serpong, Tangerang",Gading Serpong,Tangerang,-6.2433511,106.6174456,"Kolam Renang, Keamanan",rumah,hos11193648,3.0,3.0,108.0,105.0,1.0,,2200 mah,1.0,1.0,2.0,,,baru,selatan,0.0,unfurnished,18.51851851851852,-6.24335,106.61745,0.9722222222222222
https://www.rumah123.com/properti/tangerang/hos11182731/#qid~f6ec1d2c-a616-42e7-a86a-ca7173cb7359,3400000000.0,Rumah Baru Siap Huni Di Nara Village Gading Serpong,"Gading Serpong, Tangerang",Gading Serpong,Tangerang,-6.2433511,106.6174456,"One Gate System, Keamanan 24 jam",rumah,hos11182731,3.0,3.0,120.0,116.0,2.0,,lainnya mah,0.0,0.0,2.0,,,baru,,0.0,semi furnished,28.333333333333332,-6.24335,106.61745,0.9666666666666667
https://www.rumah123.com/properti/tangerang/hos10656972/#qid~f6ec1d2c-a616-42e7-a86a-ca7173cb7359,1850000000.0,Dijual Cepat Rumah Cluster Agnesi Type Luxury Uk.6x12 Gading Serpong Nego,"Gading Serpong, Tangerang",Gading Serpong,Tangerang,-6.2433511,106.6174456," Keamanan,  Taman, Jogging Track, Jalur Telepon,  Kolam Renang",rumah,hos10656972,3.0,2.0,72.0,77.0,1.0,"lainnya (ppjb,girik,adat,dll)",2200 mah,0.0,0.0,2.0,4.0,2018.0,bagus,barat daya,0.0,semi furnished,25.694444444444443,-6.24335,106.61745,1.0694444444444444
https://www.rumah123.com/properti/tangerang/hos11183386/#qid~5e28f19c-b38e-4911-a769-d3042b2d7ea1,2190000000.0,"Rumah 2 Lantai Baru, 3 Kamar Tidur di Boulevard Gading Serpong","Gading Serpong, Tangerang",Gading Serpong,Tangerang,-6.2433511,106.6174456," Taman, Jalur Telepon, Akses Parkir, Keamanan 24 jam,  Kolam Renang,  CCTV, Taman,  One Gate System,  Playground",rumah,hos11183386,3.0,3.0,102.0,80.0,1.0,shm - sertifikat hak milik,2200 mah,0.0,0.0,2.0,0.0,2022.0,baru,,2.0,unfurnished,21.47058823529412,-6.24335,106.61745,0.7843137254901961
https://www.rumah123.com/properti/tangerang/hos10550652/#qid~5e28f19c-b38e-4911-a769-d3042b2d7ea1,4100000000.0,Rumah Siap Huni Rapi,"Gading Serpong, Tangerang",Gading Serpong,Tangerang,-6.2433511,106.6174456," Ac,  Taman, Jogging Track, Keamanan,  CCTV,  Jalur Telepon",rumah,hos10550652,3.0,3.0,128.0,200.0,1.0,,5500 mah,0.0,0.0,2.0,,,bagus,selatan,0.0,semi furnished,32.03125,-6.24335,106.61745,1.5625
https://www.rumah123.com/properti/tangerang/hos11116630/#qid~18aeb085-a7b2-4d18-80f3-28cc6777c4e2,3300000000.0,Rumah Sudut Semi Furnished ada Tanah lebih di Samping | no Cobroke,"Gading Serpong, Tangerang",Gading Serpong,Tangerang,-6.2433511,106.6174456," Keamanan, Jogging Track, Jalur Telepon,  Kolam Renang, Track Lari, Taman,  Jalur Telepon",rumah,hos11116630,3.0,3.0,252.0,153.0,1.0,shm - sertifikat hak milik,3500 mah,1.0,0.0,2.0,7.0,2015.0,bagus,,1.0,semi furnished,13.095238095238095,-6.24335,106.61745,0.6071428571428571
https://www.rumah123.com/properti/tangerang/hos11305449/#qid~fe216eb2-de17-43ed-ab54-fa3efa7fffc9,7500000000.0,Rumah Mewah Bangunan Mandiri Scarlet The Springs,"Gading Serpong, Tangerang",Gading Serpong,Tangerang,-6.2433511,106.6174456," Keamanan,  Taman, Jogging Track, Tempat Jemuran, Jalur Telepon, Kitchen Set, Track Lari,  Kolam Renang, Tempat Gym",rumah,hos11305449,4.0,3.0,360.0,300.0,1.0,shm - sertifikat hak milik,5500 mah,1.0,1.0,2.0,,,bagus,barat daya,0.0,semi furnished,20.833333333333332,-6.24335,106.61745,0.8333333333333334
https://www.rumah123.com/properti/tangerang/hos11111246/#qid~ad59e9b3-66a8-4705-b3fc-20d647c97736,2000000000.0,Jual Modal Rumah depan Kolam Renang dan Sport Club | no Cobroke,"Gading Serpong, Tangerang",Gading Serpong,Tangerang,-6.2433511,106.6174456,"Jalur Telepon,  Kolam Renang, Taman,  Keamanan",rumah,hos11111246,3.0,2.0,84.0,90.0,2.0,"lainnya (ppjb,girik,adat,dll)",2200 mah,0.0,0.0,3.0,2.0,2020.0,bagus,,0.0,unfurnished,23.80952380952381,-6.24335,106.61745,1.0714285714285714
https://www.rumah123.com/properti/tangerang/hos9501819/#qid~827b7638-d6db-433a-a26f-fb56af20e143,2270000000.0,"Cluster Alma Omaha Village Rumah Mewah tipe 12x8 di Jalan Utama Gading Serpong dengan BSD Baru Aeon, dekat Tol Stasiun","Gading Serpong, Tangerang",Gading Serpong,Tangerang,-6.2433511,106.6174456," Keamanan,  Jogging Track,  Taman, Kolam Renang, Ac",rumah,hos9501819,3.0,3.0,96.0,120.0,2.0,shm - sertifikat hak milik,2200 mah,0.0,0.0,2.0,,,baru,,0.0,,23.645833333333332,-6.24335,106.61745,1.25
https://www.rumah123.com/properti/tangerang/hos10511589/#qid~827b7638-d6db-433a-a26f-fb56af20e143,1400000000.0,"Zuma Malibu Village, Rumah 2 Lantai Furnished Di Gading Serpong","Gading Serpong, Tangerang",Gading Serpong,Tangerang,-6.2433511,106.6174456," Ac,  Taman, Jogging Track, Keamanan,  Kolam Renang,  Jalur Telepon",rumah,hos10511589,2.0,2.0,48.0,63.0,1.0,shm - sertifikat hak milik,2200 mah,0.0,0.0,2.0,1.0,2021.0,baru,selatan,0.0,furnished,29.166666666666668,-6.24335,106.61745,1.3125
https://www.rumah123.com/properti/tangerang/hos11302743/#qid~827b7638-d6db-433a-a26f-fb56af20e143,3450000000.0,Rumah Bagus Full Furnish Di Cluster Flamingo Gading Serpong,"Gading Serpong, Tangerang",Gading Serpong,Tangerang,-6.2433511,106.6174456,Keamanan,rumah,hos11302743,4.0,3.0,128.0,130.0,2.0,shm - sertifikat hak milik,lainnya mah,0.0,0.0,2.0,,,bagus,,0.0,,26.953125,-6.24335,106.61745,1.015625
https://www.rumah123.com/properti/tangerang/hos10727698/#qid~c2e73bd9-4660-4555-8a1c-ea5a96ad72c9,14000000000.0,Langka Rumah Mewah Cluster Crown Phg Gading Serpong,"Gading Serpong, Tangerang",Gading Serpong,Tangerang,-6.2433511,106.6174456," Ac, Masjid,  Taman, Kolam Renang, CCTV, Jogging Track, Jalur Telepon, Keamanan, Keamanan 24 jam,  Masjid, AC,  CCTV, Track Lari,  Kolam Renang,  Jalur Telepon",rumah,hos10727698,4.0,4.0,450.0,450.0,4.0,shm - sertifikat hak milik,23000 mah,1.0,1.0,2.0,,,bagus sekali,utara,4.0,furnished,31.11111111111111,-6.24335,106.61745,1.0
https://www.rumah123.com/properti/tangerang/hos10960309/#qid~c2e73bd9-4660-4555-8a1c-ea5a96ad72c9,3300000000.0,"Rumah 2 Lantai, Cluster Alicante","Gading Serpong, Tangerang",Gading Serpong,Tangerang,-6.2433511,106.6174456,"Kolam Renang, Taman,  Keamanan",rumah,hos10960309,3.0,3.0,144.0,164.0,2.0,"lainnya (ppjb,girik,adat,dll)",2200 mah,1.0,1.0,2.0,,,bagus sekali,selatan,0.0,unfurnished,22.916666666666668,-6.24335,106.61745,1.1388888888888888
https://www.rumah123.com/properti/tangerang/hos11133848/#qid~c2e73bd9-4660-4555-8a1c-ea5a96ad72c9,3800000000.0,Cepat Rumah Full Furnished di Starling Gading Serpong,"Gading Serpong, Tangerang",Gading Serpong,Tangerang,-6.2433511,106.6174456,"Track Lari, Taman, Keamanan 24 jam",rumah,hos11133848,4.0,3.0,162.0,182.0,1.0,shm - sertifikat hak milik,lainnya mah,1.0,1.0,2.0,,,bagus,selatan,0.0,furnished,23.45679012345679,-6.24335,106.61745,1.123456790123457
https://www.rumah123.com/properti/tangerang/hos10285839/#qid~aaf6d5ee-73c3-49d9-a253-e0f4fd1e2817,4750000000.0,Dijual Cepat Termurah Rumah Sektor 1e 6kt Gading Serpong,"Gading Serpong, Tangerang",Gading Serpong,Tangerang,-6.2433511,106.6174456," Taman, Keamanan, AC",rumah,hos10285839,6.0,4.0,426.0,394.0,2.0,shm - sertifikat hak milik,5500 mah,1.0,1.0,2.0,,,bagus,utara,0.0,semi furnished,11.150234741784038,-6.24335,106.61745,0.9248826291079812
https://www.rumah123.com/properti/tangerang/hos10643338/#qid~f92d9c50-dbab-418d-a757-cf9be2836290,3400000000.0,Dijual Rumah Bagus Sekali Cluster Newton Hadap Taman,"Gading Serpong, Tangerang",Gading Serpong,Tangerang,-6.2433511,106.6174456,"Taman,  Kolam Renang, AC,  Keamanan",rumah,hos10643338,3.0,2.0,278.0,200.0,1.0,shm - sertifikat hak milik,lainnya mah,0.0,0.0,2.0,,,bagus sekali,timur,1.0,semi furnished,12.23021582733813,-6.24335,106.61745,0.7194244604316546
https://www.rumah123.com/properti/tangerang/hos11022882/#qid~f92d9c50-dbab-418d-a757-cf9be2836290,2450000000.0,"Dijual Cepat Rumah Sektor 7c Gading Serpong, Tangerang","Gading Serpong, Tangerang",Gading Serpong,Tangerang,-6.2433511,106.6174456,"Keamanan, Taman",rumah,hos11022882,3.0,3.0,160.0,240.0,2.0,shm - sertifikat hak milik,lainnya mah,1.0,1.0,2.0,,,bagus sekali,timur laut,0.0,semi furnished,15.3125,-6.24335,106.61745,1.5
https://www.rumah123.com/properti/tangerang/hos11100106/#qid~f92d9c50-dbab-418d-a757-cf9be2836290,3500000000.0,Rumah Siap Huni Semi Furnish Samping Taman | no Cobroke,"Gading Serpong, Tangerang",Gading Serpong,Tangerang,-6.2433511,106.6174456," Keamanan, CCTV,  Jogging Track,  Taman, Jalur Telepon, Taman, AC, Ac, Track Lari,  Kolam Renang,  Jalur Telepon",rumah,hos11100106,4.0,3.0,128.0,160.0,1.0,"lainnya (ppjb,girik,adat,dll)",4400 mah,0.0,1.0,2.0,2.0,2020.0,bagus sekali,timur laut,1.0,semi furnished,27.34375,-6.24335,106.61745,1.25
https://www.rumah123.com/properti/tangerang/hos11048221/#qid~edcaf871-2645-4a99-a2b9-e18cdbb3a3d3,5280000000.0,Rumah Sangat Bagus At Cluster Mozart Gading Serpong,"Gading Serpong, Tangerang",Gading Serpong,Tangerang,-6.2433511,106.6174456," Jogging Track, Keamanan, Taman",rumah,hos11048221,4.0,3.0,170.0,212.0,1.0,,lainnya mah,0.0,1.0,2.0,,,baru,,0.0,,31.058823529411764,-6.24335,106.61745,1.2470588235294118
https://www.rumah123.com/properti/tangerang/hos11290553/#qid~edcaf871-2645-4a99-a2b9-e18cdbb3a3d3,2600000000.0,Rumah Sektor 7c Siap Huni Gading Serpong,"Gading Serpong, Tangerang",Gading Serpong,Tangerang,-6.2433511,106.6174456,"Taman, AC, Ac,  Keamanan",rumah,hos11290553,3.0,3.0,154.0,140.0,1.0,shm - sertifikat hak milik,3500 mah,1.0,1.0,2.0,5.0,2017.0,bagus,tenggara,0.0,semi furnished,16.883116883116884,-6.24335,106.61745,0.9090909090909091
https://www.rumah123.com/properti/tangerang/hos10001931/#qid~4a471456-6b5f-40ba-acb4-00890e0f6e73,2200000000.0,Rumah Hoek 2 Lantai Lt 157 m2 Sektor 8A Gading Serpong,"Gading Serpong, Tangerang",Gading Serpong,Tangerang,-6.2433511,106.6174456,Keamanan,rumah,hos10001931,4.0,4.0,157.0,148.0,1.0,shm - sertifikat hak milik,3500 mah,0.0,0.0,2.0,3.0,2019.0,bagus,timur,0.0,semi furnished,14.012738853503185,-6.24335,106.61745,0.9426751592356688
https://www.rumah123.com/properti/tangerang/hos10852925/#qid~4a471456-6b5f-40ba-acb4-00890e0f6e73,5800000000.0,"Cluster Pascal Gading Serpong, Tangerang Rapih siap huni | no Cobroke","Gading Serpong, Tangerang",Gading Serpong,Tangerang,-6.2433511,106.6174456," Keamanan,  Jogging Track, Jalur Telepon, Keamanan 24 jam, Track Lari,  Kolam Renang, Taman",rumah,hos10852925,4.0,3.0,303.0,300.0,2.0,shm - sertifikat hak milik,5500 mah,1.0,1.0,2.0,10.0,2012.0,bagus sekali,utara,2.0,unfurnished,19.141914191419144,-6.24335,106.61745,0.9900990099009901
https://www.rumah123.com/properti/tangerang/hos10643056/#qid~4a471456-6b5f-40ba-acb4-00890e0f6e73,3000000000.0,Rumah Furnished Samping Clubhouse Siap Huni | no Cobroke,"Gading Serpong, Tangerang",Gading Serpong,Tangerang,-6.2433511,106.6174456," Ac,  Taman, Jogging Track, Jalur Telepon, Taman, Keamanan, AC, Track Lari,  Kolam Renang,  Jalur Telepon",rumah,hos10643056,3.0,3.0,192.0,250.0,2.0,shm - sertifikat hak milik,4400 mah,0.0,1.0,2.0,7.0,2015.0,bagus sekali,barat laut,0.0,furnished,15.625,-6.24335,106.61745,1.3020833333333333
https://www.rumah123.com/properti/tangerang/hos10566271/#qid~4a471456-6b5f-40ba-acb4-00890e0f6e73,5100000000.0,"Rumah Baru 2 Lantai Di Menteng Village, Gading Serpong Baru","Gading Serpong, Tangerang",Gading Serpong,Tangerang,-6.2433511,106.6174456," Keamanan,  Jogging Track,  Taman, Jalur Telepon, Ac,  Kolam Renang",rumah,hos10566271,3.0,3.0,180.0,257.0,3.0,shm - sertifikat hak milik,3500 mah,1.0,1.0,2.0,0.0,2022.0,baru,utara,0.0,unfurnished,28.333333333333332,-6.24335,106.61745,1.4277777777777778
https://www.rumah123.com/properti/tangerang/hos10710197/#qid~4a471456-6b5f-40ba-acb4-00890e0f6e73,1460000000.0,Rumah 2 Lantai Furnished Di Gading Serpong New Zuma,"Gading Serpong, Tangerang",Gading Serpong,Tangerang,-6.2433511,106.6174456," Ac,  Keamanan,  Jogging Track, Jalur Telepon,  Kolam Renang, Taman",rumah,hos10710197,2.0,2.0,48.0,63.0,1.0,shm - sertifikat hak milik,2200 mah,0.0,0.0,2.0,0.0,2022.0,baru,selatan,0.0,furnished,30.416666666666668,-6.24335,106.61745,1.3125
https://www.rumah123.com/properti/tangerang/hos11365191/#qid~4a471456-6b5f-40ba-acb4-00890e0f6e73,1950000000.0,Dijual Rumah 2 Lantai Siap Huni di Cluster Latigo,"Gading Serpong, Tangerang",Gading Serpong,Tangerang,-6.2433511,106.6174456," Ac,  Jogging Track, Taman, Jalur Telepon, Keamanan, AC, Track Lari,  Kolam Renang,  Jalur Telepon",rumah,hos11365191,3.0,3.0,96.0,150.0,1.0,"lainnya (ppjb,girik,adat,dll)",4400 mah,0.0,0.0,2.0,,,bagus,selatan,0.0,semi furnished,20.3125,-6.24335,106.61745,1.5625
https://www.rumah123.com/properti/tangerang/hos11365121/#qid~64b63570-5d79-426f-a823-b543b94792fa,3500000000.0,Dijual Rumah 2 Lantai Siap Huni di Granada Alicante,"Gading Serpong, Tangerang",Gading Serpong,Tangerang,-6.2433511,106.6174456," Ac,  Keamanan, Jogging Track, Taman, Jalur Telepon, AC, Track Lari,  Kolam Renang,  Jalur Telepon",rumah,hos11365121,4.0,3.0,144.0,212.0,1.0,"lainnya (ppjb,girik,adat,dll)",5500 mah,0.0,0.0,2.0,,,bagus,,0.0,semi furnished,24.305555555555557,-6.24335,106.61745,1.4722222222222223
https://www.rumah123.com/properti/tangerang/hos11364452/#qid~5a97d358-f8f9-4355-937e-63e95dd53130,900000000.0,Rumah di Karawaci residence seberang gading serpong,"Gading Serpong, Tangerang",Gading Serpong,Tangerang,-6.2433511,106.6174456,"Lapangan Bulu Tangkis, Tempat Jemuran, Keamanan, Lapangan Voli,  Masjid, Taman",rumah,hos11364452,2.0,1.0,90.0,60.0,1.0,shm - sertifikat hak milik,2200 mah,0.0,0.0,1.0,12.0,2010.0,sudah renovasi,selatan,0.0,unfurnished,10.0,-6.24335,106.61745,0.6666666666666666
https://www.rumah123.com/properti/tangerang/hos11364195/#qid~de3482b1-2665-4625-8388-e73221c6121f,755000000.0,Rumah Minimalis 2 Lantai SHM Gratis Biaya Biaya Surat Lokasi Strategis,"Gading Serpong, Tangerang",Gading Serpong,Tangerang,-6.2433511,106.6174456," Akses Parkir, Masjid,  Keamanan,  Jogging Track,  Taman, Tempat Jemuran, Jalur Telepon, Keamanan 24 jam,  Masjid, Track Lari, Taman,  One Gate System",rumah,hos11364195,3.0,2.0,78.0,60.0,1.0,shm - sertifikat hak milik,1300 mah,0.0,0.0,2.0,0.0,2022.0,baru,utara,0.0,unfurnished,9.67948717948718,-6.24335,106.61745,0.7692307692307693
https://www.rumah123.com/properti/tangerang/hos11364191/#qid~de3482b1-2665-4625-8388-e73221c6121f,785000000.0,Rumah Murah 2 Lantai SHM Gratis Biaya Biaya Surat Bebas Banjir,"Gading Serpong, Tangerang",Gading Serpong,Tangerang,-6.2433511,106.6174456,"Masjid,  Jogging Track,  Taman, Tempat Jemuran, Jalur Telepon, Keamanan, Track Lari,  Jalur Telepon",rumah,hos11364191,3.0,2.0,85.0,60.0,1.0,shm - sertifikat hak milik,1300 mah,0.0,0.0,2.0,0.0,2022.0,baru,utara,0.0,unfurnished,9.23529411764706,-6.24335,106.61745,0.7058823529411765
https://www.rumah123.com/properti/tangerang/hos11364150/#qid~7724b384-c2e7-421e-85bb-1b5687e654d1,2600000000.0,Dijual rumah cantik semi furnished di cluster Trimezia Gading Serpong,"Gading Serpong, Tangerang",Gading Serpong,Tangerang,-6.2433511,106.6174456,"Keamanan, Taman",rumah,hos11364150,4.0,3.0,135.0,168.0,1.0,shm - sertifikat hak milik,2200 mah,1.0,1.0,1.0,,,sudah renovasi,,0.0,semi furnished,19.259259259259256,-6.24335,106.61745,1.2444444444444445
https://www.rumah123.com/properti/tangerang/hos11363950/#qid~7724b384-c2e7-421e-85bb-1b5687e654d1,3600000000.0,Dijual cepat..Jual Rugi rumah di cluster Volta at Scientia Garden Gading Serpong,"Gading Serpong, Tangerang",Gading Serpong,Tangerang,-6.2433511,106.6174456," Taman, Keamanan, Akses Parkir, Keamanan 24 jam, Taman,  One Gate System,  Playground",rumah,hos11363950,4.0,4.0,238.0,178.0,1.0,"lainnya (ppjb,girik,adat,dll)",3500 mah,1.0,1.0,2.0,,,sudah renovasi,selatan,0.0,unfurnished,15.126050420168067,-6.24335,106.61745,0.7478991596638656
https://www.rumah123.com/properti/tangerang/hos11363733/#qid~7724b384-c2e7-421e-85bb-1b5687e654d1,4500000000.0,Dijual rumah cantik siap huni full renov dan furnish di cluster Granada Alicante Garing Serpong,"Gading Serpong, Tangerang",Gading Serpong,Tangerang,-6.2433511,106.6174456,"Keamanan, Taman",rumah,hos11363733,4.0,4.0,216.0,300.0,1.0,shm - sertifikat hak milik,5500 mah,1.0,1.0,2.0,,,sudah renovasi,selatan,1.0,furnished,20.833333333333332,-6.24335,106.61745,1.3888888888888888
https://www.rumah123.com/properti/tangerang/hos11361728/#qid~9b7c3e11-2c18-4559-a637-16b29b361aad,3650000000.0,Dijual cepat rumah hoek di cluster Garnet Gading Serpong,"Gading Serpong, Tangerang",Gading Serpong,Tangerang,-6.2433511,106.6174456," Lapangan Voli,  Taman, Lapangan Bola, Lapangan Basket,  Lapangan Bulu Tangkis, Keamanan, Akses Parkir, Keamanan 24 jam, Taman,  One Gate System",rumah,hos11361728,3.0,2.0,202.0,106.0,0.0,shm - sertifikat hak milik,2200 mah,1.0,1.0,2.0,,,,,0.0,unfurnished,18.069306930693067,-6.24335,106.61745,0.5247524752475248
https://www.rumah123.com/properti/tangerang/hos11361442/#qid~c984c56a-bc1e-499a-afc7-2d459a55dd65,1200000000.0,Dijual Rumah Baru 2 Lantai Siap Huni di Malibu Village,"Gading Serpong, Tangerang",Gading Serpong,Tangerang,-6.2433511,106.6174456," Keamanan,  Jogging Track,  Taman, Jalur Telepon, AC, Ac, Track Lari,  Kolam Renang, Taman",rumah,hos11361442,2.0,2.0,48.0,65.0,1.0,"lainnya (ppjb,girik,adat,dll)",2200 mah,1.0,0.0,2.0,,,bagus,,0.0,semi furnished,25.0,-6.24335,106.61745,1.3541666666666667
https://www.rumah123.com/properti/tangerang/hos11360949/#qid~c984c56a-bc1e-499a-afc7-2d459a55dd65,3500000000.0,Dijual rumah murah di sektor 1A gading Serpong Tangerang,"Gading Serpong, Tangerang",Gading Serpong,Tangerang,-6.2433511,106.6174456,"Jalur Telepon, Taman, Keamanan 24 jam,  Keamanan",rumah,hos11360949,3.0,2.0,300.0,157.0,1.0,shm - sertifikat hak milik,3300 mah,0.0,0.0,1.0,7.0,2015.0,bagus,utara,1.0,unfurnished,11.666666666666666,-6.24335,106.61745,0.5233333333333333
https://www.rumah123.com/properti/tangerang/hos11359613/#qid~0d9492e8-7326-465d-85ee-e54559fedc26,2100000000.0,Jual Cepat Rumah Il Lago Gading Serpong Cluster Fiordini,"Gading Serpong, Tangerang",Gading Serpong,Tangerang,-6.2433511,106.6174456," Lapangan Voli,  Taman, Lapangan Bola,  Tempat Gym, Lapangan Tenis, Tempat Jemuran, Jalur Telepon,  Lapangan Bulu Tangkis, Akses Parkir,  Track Lari, Keamanan 24 jam, AC,  CCTV,  Kolam Renang,  One Gate System,  Tempat Laundry,  Playground,  Lapangan Basket",rumah,hos11359613,3.0,2.0,119.0,97.0,2.0,shm - sertifikat hak milik,2200 mah,1.0,1.0,2.0,,,bagus,timur laut,0.0,semi furnished,17.64705882352941,-6.24335,106.61745,0.8151260504201681
https://www.rumah123.com/properti/tangerang/hos11359460/#qid~0d9492e8-7326-465d-85ee-e54559fedc26,2720000000.0,"Dijual Murah Rumah Rapih Siap Huni, Minimalis Design Mandiri, lokasi dekat sekolah Pahoa dan Tunas Bangsa, dekat Mall sms dan pasar Sinpasa, pasar Paramount. Rumah sudah baja ringan.","Gading Serpong, Tangerang",Gading Serpong,Tangerang,-6.2433511,106.6174456," Keamanan,  Taman, Lapangan Basket, Tempat Jemuran, Jalur Telepon, AC, Ac,  Kolam Renang, Wastafel, Taman,  Jalur Telepon",rumah,hos11359460,3.0,2.0,144.0,250.0,1.0,shm - sertifikat hak milik,3500 mah,1.0,1.0,2.0,2.0,2020.0,bagus,selatan,1.0,semi furnished,18.88888888888889,-6.24335,106.61745,1.7361111111111112
https://www.rumah123.com/properti/tangerang/hos11283362/#qid~b392b0bd-5b99-4d52-8dad-2ca03ede62f2,5050000000.0,RUMAH CANTIK 2 LANTAI DI CBD DEKAT PINTU TOL DAN MALL. CLUSTER,"BSD City, Tangerang",BSD City,Tangerang,-6.3007333,106.586126," Keamanan, CCTV, Jalur Telepon, Akses Parkir, Wastafel,  Ac,  Track Lari, Keamanan 24 jam,  CCTV,  AC,  Lapangan Voli,  Jogging Track, Lapangan Tenis,  Pemanas Air, Kitchen Set,  Playground,  Taman, Lapangan Basket, Tempat Jemuran,  Lapangan Bulu Tangkis,  One Gate System",rumah,hos11283362,4.0,3.0,140.0,176.0,1.0,shm - sertifikat hak milik,3500 mah,1.0,1.0,2.0,0.0,2022.0,baru,utara,2.0,semi furnished,36.07142857142858,-6.30073,106.58613,1.2571428571428571
https://www.rumah123.com/properti/tangerang/hos11100618/#qid~031d407f-8703-4950-9c55-5101f432d482,5500000000.0,WTS Rumah Bagus Cluster Jadeite Bsd City,"BSD City, Tangerang",BSD City,Tangerang,-6.3007333,106.586126,Keamanan,rumah,hos11100618,4.0,4.0,200.0,180.0,1.0,,lainnya mah,1.0,1.0,2.0,,,bagus,,0.0,unfurnished,27.5,-6.30073,106.58613,0.9
https://www.rumah123.com/properti/tangerang/hos11072875/#qid~ba20bad9-a662-4594-b829-4ac5fefa0ee8,13400000000.0,Hunian Sultan Mewah Enchante Residence Bsd,"BSD City, Tangerang",BSD City,Tangerang,-6.3007333,106.586126," Taman, Jogging Track, Keamanan,  Masjid,  CCTV,  Kolam Renang,  Jalur Telepon",rumah,hos11072875,5.0,7.0,300.0,480.0,0.0,,16500 mah,2.0,2.0,3.0,,,baru,,2.0,unfurnished,44.666666666666664,-6.30073,106.58613,1.6
https://www.rumah123.com/properti/tangerang/hos11263821/#qid~c1274867-52e5-4813-b501-82bd0ca7a1ad,17000000000.0,LYNDON BSD NAVAPARK LUAS 12x33 Semi Furnished Cash Only,"BSD City, Tangerang",BSD City,Tangerang,-6.3007333,106.586126," Lapangan Voli,  Keamanan,  Jogging Track, Kolam Renang, Lapangan Bola,  Tempat Gym, Lapangan Tenis,  Lapangan Bulu Tangkis,  Track Lari, Taman,  Lapangan Basket",rumah,hos11263821,5.0,4.0,396.0,465.0,2.0,,4400 mah,2.0,1.0,3.0,0.0,2022.0,baru,,2.0,semi furnished,42.929292929292934,-6.30073,106.58613,1.1742424242424243
https://www.rumah123.com/properti/tangerang/hos10613130/#qid~df433583-d33b-493f-8b79-6a3fc25f2348,3120000000.0,Rumah Asri Bebas Banjir Harga All In Kpr di The Eminent Cluster Vivacia Tangsel,"BSD City, Tangerang",BSD City,Tangerang,-6.3007333,106.586126,"Keamanan, Taman",rumah,hos10613130,3.0,3.0,128.0,144.0,0.0,"lainnya (ppjb,girik,adat,dll)",2200 mah,0.0,0.0,2.0,,,bagus,,1.0,unfurnished,24.375,-6.30073,106.58613,1.125
https://www.rumah123.com/properti/tangerang/hos11189297/#qid~df433583-d33b-493f-8b79-6a3fc25f2348,9600000000.0,RUMAH CANTIK DI CLUSTER ENCHANTE BSD CITY,"BSD City, Tangerang",BSD City,Tangerang,-6.3007333,106.586126," Keamanan,  Taman, Jogging Track, Tempat Jemuran, Jalur Telepon, Wastafel, Track Lari, Taman, Tempat Gym,  Jalur Telepon",rumah,hos11189297,5.0,6.0,220.0,398.0,2.0,shm - sertifikat hak milik,10600 mah,1.0,1.0,3.0,0.0,2022.0,baru,selatan,1.0,unfurnished,43.63636363636363,-6.30073,106.58613,1.809090909090909
https://www.rumah123.com/properti/tangerang/hos11118572/#qid~3e8cfc7c-8617-4a40-b9f6-9bf1f80cbbf1,2700000000.0,TANPA DP - CICILAN 18JUTA/BULAN - RUMAH 2 LANTAI ADA ROOFTOP FULL FURNISH TANAKAYU CHAVA BSD,"BSD City, Tangerang",BSD City,Tangerang,-6.3007333,106.586126," Keamanan, Jogging Track, Keamanan 24 jam, Track Lari, Taman",rumah,hos11118572,3.0,3.0,84.0,126.0,2.0,shm - sertifikat hak milik,2200 mah,0.0,0.0,3.0,0.0,2022.0,baru,selatan,0.0,furnished,32.14285714285714,-6.30073,106.58613,1.5
https://www.rumah123.com/properti/tangerang/hos10858349/#qid~54003faa-18c9-4e10-a528-a1c515628a60,12000000000.0,HUNIAN PALING EKSLUSIF DI BSD CITY! HUNIAN 3 LANTAI DENGAN HOME LIFT DAN PRIVATE POOL,"BSD City, Tangerang",BSD City,Tangerang,-6.3007333,106.586126," Ac,  Keamanan,  Jogging Track, Kolam Renang,  Taman, CCTV, Jalur Telepon, Keamanan 24 jam, AC,  Kolam Renang,  CCTV, Track Lari, Taman,  Jalur Telepon",rumah,hos10858349,5.0,5.0,300.0,480.0,4.0,shm - sertifikat hak milik,16500 mah,2.0,2.0,3.0,0.0,2022.0,bagus sekali,utara,2.0,unfurnished,40.0,-6.30073,106.58613,1.6
https://www.rumah123.com/properti/tangerang/hos11241198/#qid~ede15eae-7f52-407b-9fe7-7bdc29376b6a,10100000000.0,Rumah Mewah 3 Lantai Di Kawasan Zora Bsd City,"BSD City, Tangerang",BSD City,Tangerang,-6.3007333,106.586126,"Keamanan 24 jam, AC,  Kolam Renang, Taman,  One Gate System,  Playground",rumah,,4.0,4.0,200.0,358.0,2.0,,7700 mah,0.0,0.0,,,,,,0.0,,50.5,-6.30073,106.58613,1.79
https://www.rumah123.com/properti/tangerang/hos11158999/#qid~38dbf9b9-7fc2-4646-bdd9-bab0cc8409ce,1020000000.0,Rumah Dg Swimming Pool di Vanya Park Bsd Tangerang,"BSD City, Tangerang",BSD City,Tangerang,-6.3007333,106.586126,"Kolam Renang,  Taman, Akses Parkir, Keamanan 24 jam, Track Lari,  Kolam Renang,  Tempat Laundry,  Playground",rumah,hos11158999,4.0,2.0,32.0,90.0,0.0,,2200 mah,0.0,0.0,3.0,5.0,2017.0,bagus,,0.0,unfurnished,31.875,-6.30073,106.58613,2.8125
https://www.rumah123.com/properti/tangerang/hos11215339/#qid~a504aed0-5c3c-4f5f-8339-d8321a12bffa,4000000000.0,TANYA TANYA RUMAH BARU INI YUK! RUMAH MEWAH 3 LANTAI SEBRANG MALL DAN SEKOLAH,"BSD City, Tangerang",BSD City,Tangerang,-6.3007333,106.586126," Taman, CCTV, Lapangan Tenis, Jogging Track, Tempat Jemuran, Jalur Telepon, Keamanan, Akses Parkir, Keamanan 24 jam, Wastafel,  CCTV, Track Lari,  Playground,  Kolam Renang,  One Gate System,  Jalur Telepon",rumah,hos11215339,4.0,4.0,128.0,183.0,2.0,shm - sertifikat hak milik,4400 mah,1.0,1.0,3.0,0.0,2022.0,bagus,selatan,0.0,unfurnished,31.25,-6.30073,106.58613,1.4296875
https://www.rumah123.com/properti/tangerang/hos11204904/#qid~f9356703-f3ad-4ea8-ae31-5dd51c017da6,7400000000.0,Hot Property Rumah Mewah Nava Park Lancewood Bsd City,"BSD City, Tangerang",BSD City,Tangerang,-6.3007333,106.586126," Taman, Akses Parkir, AC, Keamanan 24 jam, Track Lari, Taman",rumah,hos11204904,4.0,3.0,220.0,285.0,2.0,shm - sertifikat hak milik,lainnya mah,0.0,0.0,3.0,,,bagus,,2.0,furnished,33.63636363636363,-6.30073,106.58613,1.2954545454545454
https://www.rumah123.com/properti/tangerang/hos9909680/#qid~0d78ec8f-2f33-4d41-aaca-448f4c257d84,1250000000.0,Rumah Dekat Bsd di Serpong Park Bebas Banjir Harga All In Siap Kpr,"BSD City, Tangerang",BSD City,Tangerang,-6.3007333,106.586126,"Keamanan, Taman",rumah,hos9909680,3.0,2.0,90.0,65.0,1.0,shm - sertifikat hak milik,2200 mah,0.0,0.0,2.0,,,bagus,selatan,1.0,unfurnished,13.888888888888888,-6.30073,106.58613,0.7222222222222222
https://www.rumah123.com/properti/tangerang/hos10577743/#qid~061b8866-ab27-4e79-90a6-dbd1e834c9d9,1200000000.0,Rumah Strategis Dekat Bsd City Bebas Banjir Harga All In Kpr,"BSD City, Tangerang",BSD City,Tangerang,-6.3007333,106.586126,"Keamanan, Taman",rumah,hos10577743,2.0,2.0,72.0,71.0,1.0,shm - sertifikat hak milik,2200 mah,1.0,0.0,2.0,,,,,1.0,unfurnished,16.666666666666664,-6.30073,106.58613,0.9861111111111112
https://www.rumah123.com/properti/tangerang/hos10622610/#qid~061b8866-ab27-4e79-90a6-dbd1e834c9d9,3840000000.0,Rumah Modern Di Qb Townhouse Dekat Bsd Harga All In Siap Kpr,"BSD City, Tangerang",BSD City,Tangerang,-6.3007333,106.586126,"Keamanan, Taman",rumah,hos10622610,4.0,4.0,185.0,181.0,1.0,shm - sertifikat hak milik,4400 mah,1.0,0.0,2.0,,,bagus,,1.0,unfurnished,20.756756756756758,-6.30073,106.58613,0.9783783783783784
https://www.rumah123.com/properti/tangerang/hos10597226/#qid~08a37c61-fef2-482b-9e93-cc7c6038ff5a,2800000000.0,Rumah Seken Bebas Banjir Dekat Bsd Di Komplek Regensi Melati Mas Bisa Kpr,"BSD City, Tangerang",BSD City,Tangerang,-6.3007333,106.586126,"Keamanan, Taman",rumah,hos10597226,4.0,4.0,157.0,270.0,1.0,shm - sertifikat hak milik,4400 mah,0.0,0.0,2.0,,,bagus,,1.0,unfurnished,17.8343949044586,-6.30073,106.58613,1.7197452229299364
https://www.rumah123.com/properti/tangerang/hos3093792/#qid~08a37c61-fef2-482b-9e93-cc7c6038ff5a,1000000000.0,Rumah Mewah kualitas terbaik di serpong tangerang selatan,"BSD City, Tangerang",BSD City,Tangerang,-6.3007333,106.586126," Keamanan, CCTV, AC, Ac,  CCTV, Taman",rumah,hos3093792,3.0,3.0,63.0,83.0,2.0,shm - sertifikat hak milik,3300 mah,0.0,0.0,2.0,0.0,2022.0,baru,selatan,2.0,furnished,15.873015873015873,-6.30073,106.58613,1.3174603174603174
https://www.rumah123.com/properti/tangerang/hos9024612/#qid~08a37c61-fef2-482b-9e93-cc7c6038ff5a,1700000000.0,RUMAH FULL FURNISH MYZA COZMO BSD CITY,"BSD City, Tangerang",BSD City,Tangerang,-6.3007333,106.586126," Jogging Track, Keamanan, Track Lari, Taman",rumah,hos9024612,3.0,2.0,60.0,73.0,1.0,shm - sertifikat hak milik,2200 mah,0.0,0.0,2.0,0.0,2022.0,baru,selatan,0.0,furnished,28.333333333333332,-6.30073,106.58613,1.2166666666666666
https://www.rumah123.com/properti/tangerang/hos10046182/#qid~13a689e4-db18-4650-ac7a-bcfc871025dc,1300000000.0,RUMAH MILLENIAL SIAP HUNI! LOKASI STRATEGIS SI PUSAT BSD CITY DAN GADING SERPONG,"BSD City, Tangerang",BSD City,Tangerang,-6.3007333,106.586126," Ac,  Keamanan, CCTV,  Jogging Track,  Taman,  Pemanas Air, Tempat Jemuran, Jalur Telepon, Kitchen Set, Wastafel,  CCTV, Track Lari,  AC",rumah,hos10046182,2.0,1.0,48.0,45.0,1.0,shm - sertifikat hak milik,2200 mah,0.0,0.0,2.0,0.0,2022.0,bagus,selatan,1.0,furnished,27.083333333333332,-6.30073,106.58613,0.9375
https://www.rumah123.com/properti/tangerang/hos11084081/#qid~ebd7c4a9-0004-4192-a32e-36a5d90cf998,1800000000.0,"Rumah 2 Lantai Bagus Unfurnished di The Mozia Cluster Amarine , Bsd City , Tangerang","BSD City, Tangerang",BSD City,Tangerang,-6.3007333,106.586126," Taman, CCTV, Lapangan Bola, Lapangan Basket, Jalur Telepon, Akses Parkir,  Track Lari, Keamanan 24 jam, Wastafel,  CCTV, Taman,  One Gate System,  Playground",rumah,hos11084081,3.0,2.0,70.0,78.0,1.0,"lainnya (ppjb,girik,adat,dll)",2200 mah,0.0,0.0,2.0,6.0,2016.0,bagus,barat daya,1.0,unfurnished,25.71428571428571,-6.30073,106.58613,1.1142857142857143
https://www.rumah123.com/properti/tangerang/hos11076196/#qid~ebd7c4a9-0004-4192-a32e-36a5d90cf998,599000000.0,"Rumah 2 Lantai Baru di Serpong, Hanya 8 Menit Ke Stasiun","BSD City, Tangerang",BSD City,Tangerang,-6.3007333,106.586126," Akses Parkir, Masjid,  Taman, Lapangan Bola,  Tempat Gym, Lapangan Tenis, Tempat Jemuran, Jalur Telepon,  Kolam Ikan,  Lapangan Bulu Tangkis, Keamanan 24 jam, Wastafel,  CCTV,  Kolam Renang,  One Gate System,  Tempat Laundry,  Playground,  Lapangan Basket",rumah,hos11076196,3.0,2.0,70.0,50.0,1.0,shm - sertifikat hak milik,1300 mah,0.0,0.0,2.0,0.0,2022.0,baru,utara,2.0,unfurnished,8.557142857142857,-6.30073,106.58613,0.7142857142857143
https://www.rumah123.com/properti/tangerang/hos10121234/#qid~ee681e3d-c9e4-4718-ac4c-a651ac12aa71,3000000000.0,Di jual cepat ruko westpark bsd city,"BSD City, Tangerang",BSD City,Tangerang,-6.3007333,106.586126,"Keamanan, Taman",rumah,,,,72.0,120.0,0.0,"lainnya (ppjb,girik,adat,dll)",3300 mah,0.0,0.0,2.0,1.0,2021.0,,,0.0,,41.666666666666664,-6.30073,106.58613,1.6666666666666667
https://www.rumah123.com/properti/tangerang/hos10405093/#qid~2a385497-fa81-488b-950b-130d655fd22f,2150000000.0,"Rumah Industrial Minimalis, Modern Look di BSD","BSD City, Tangerang",BSD City,Tangerang,-6.3007333,106.586126," Taman, Keamanan, Masjid",rumah,hos10405093,3.0,2.0,98.0,130.0,1.0,shm - sertifikat hak milik,2200 mah,1.0,1.0,2.0,0.0,2022.0,baru,,0.0,unfurnished,21.93877551020408,-6.30073,106.58613,1.3265306122448979
https://www.rumah123.com/properti/tangerang/hos8179148/#qid~2a385497-fa81-488b-950b-130d655fd22f,8300000000.000001,Rumah mewah megah dalam cluster elite di BSD City,"BSD City, Tangerang",BSD City,Tangerang,-6.3007333,106.586126,"Taman, AC, Ac",rumah,hos8179148,5.0,4.0,480.0,400.0,0.0,shm - sertifikat hak milik,6600 mah,2.0,1.0,2.0,17.0,2005.0,bagus sekali,,3.0,semi furnished,17.291666666666668,-6.30073,106.58613,0.8333333333333334
https://www.rumah123.com/properti/tangerang/hos10953181/#qid~2a385497-fa81-488b-950b-130d655fd22f,5300000000.0,Rumah besar megah dekat lapangan golf BSD,"BSD City, Tangerang",BSD City,Tangerang,-6.3007333,106.586126," Ac,  Keamanan,  Jogging Track, Kolam Renang, Taman",rumah,hos10953181,4.0,3.0,402.0,450.0,2.0,shm - sertifikat hak milik,3500 mah,2.0,1.0,2.0,17.0,2005.0,bagus,,2.0,semi furnished,13.18407960199005,-6.30073,106.58613,1.1194029850746268
https://www.rumah123.com/properti/tangerang/hos10906577/#qid~2a385497-fa81-488b-950b-130d655fd22f,1450000000.0,Rumah Bsd Gres Baru Full Furnished Siap Huni Termurah 2.5 Lt Invensihaus R,"BSD City, Tangerang",BSD City,Tangerang,-6.3007333,106.586126," Jogging Track, Kolam Renang,  Taman, CCTV, Keamanan,  CCTV, Track Lari, Taman",rumah,hos10906577,3.0,2.0,50.0,68.0,1.0,shm - sertifikat hak milik,2200 mah,0.0,0.0,2.0,1.0,2021.0,baru,selatan,0.0,furnished,29.0,-6.30073,106.58613,1.36
https://www.rumah123.com/properti/tangerang/hos11199268/#qid~2a385497-fa81-488b-950b-130d655fd22f,4100000000.0,The Green BSD city 2 Lantai,"BSD City, Tangerang",BSD City,Tangerang,-6.3007333,106.586126," Keamanan, Tempat Jemuran, Kitchen Set, Ac, Wastafel, Taman,  AC",rumah,hos11199268,3.0,3.0,235.0,200.0,3.0,shm - sertifikat hak milik,3500 mah,1.0,1.0,2.0,,,sudah renovasi,,0.0,semi furnished,17.446808510638295,-6.30073,106.58613,0.851063829787234
https://www.rumah123.com/properti/tangerang/hos9295682/#qid~2a385497-fa81-488b-950b-130d655fd22f,1600000000.0,RUMAH 2 LANTAI PALING OKE! SUDAH DAPAT 4 KAMAR TIDUR DENGAN LOKASI DI PUSAT BSD CITY,"BSD City, Tangerang",BSD City,Tangerang,-6.3007333,106.586126,"CCTV,  Jogging Track,  Taman, Lapangan Bola, Jalur Telepon, Keamanan, Akses Parkir, Keamanan 24 jam,  Track Lari,  CCTV,  Playground, Taman,  One Gate System, Tempat Gym,  Jalur Telepon",rumah,hos9295682,4.0,2.0,60.0,78.0,2.0,shm - sertifikat hak milik,2200 mah,0.0,0.0,2.0,1.0,2021.0,bagus,selatan,0.0,unfurnished,26.666666666666668,-6.30073,106.58613,1.3
https://www.rumah123.com/properti/tangerang/hos11197431/#qid~2a385497-fa81-488b-950b-130d655fd22f,28000000000.0,Bsd Bukit Golf Terrace Luxurious Modern Tropical House,"BSD City, Tangerang",BSD City,Tangerang,-6.3007333,106.586126,"Kulkas,  Kitchen Set, Kolam Renang,  Taman,  Pemanas Air, Tempat Jemuran,  Kolam Ikan, Keamanan 24 jam, Wastafel, Taman,  One Gate System,  AC",rumah,hos11197431,5.0,4.0,801.0,1046.0,3.0,,7700 mah,2.0,1.0,3.0,1.0,2021.0,baru,timur,3.0,semi furnished,34.95630461922596,-6.30073,106.58613,1.3058676654182273
https://www.rumah123.com/properti/tangerang/hos11076716/#qid~5b190956-f493-4902-aeb9-31d93b66e3fd,3500000000.0,Rumah  Cepat Siap Huni Mozia Aure Bsd City,"BSD City, Tangerang",BSD City,Tangerang,-6.3007333,106.586126,"Track Lari, Taman, Keamanan 24 jam,  Playground",rumah,hos11076716,4.0,3.0,120.0,135.0,2.0,,lainnya mah,1.0,1.0,2.0,,,bagus,,0.0,,29.166666666666668,-6.30073,106.58613,1.125
https://www.rumah123.com/properti/tangerang/hos10516418/#qid~546937c2-86eb-4bb2-9f2b-b438ef599e9e,4990000000.0,Rumah 2 Lantai Bernuansa Pegunungan Eropa Di Cluster Exclusive Bsd City Tangerang,"BSD City, Tangerang",BSD City,Tangerang,-6.3007333,106.586126," Jogging Track, Taman, Ac,  Keamanan",rumah,hos10516418,3.0,2.0,300.0,175.0,1.0,shm - sertifikat hak milik,2200 mah,1.0,1.0,2.0,21.0,2001.0,bagus sekali,barat daya,1.0,semi furnished,16.633333333333333,-6.30073,106.58613,0.5833333333333334
https://www.rumah123.com/properti/tangerang/hos11162880/#qid~216dd44b-abd7-4b0f-9e70-fa95891557fb,1850000000.0,Mozia BSD Full Furnished,"BSD City, Tangerang",BSD City,Tangerang,-6.3007333,106.586126," Keamanan, Keamanan 24 jam, Ac, AC, Taman",rumah,hos11162880,3.0,2.0,70.0,78.0,1.0,,2200 mah,0.0,0.0,2.0,7.0,2015.0,bagus,utara,0.0,furnished,26.42857142857143,-6.30073,106.58613,1.1142857142857143
https://www.rumah123.com/properti/tangerang/hos11123138/#qid~edfca908-2a57-41da-a4c0-002d12d9b489,1580000000.0,"Rumah 1 lantai, sudah SHM dan sudah Renovasi di The Icon BSD","BSD City, Tangerang",BSD City,Tangerang,-6.3007333,106.586126," Jogging Track, Keamanan,  Taman, Ac",rumah,hos11123138,2.0,1.0,105.0,80.0,1.0,shm - sertifikat hak milik,4400 mah,1.0,1.0,1.0,,,sudah renovasi,,0.0,semi furnished,15.04761904761905,-6.30073,106.58613,0.7619047619047619
https://www.rumah123.com/properti/tangerang/hos11321036/#qid~edfca908-2a57-41da-a4c0-002d12d9b489,5000000000.0,"Rumah baru elegant dan luxury Rumah di The Icon,Cluster Cosmo-BSD City-Tangerang- Banten 2 Lantai SHM Baru Timur","BSD City, Tangerang",BSD City,Tangerang,-6.3007333,106.586126," Ac, Mesin Cuci,  Kitchen Set,  Lapangan Voli,  Jogging Track,  Taman, Lapangan Tenis,  Pemanas Air, Tempat Jemuran, Jalur Telepon, Lapangan Basket, Keamanan,  Lapangan Bulu Tangkis,  Track Lari, Wastafel,  AC",rumah,hos11321036,5.0,3.0,1884.0,500.0,4.0,shm - sertifikat hak milik,6600 mah,1.0,1.0,2.0,1.0,2021.0,baru,timur,2.0,unfurnished,2.6539278131634823,-6.30073,106.58613,0.2653927813163482
https://www.rumah123.com/properti/tangerang/hos9254306/#qid~b98b1bf5-2e6f-425f-8b71-f90661bf07bc,1000000000.0,Rumah Modern Minimalis Dekat Pintu Toll Bsd,"BSD City, Tangerang",BSD City,Tangerang,-6.3007333,106.586126," Keamanan, CCTV,  Taman,  Jogging Track, Keamanan 24 jam, Ac, AC, Track Lari, Taman",rumah,hos9254306,2.0,2.0,64.0,65.0,0.0,shm - sertifikat hak milik,2200 mah,0.0,0.0,2.0,0.0,2022.0,baru,timur,0.0,unfurnished,15.625,-6.30073,106.58613,1.015625
https://www.rumah123.com/properti/tangerang/hos7197388/#qid~b98b1bf5-2e6f-425f-8b71-f90661bf07bc,900000000.0,Rumah Minimalis 2 Lantai Dekat Stasiun dan Tol,"BSD City, Tangerang",BSD City,Tangerang,-6.3007333,106.586126,"CCTV, Ac,  Keamanan",rumah,hos7197388,2.0,2.0,53.0,60.0,2.0,shm - sertifikat hak milik,2200 mah,0.0,0.0,2.0,2.0,2020.0,baru,timur,0.0,unfurnished,16.9811320754717,-6.30073,106.58613,1.1320754716981132
https://www.rumah123.com/properti/tangerang/hos9182119/#qid~b98b1bf5-2e6f-425f-8b71-f90661bf07bc,9700000000.0,BELI RUMAH INI BISA TANPA DP LOHH! RUMAH SIAP HUNI CLUSTER CAELUS BSD CITY,"BSD City, Tangerang",BSD City,Tangerang,-6.3007333,106.586126," Keamanan,  Jogging Track, Kolam Renang,  Taman, CCTV, Jalur Telepon, Akses Parkir, Keamanan 24 jam,  Kolam Renang,  CCTV, Track Lari,  Playground, Taman,  One Gate System, Tempat Gym,  Tempat Laundry,  Jalur Telepon",rumah,hos9182119,4.0,3.0,372.0,250.0,3.0,shm - sertifikat hak milik,4400 mah,1.0,1.0,3.0,0.0,2022.0,bagus,selatan,3.0,unfurnished,26.0752688172043,-6.30073,106.58613,0.6720430107526881
https://www.rumah123.com/properti/tangerang/hos10879658/#qid~5e28f19c-b38e-4911-a769-d3042b2d7ea1,3100000000.0,Rumah Hook Lt 181 di Bsd City Ada Private Pool Dengan View Taman Full Furnished,"BSD City, Tangerang",BSD City,Tangerang,-6.3007333,106.586126," Taman, Jogging Track, Keamanan,  CCTV,  Kolam Renang,  AC,  Jalur Telepon",rumah,hos10879658,3.0,3.0,181.0,182.0,3.0,shm - sertifikat hak milik,4400 mah,1.0,1.0,2.0,1.0,2021.0,bagus sekali,timur,1.0,furnished,17.12707182320442,-6.30073,106.58613,1.0055248618784531
https://www.rumah123.com/properti/tangerang/hos10854088/#qid~5e28f19c-b38e-4911-a769-d3042b2d7ea1,9900000000.0,RUMAH LEBAR 10 HADAP TIMUR YANG JARANG ADA! ENCHANTE RESIDENCE @ BSD CITY,"BSD City, Tangerang",BSD City,Tangerang,-6.3007333,106.586126," Ac,  Jogging Track, Kolam Renang,  Taman, CCTV, Jalur Telepon, Taman, Keamanan, Keamanan 24 jam, AC,  CCTV, Track Lari,  Kolam Renang,  Jalur Telepon",rumah,hos10854088,5.0,5.0,220.0,398.0,2.0,shm - sertifikat hak milik,13900 mah,1.0,1.0,3.0,0.0,2022.0,bagus sekali,timur,1.0,semi furnished,45.0,-6.30073,106.58613,1.809090909090909
https://www.rumah123.com/properti/tangerang/hos11119770/#qid~5e28f19c-b38e-4911-a769-d3042b2d7ea1,4200000000.0,JAMINAN HARGA RUMAH PALING MURAH! RUMAH SIAP HUN,"BSD City, Tangerang",BSD City,Tangerang,-6.3007333,106.586126," Keamanan, CCTV,  Jogging Track,  Taman, Jalur Telepon",rumah,hos11119770,4.0,3.0,150.0,190.0,3.0,shm - sertifikat hak milik,2200 mah,1.0,1.0,2.0,1.0,2021.0,bagus sekali,utara,3.0,unfurnished,28.0,-6.30073,106.58613,1.2666666666666666
https://www.rumah123.com/properti/tangerang/hos11114930/#qid~fe216eb2-de17-43ed-ab54-fa3efa7fffc9,1700000000.0,KESEMPATAN !  RUMAH 3 LANTAI SIAP HUNI BSD CITY!,"BSD City, Tangerang",BSD City,Tangerang,-6.3007333,106.586126," Keamanan, Jogging Track,  CCTV, Taman,  Jalur Telepon",rumah,hos11114930,2.0,2.0,60.0,67.0,1.0,shm - sertifikat hak milik,2200 mah,0.0,0.0,2.0,0.0,2022.0,bagus sekali,utara,1.0,unfurnished,28.333333333333332,-6.30073,106.58613,1.1166666666666667
https://www.rumah123.com/properti/tangerang/hos10457093/#qid~fe216eb2-de17-43ed-ab54-fa3efa7fffc9,1490000000.0,Rumah Full Furnish Bergengsi di Pusat Kota BSD,"BSD City, Tangerang",BSD City,Tangerang,-6.3007333,106.586126," Keamanan, Ac,  Kolam Renang, Taman,  Jalur Telepon",rumah,hos10457093,3.0,2.0,50.0,70.0,1.0,shm - sertifikat hak milik,lainnya mah,0.0,0.0,2.0,,,baru,,1.0,furnished,29.8,-6.30073,106.58613,1.4
https://www.rumah123.com/properti/tangerang/hos10641640/#qid~fe216eb2-de17-43ed-ab54-fa3efa7fffc9,6700000000.0,The Green  Blossom Ville Bsd City Rumah Modern minimalis,"BSD City, Tangerang",BSD City,Tangerang,-6.3007333,106.586126,Ac,rumah,hos10641640,4.0,6.0,240.0,350.0,1.0,,4400 mah,1.0,1.0,2.0,12.0,2010.0,bagus,selatan,1.0,semi furnished,27.916666666666668,-6.30073,106.58613,1.4583333333333333
https://www.rumah123.com/properti/tangerang/hos9974977/#qid~fe216eb2-de17-43ed-ab54-fa3efa7fffc9,3300000000.0,Rumah BSD City di Gading Serpong,"BSD City, Tangerang",BSD City,Tangerang,-6.3007333,106.586126," Ac, Masjid,  Keamanan,  Jogging Track,  Taman, CCTV, Jalur Telepon, AC,  CCTV, Track Lari, Taman",rumah,hos9974977,3.0,3.0,225.0,120.0,1.0,shm - sertifikat hak milik,3300 mah,0.0,0.0,2.0,,,bagus,utara,1.0,semi furnished,14.666666666666666,-6.30073,106.58613,0.5333333333333333
https://www.rumah123.com/properti/tangerang/hos9070639/#qid~eaddfd9a-1be2-498e-a8c9-77196c3c7ef7,1300000000.0,RUMAH 3 LANTAI SIAP HUNI DI BSD CITY! PUNYA PRIVATE POOL!,"BSD City, Tangerang",BSD City,Tangerang,-6.3007333,106.586126," Keamanan, CCTV,  Taman, Kolam Renang, Jogging Track, Jalur Telepon, Taman, Keamanan 24 jam, Track Lari,  Kolam Renang,  Jalur Telepon",rumah,hos9070639,4.0,2.0,32.0,90.0,2.0,shm - sertifikat hak milik,2200 mah,0.0,0.0,3.0,2.0,2020.0,bagus,selatan,0.0,semi furnished,40.625,-6.30073,106.58613,2.8125
https://www.rumah123.com/properti/tangerang/hos10550606/#qid~eaddfd9a-1be2-498e-a8c9-77196c3c7ef7,3300000000.0,"Rumah 2 lantai hoek terdepan, cluster Verdant View, The Icon, BSD","BSD City, Tangerang",BSD City,Tangerang,-6.3007333,106.586126," Ac, Taman, Jogging Track,  Keamanan",rumah,hos10550606,3.0,3.0,237.0,143.0,2.0,shm - sertifikat hak milik,3500 mah,1.0,1.0,2.0,5.0,2017.0,bagus sekali,selatan,0.0,semi furnished,13.924050632911392,-6.30073,106.58613,0.6033755274261603
https://www.rumah123.com/properti/tangerang/hos10614205/#qid~eaddfd9a-1be2-498e-a8c9-77196c3c7ef7,2700000000.0,Rumah 2 Lantai Unfurnished Di Villa Melati Mas Bsd City,"BSD City, Tangerang",BSD City,Tangerang,-6.3007333,106.586126,"Keamanan, Masjid",rumah,hos10614205,5.0,4.0,206.0,280.0,0.0,shm - sertifikat hak milik,lainnya mah,0.0,0.0,2.0,,,bagus,barat,1.0,unfurnished,13.106796116504853,-6.30073,106.58613,1.3592233009708738
https://www.rumah123.com/properti/tangerang/hos11299478/#qid~c2e73bd9-4660-4555-8a1c-ea5a96ad72c9,800000000.0,Rumah 2 Lantai Cluster Dekat Perkantoran BSD AEON Mall Dan TOL,"BSD City, Tangerang",BSD City,Tangerang,-6.3007333,106.586126,"Keamanan, Taman",rumah,hos11299478,3.0,2.0,60.0,65.0,2.0,shm - sertifikat hak milik,2200 mah,0.0,0.0,2.0,0.0,2022.0,baru,selatan,0.0,unfurnished,13.333333333333334,-6.30073,106.58613,1.0833333333333333
https://www.rumah123.com/properti/tangerang/hos8879233/#qid~c2e73bd9-4660-4555-8a1c-ea5a96ad72c9,18500000000.0,Rumah mewah Lyndon Navapark BSD jarang ada,"BSD City, Tangerang",BSD City,Tangerang,-6.3007333,106.586126," Ac,  Jogging Track, Kolam Renang,  Taman, CCTV, Keamanan, AC,  CCTV, Track Lari, Taman",rumah,hos8879233,5.0,6.0,396.0,465.0,2.0,shm - sertifikat hak milik,13200 mah,2.0,1.0,3.0,1.0,2021.0,bagus sekali,utara,2.0,semi furnished,46.717171717171716,-6.30073,106.58613,1.1742424242424243
https://www.rumah123.com/properti/tangerang/hos8645574/#qid~c2e73bd9-4660-4555-8a1c-ea5a96ad72c9,35000000000.0,"NEGO SAMPE JADI, LYNDON Navapark BSD, Baru, Bagus, Mewah","BSD City, Tangerang",BSD City,Tangerang,-6.3007333,106.586126,Taman,rumah,hos8645574,5.0,5.0,665.0,601.0,0.0,shm - sertifikat hak milik,16500 mah,1.0,3.0,3.0,1.0,2021.0,,,2.0,unfurnished,52.63157894736842,-6.30073,106.58613,0.9037593984962407
https://www.rumah123.com/properti/tangerang/hos11212086/#qid~c2e73bd9-4660-4555-8a1c-ea5a96ad72c9,2500000000.0,Rumah Hook di Vanya Park Cluster Askara House Bsd City Tangerang,"BSD City, Tangerang",BSD City,Tangerang,-6.3007333,106.586126," Keamanan, Jogging Track, Kolam Ikan, Track Lari, Taman",rumah,hos11212086,3.0,3.0,98.0,88.0,1.0,shm - sertifikat hak milik,2200 mah,0.0,0.0,2.0,5.0,2017.0,bagus,utara,0.0,semi furnished,25.51020408163265,-6.30073,106.58613,0.8979591836734694
https://www.rumah123.com/properti/tangerang/hos11083524/#qid~edcaf871-2645-4a99-a2b9-e18cdbb3a3d3,2190000000.0,Rumah Baru Furnished 2 Lantai Tanpa DP Svasti Tanakayu BSD Tangerang,"BSD City, Tangerang",BSD City,Tangerang,-6.3007333,106.586126," Ac,  Keamanan, CCTV,  Jogging Track,  Taman, Jalur Telepon,  Kolam Renang",rumah,hos11083524,3.0,3.0,66.0,86.0,1.0,,2200 mah,0.0,0.0,2.0,0.0,2022.0,baru,timur laut,0.0,furnished,33.18181818181819,-6.30073,106.58613,1.303030303030303
https://www.rumah123.com/properti/tangerang/hos11365274/#qid~4a471456-6b5f-40ba-acb4-00890e0f6e73,5080000000.0,"Unit Batalan Rumah Corner Type 8 Quantis Signature Bsd, Siapa Cepat Pasti Dapat","BSD City, Tangerang",BSD City,Tangerang,-6.3007333,106.586126,"Kolam Renang,  Taman, CCTV,  Tempat Gym, Lapangan Basket, Lapangan Bulu Tangkis, Jalur Telepon, Taman,  Track Lari, Keamanan 24 jam, Wastafel,  CCTV,  Kolam Renang,  Playground",rumah,hos11365274,4.0,4.0,153.0,147.0,2.0,"lainnya (ppjb,girik,adat,dll)",4400 mah,1.0,1.0,2.0,0.0,2022.0,baru,utara,0.0,unfurnished,33.20261437908497,-6.30073,106.58613,0.9607843137254902
https://www.rumah123.com/properti/tangerang/hos11365136/#qid~64b63570-5d79-426f-a823-b543b94792fa,1900000000.0,Dijual Rumah Neo Catalonia bsd tangerang. Baru,"BSD City, Tangerang",BSD City,Tangerang,-6.3007333,106.586126,"Keamanan, Kitchen Set, Taman",rumah,hos11365136,3.0,2.0,98.0,100.0,1.0,shm - sertifikat hak milik,2200 mah,1.0,1.0,2.0,0.0,2022.0,baru,,0.0,semi furnished,19.387755102040817,-6.30073,106.58613,1.0204081632653061
https://www.rumah123.com/properti/tangerang/hos11365123/#qid~64b63570-5d79-426f-a823-b543b94792fa,2600000000.0,Rumah Hoek Manis di Nusa Loka Sektor 14.5 BSD City,"BSD City, Tangerang",BSD City,Tangerang,-6.3007333,106.586126," Jogging Track, Jalur Telepon, Keamanan, Keamanan 24 jam, Track Lari, Taman,  Jalur Telepon",rumah,hos11365123,4.0,3.0,136.0,180.0,2.0,shm - sertifikat hak milik,2200 mah,1.0,1.0,2.0,0.0,2022.0,baru,,0.0,semi furnished,19.11764705882353,-6.30073,106.58613,1.3235294117647058
https://www.rumah123.com/properti/tangerang/hos11365118/#qid~64b63570-5d79-426f-a823-b543b94792fa,1200000000.0,Rumah Murah Butuh Renovasi di Nusa Loka BSD City,"BSD City, Tangerang",BSD City,Tangerang,-6.3007333,106.586126," Keamanan,  Jogging Track, Jalur Telepon, Track Lari, Taman",rumah,hos11365118,3.0,2.0,112.0,80.0,1.0,shm - sertifikat hak milik,2200 mah,0.0,0.0,1.0,2.0,2020.0,butuh renovasi,,0.0,unfurnished,10.714285714285715,-6.30073,106.58613,0.7142857142857143
https://www.rumah123.com/properti/tangerang/hos11364869/#qid~5af0d35a-cace-4bbc-a4a3-8aa0df819f63,1400000000.0,Rumah Minimalis 2 Lantai Furnished Siap Huni di Fleek Hauz BSD,"BSD City, Tangerang",BSD City,Tangerang,-6.3007333,106.586126," Keamanan,  Taman,  Jogging Track, Jalur Telepon, Akses Parkir, Kitchen Set, Keamanan 24 jam, Ac, Wastafel,  CCTV, Track Lari, Taman,  One Gate System,  AC,  Tempat Laundry,  Playground",rumah,hos11364869,2.0,2.0,60.0,45.0,0.0,"lainnya (ppjb,girik,adat,dll)",2200 mah,0.0,0.0,2.0,1.0,2021.0,bagus,utara,2.0,furnished,23.333333333333332,-6.30073,106.58613,0.75
https://www.rumah123.com/properti/tangerang/hos11364633/#qid~5a97d358-f8f9-4355-937e-63e95dd53130,7000000000.0,Rumah Megah Luas Siaphuni di Puspita Loka BSD City,"BSD City, Tangerang",BSD City,Tangerang,-6.3007333,106.586126," Taman, Jogging Track, Jalur Telepon, Keamanan, Track Lari, Taman,  Jalur Telepon",rumah,hos11364633,6.0,4.0,335.0,240.0,2.0,shm - sertifikat hak milik,3300 mah,0.0,0.0,2.0,2.0,2020.0,bagus,,0.0,furnished,20.895522388059703,-6.30073,106.58613,0.7164179104477612
https://www.rumah123.com/properti/tangerang/hos11364623/#qid~5a97d358-f8f9-4355-937e-63e95dd53130,5000000000.0,Rumah Megah Luas di Taman Giri Loka BSD City,"BSD City, Tangerang",BSD City,Tangerang,-6.3007333,106.586126," Keamanan,  Jogging Track, Jalur Telepon, Keamanan 24 jam, Track Lari, Taman",rumah,hos11364623,5.0,4.0,241.0,200.0,2.0,shm - sertifikat hak milik,3500 mah,0.0,0.0,2.0,2.0,2020.0,bagus,,0.0,furnished,20.746887966804977,-6.30073,106.58613,0.8298755186721992
https://www.rumah123.com/properti/tangerang/hos11364586/#qid~5a97d358-f8f9-4355-937e-63e95dd53130,3500000000.0,Rumah Baru Modern di Eminent Precia BSD City,"BSD City, Tangerang",BSD City,Tangerang,-6.3007333,106.586126," Keamanan,  Jogging Track, Jalur Telepon, Track Lari, Taman",rumah,hos11364586,4.0,4.0,135.0,171.0,2.0,"lainnya (ppjb,girik,adat,dll)",2200 mah,0.0,0.0,2.0,3.0,2019.0,bagus,,0.0,unfurnished,25.925925925925924,-6.30073,106.58613,1.2666666666666666
https://www.rumah123.com/properti/tangerang/hos11364332/#qid~de3482b1-2665-4625-8388-e73221c6121f,2100000000.0,Rumah BrandNew di Griya Loka BSD City,"BSD City, Tangerang",BSD City,Tangerang,-6.3007333,106.586126,"Keamanan, Keamanan 24 jam, Taman",rumah,hos11364332,3.0,3.0,107.0,130.0,1.0,shm - sertifikat hak milik,2200 mah,1.0,1.0,2.0,0.0,2022.0,baru,,0.0,unfurnished,19.626168224299064,-6.30073,106.58613,1.2149532710280373
https://www.rumah123.com/properti/tangerang/hos11354739/#qid~7724b384-c2e7-421e-85bb-1b5687e654d1,1750000000.0,Rumah cantik kondisi baru plus club house di golden park,"BSD City, Tangerang",BSD City,Tangerang,-6.3007333,106.586126,keamanan 24 jam,rumah,hos11354739,3.0,2.0,90.0,68.0,0.0,shm - sertifikat hak milik,lainnya mah,1.0,1.0,2.0,2.0,2020.0,unfurnished,,0.0,baru,19.444444444444443,-6.30073,106.58613,0.7555555555555555
https://www.rumah123.com/properti/tangerang/hos11362376/#qid~9b7c3e11-2c18-4559-a637-16b29b361aad,785000000.0,Rumah Elit Harga irit Include Biaya Biaya Surat Lokasi Strategis,"BSD City, Tangerang",BSD City,Tangerang,-6.3007333,106.586126,"Masjid,  Keamanan,  Taman, Jogging Track, Tempat Jemuran, Jalur Telepon, Track Lari,  Jalur Telepon",rumah,hos11362376,3.0,2.0,85.0,60.0,0.0,shm - sertifikat hak milik,1300 mah,0.0,0.0,2.0,0.0,2022.0,baru,utara,0.0,unfurnished,9.23529411764706,-6.30073,106.58613,0.7058823529411765
https://www.rumah123.com/properti/tangerang/hos11362271/#qid~9b7c3e11-2c18-4559-a637-16b29b361aad,888000000.0,Cluster Toscana Parkville Serpong 10 Juta All In,"BSD City, Tangerang",BSD City,Tangerang,-6.3007333,106.586126," Jogging Track, Kolam Renang, Jalur Telepon, Keamanan, Keamanan 24 jam, Track Lari,  Kolam Renang,  One Gate System, Tempat Gym,  Playground",rumah,hos11362271,3.0,2.0,60.0,66.0,1.0,shm - sertifikat hak milik,2200 mah,0.0,0.0,1.0,0.0,2022.0,baru,,1.0,unfurnished,14.8,-6.30073,106.58613,1.1
https://www.rumah123.com/properti/tangerang/hos11361993/#qid~9b7c3e11-2c18-4559-a637-16b29b361aad,10000000000.0,Dijual rumah mewah siap huni di Bukit Golf Fontaine Bleau BSD City,"BSD City, Tangerang",BSD City,Tangerang,-6.3007333,106.586126," Lapangan Voli, Lapangan Basket, Lapangan Bulu Tangkis, Keamanan, Taman",rumah,hos11361993,5.0,4.0,435.0,438.0,2.0,shm - sertifikat hak milik,3500 mah,1.0,1.0,2.0,,,bagus,barat,2.0,unfurnished,22.98850574712644,-6.30073,106.58613,1.006896551724138
https://www.rumah123.com/properti/tangerang/hos11361464/#qid~9b7c3e11-2c18-4559-a637-16b29b361aad,1750000000.0,"Rumah 2 Lantai di Vanya Park BSD city, bagus banget dan cantik -YL","BSD City, Tangerang",BSD City,Tangerang,-6.3007333,106.586126," Taman,  Tempat Gym, Lapangan Tenis, Lapangan Basket,  Lapangan Bulu Tangkis, Keamanan, Akses Parkir, Keamanan 24 jam,  Kolam Renang,  CCTV, Wastafel, Taman,  One Gate System,  Playground",rumah,hos11361464,3.0,2.0,77.0,85.0,0.0,"lainnya (ppjb,girik,adat,dll)",2200 mah,0.0,0.0,2.0,2.0,2020.0,bagus,,0.0,unfurnished,22.727272727272727,-6.30073,106.58613,1.103896103896104
https://www.rumah123.com/properti/tangerang/hos11360737/#qid~c984c56a-bc1e-499a-afc7-2d459a55dd65,8250000000.0,Rumah 3 Lantai Jual Murah,"BSD City, Tangerang",BSD City,Tangerang,-6.3007333,106.586126,Kitchen Set,rumah,hos11360737,4.0,4.0,450.0,750.0,0.0,shm - sertifikat hak milik,6600 mah,2.0,1.0,3.0,,,bagus,,0.0,unfurnished,18.333333333333332,-6.30073,106.58613,1.6666666666666667
https://www.rumah123.com/properti/tangerang/hos11360407/#qid~c984c56a-bc1e-499a-afc7-2d459a55dd65,10700000000.0,Rumah Mewah Terbaru Siap Huni Tanpa Dp Caelus Greenwich Park Bsd,"BSD City, Tangerang",BSD City,Tangerang,-6.3007333,106.586126,"Lapangan Bola,  Pemanas Air, Tempat Jemuran, Lapangan Bulu Tangkis, Kitchen Set, Keamanan 24 jam, Wastafel,  CCTV, Taman,  One Gate System,  AC",rumah,hos11360407,4.0,4.0,396.0,250.0,0.0,"lainnya (ppjb,girik,adat,dll)",4400 mah,1.0,1.0,2.0,0.0,2022.0,baru,,0.0,semi furnished,27.02020202020202,-6.30073,106.58613,0.6313131313131313
https://www.rumah123.com/properti/tangerang/hos11359674/#qid~0d9492e8-7326-465d-85ee-e54559fedc26,1650000000.0,"Rumah langka siap huni termurah, Cluster Avezza The Mozia BSD City","BSD City, Tangerang",BSD City,Tangerang,-6.3007333,106.586126," Jogging Track,  Taman, Tempat Jemuran, Jalur Telepon, Keamanan, Track Lari, Tempat Gym",rumah,hos11359674,2.0,2.0,60.0,73.0,1.0,"lainnya (ppjb,girik,adat,dll)",2200 mah,0.0,0.0,2.0,2.0,2020.0,bagus,timur,0.0,unfurnished,27.5,-6.30073,106.58613,1.2166666666666666
https://www.rumah123.com/properti/tangerang/hos11359621/#qid~0d9492e8-7326-465d-85ee-e54559fedc26,2500000000.0,"Rumah 2 Lantai bagus di Eastern Cosmo BSD, Bagus, Cantik - YL","BSD City, Tangerang",BSD City,Tangerang,-6.3007333,106.586126," Keamanan,  Jogging Track, Kolam Renang, Lapangan Bola,  Tempat Gym, Lapangan Tenis,  Track Lari, Taman,  Lapangan Basket",rumah,hos11359621,3.0,4.0,96.0,138.0,0.0,shm - sertifikat hak milik,3300 mah,1.0,1.0,2.0,2.0,2020.0,bagus,,0.0,unfurnished,26.041666666666668,-6.30073,106.58613,1.4375
https://www.rumah123.com/properti/tangerang/hos10134916/#qid~b392b0bd-5b99-4d52-8dad-2ca03ede62f2,6900000000.0,RUMAH MEWAH BANGETT MODERN CLASSIC MATERIAL BERMUTU DIKELILINGI FASILITAS TOP,"BSD The Icon, Tangerang",BSD The Icon,Tangerang,-6.3147526,106.6454227,"Masjid,  Jogging Track,  Taman, Keamanan,  CCTV,  Jalur Telepon",rumah,hos10134916,4.0,3.0,224.0,350.0,2.0,shm - sertifikat hak milik,7700 mah,1.0,1.0,3.0,0.0,2022.0,bagus sekali,selatan,0.0,semi furnished,30.80357142857143,-6.31475,106.64542,1.5625
https://www.rumah123.com/properti/tangerang/hos11118843/#qid~edfca908-2a57-41da-a4c0-002d12d9b489,1580000000.0,Rumah Bagus satu lantai Semi Furnished di Bsd the icon,"BSD The Icon, Tangerang",BSD The Icon,Tangerang,-6.3147526,106.6454227," Keamanan,  Jogging Track,  Masjid, Ac,  Kolam Renang, Taman",rumah,hos11118843,2.0,1.0,105.0,80.0,1.0,shm - sertifikat hak milik,2200 mah,1.0,1.0,1.0,,,bagus,,0.0,semi furnished,15.04761904761905,-6.31475,106.64542,0.7619047619047619
https://www.rumah123.com/properti/tangerang/hos10773553/#qid~fe216eb2-de17-43ed-ab54-fa3efa7fffc9,7200000000.0,"Rumah Mewah Dijual di Bsd City, Tangerang, Banten","BSD The Icon, Tangerang",BSD The Icon,Tangerang,-6.3147526,106.6454227,CCTV,rumah,hos10773553,4.0,4.0,224.0,350.0,2.0,shm - sertifikat hak milik,3500 mah,1.0,1.0,3.0,0.0,2022.0,baru,selatan,0.0,,32.14285714285714,-6.31475,106.64542,1.5625
https://www.rumah123.com/properti/tangerang/hos10483336/#qid~827b7638-d6db-433a-a26f-fb56af20e143,4500000000.0,Rumah 2 Lantai Baru Di The Icon Bsd City,"BSD The Icon, Tangerang",BSD The Icon,Tangerang,-6.3147526,106.6454227,"Keamanan, Taman",rumah,hos10483336,4.0,3.0,187.0,220.0,0.0,shm - sertifikat hak milik,lainnya mah,1.0,1.0,2.0,,,baru,,0.0,,24.064171122994654,-6.31475,106.64542,1.1764705882352942
https://www.rumah123.com/properti/tangerang/hos10739938/#qid~827b7638-d6db-433a-a26f-fb56af20e143,7200000000.0,"Rumah Dijual di The Icon Bsd City, Tangerang, Banten","BSD The Icon, Tangerang",BSD The Icon,Tangerang,-6.3147526,106.6454227,"Keamanan, Keamanan 24 jam, Taman",rumah,hos10739938,4.0,4.0,247.0,360.0,1.0,shm - sertifikat hak milik,2200 mah,1.0,1.0,2.0,,,baru,,0.0,,29.1497975708502,-6.31475,106.64542,1.45748987854251
https://www.rumah123.com/properti/tangerang/hos10356194/#qid~827b7638-d6db-433a-a26f-fb56af20e143,2100000000.0,Rumah di Ext Cosmo The Icon Bsd,"BSD The Icon, Tangerang",BSD The Icon,Tangerang,-6.3147526,106.6454227,"Keamanan, Taman",rumah,hos10356194,3.0,2.0,119.0,79.0,1.0,,2200 mah,0.0,0.0,2.0,,,bagus,,0.0,unfurnished,17.64705882352941,-6.31475,106.64542,0.6638655462184874
https://www.rumah123.com/properti/tangerang/hos6592955/#qid~c2e73bd9-4660-4555-8a1c-ea5a96ad72c9,3700000000.0,Rumah asri nyaman siap huni jarang ada di Ritzone Icon BSD,"BSD The Icon, Tangerang",BSD The Icon,Tangerang,-6.3147526,106.6454227," Jogging Track, Keamanan, Keamanan 24 jam,  Kolam Renang, Track Lari, Taman",rumah,hos6592955,3.0,3.0,200.0,175.0,1.0,shm - sertifikat hak milik,2200 mah,1.0,1.0,2.0,10.0,2012.0,bagus,utara,1.0,unfurnished,18.5,-6.31475,106.64542,0.875
https://www.rumah123.com/properti/tangerang/hos11364567/#qid~5a97d358-f8f9-4355-937e-63e95dd53130,2400000000.0,Rumah 2 Lantai Icon Bsd City,"BSD The Icon, Tangerang",BSD The Icon,Tangerang,-6.3147526,106.6454227,"Tempat Jemuran, Kitchen Set, Keamanan 24 jam, Wastafel, Track Lari, Taman,  One Gate System,  Playground",rumah,hos11364567,3.0,3.0,128.0,100.0,0.0,shm - sertifikat hak milik,2200 mah,1.0,1.0,2.0,,,bagus,,0.0,unfurnished,18.75,-6.31475,106.64542,0.78125
https://www.rumah123.com/properti/tangerang/hos11089057/#qid~b392b0bd-5b99-4d52-8dad-2ca03ede62f2,3500000000.0,Sevilla Bsd Rumah Full Renov Rapih Semi Furnished Sudah Ganti Keramik Plus Ac Dan Water Heater,"BSD Kencana Loka, Tangerang",BSD Kencana Loka,Tangerang,-6.3132214,106.6534347,"Masjid,  Taman, Lapangan Tenis, Tempat Jemuran, Jalur Telepon, Kitchen Set, Keamanan 24 jam, AC, Track Lari,  Akses Parkir,  One Gate System,  Playground",rumah,hos11089057,3.0,3.0,144.0,180.0,1.0,shm - sertifikat hak milik,4400 mah,1.0,1.0,2.0,13.0,2009.0,sudah renovasi,selatan,0.0,semi furnished,24.305555555555557,-6.31322,106.65343,1.25
https://www.rumah123.com/properti/tangerang/hos8806457/#qid~216dd44b-abd7-4b0f-9e70-fa95891557fb,2200000000.0,Rumah Cantik Minimalis BSD,"BSD Kencana Loka, Tangerang",BSD Kencana Loka,Tangerang,-6.3132214,106.6534347," Ac, Masjid,  Keamanan,  Jogging Track,  Taman, Jalur Telepon, Keamanan 24 jam,  Masjid, AC, Track Lari, Taman",rumah,hos8806457,3.0,2.0,188.0,195.0,1.0,shm - sertifikat hak milik,3500 mah,1.0,1.0,2.0,7.0,2015.0,bagus sekali,timur,1.0,semi furnished,11.702127659574467,-6.31322,106.65343,1.0372340425531914
https://www.rumah123.com/properti/tangerang/hos11244443/#qid~827b7638-d6db-433a-a26f-fb56af20e143,4800000000.0,Di  Rumah Usaha Di Kencana Loka Bsd,"BSD Kencana Loka, Tangerang",BSD Kencana Loka,Tangerang,-6.3132214,106.6534347,Keamanan 24 jam,rumah,hos11244443,5.0,5.0,300.0,400.0,1.0,shm - sertifikat hak milik,lainnya mah,0.0,0.0,2.0,,,bagus,,0.0,,16.0,-6.31322,106.65343,1.3333333333333333
https://www.rumah123.com/properti/tangerang/hos11200887/#qid~aaf6d5ee-73c3-49d9-a253-e0f4fd1e2817,2900000000.0,"Rumah Bagus, Rapih Terawat Di Kencana Loka Bsd City","BSD Kencana Loka, Tangerang",BSD Kencana Loka,Tangerang,-6.3132214,106.6534347,"Jalur Telepon, Taman, AC",rumah,hos11200887,6.0,4.0,200.0,290.0,1.0,shm - sertifikat hak milik,3500 mah,0.0,0.0,2.0,,,bagus,,0.0,,14.5,-6.31322,106.65343,1.45
https://www.rumah123.com/properti/tangerang/hos11364964/#qid~5af0d35a-cace-4bbc-a4a3-8aa0df819f63,1300000000.0,Rumah Baru Minimalis Modern Siap Huni di Bsd City,"BSD Kencana Loka, Tangerang",BSD Kencana Loka,Tangerang,-6.3132214,106.6534347,"Playground,  Taman, Tempat Jemuran, Jalur Telepon, Kitchen Set, Wastafel, Track Lari, Taman,  AC",rumah,hos11364964,3.0,1.0,84.0,70.0,1.0,shm - sertifikat hak milik,2200 mah,0.0,0.0,1.0,,,bagus,,0.0,semi furnished,15.476190476190476,-6.31322,106.65343,0.8333333333333334
https://www.rumah123.com/properti/tangerang/hos11363503/#qid~7abe792b-a7f3-4c78-9517-85af54405a53,2950000000.0,"Rumah di Bsd, Kencana Loka, Uk 150 M2. Bsd, Tangerang.","BSD Kencana Loka, Tangerang",BSD Kencana Loka,Tangerang,-6.3132214,106.6534347,"Taman, Tempat Jemuran",rumah,hos11363503,3.0,3.0,150.0,230.0,1.0,shm - sertifikat hak milik,3500 mah,1.0,1.0,1.0,,,,,1.0,,19.666666666666668,-6.31322,106.65343,1.5333333333333334
https://www.rumah123.com/properti/tangerang/hos11361995/#qid~9b7c3e11-2c18-4559-a637-16b29b361aad,1500000000.0,"BU, JUAL CEPET RUMAH SEVILLA PARK, 2 LANTAI DAN FURNISH COSTUM, SIAP HUNI, BERIKUT FURNISH","BSD Kencana Loka, Tangerang",BSD Kencana Loka,Tangerang,-6.3132214,106.6534347,"Track Lari, Taman, Jogging Track,  Keamanan",rumah,hos11361995,2.0,2.0,72.0,80.0,1.0,"lainnya (ppjb,girik,adat,dll)",2200 mah,0.0,0.0,2.0,5.0,2017.0,bagus,,0.0,semi furnished,20.833333333333332,-6.31322,106.65343,1.1111111111111112
https://www.rumah123.com/properti/tangerang/hos11212009/#qid~b392b0bd-5b99-4d52-8dad-2ca03ede62f2,3200000000.0,Rumah Terawat 4 Kamar Tidur Area Cluster Banyak Taman Bermain Rapih Harga Nego,"BSD Delatinos, Tangerang",BSD Delatinos,Tangerang,-6.3218075,106.6720399,"Masjid,  Taman, Tempat Jemuran, Jalur Telepon, Kitchen Set, Keamanan 24 jam,  CCTV, Track Lari,  One Gate System,  Playground",rumah,hos11212009,4.0,2.0,160.0,180.0,2.0,shm - sertifikat hak milik,3500 mah,2.0,1.0,2.0,13.0,2009.0,sudah renovasi,utara,0.0,semi furnished,20.0,-6.32181,106.67204,1.125
https://www.rumah123.com/properti/tangerang/hos10452745/#qid~031d407f-8703-4950-9c55-5101f432d482,11500000000.0,Rumah Mewah 2 Lantai  di Lokasi Strategis di Carribbean Island De Latinos Bsd Serpong Tang Sel,"BSD Delatinos, Tangerang",BSD Delatinos,Tangerang,-6.3218075,106.6720399," Ac,  Taman, Jogging Track, Keamanan,  Masjid,  CCTV,  Kolam Renang,  Jalur Telepon",rumah,hos10452745,8.0,5.0,426.0,653.0,1.0,shm - sertifikat hak milik,10600 mah,1.0,1.0,3.0,6.0,2016.0,sudah renovasi,utara,1.0,furnished,26.995305164319248,-6.32181,106.67204,1.5328638497652582
https://www.rumah123.com/properti/tangerang/hos11277403/#qid~827b7638-d6db-433a-a26f-fb56af20e143,2850000000.0,Di  Rumah Bagus Di De Latinos Bsd,"BSD Delatinos, Tangerang",BSD Delatinos,Tangerang,-6.3218075,106.6720399,Keamanan 24 jam,rumah,hos11277403,5.0,4.0,162.0,120.0,1.0,shm - sertifikat hak milik,2200 mah,1.0,1.0,2.0,,,bagus,,0.0,,17.59259259259259,-6.32181,106.67204,0.7407407407407407
https://www.rumah123.com/properti/tangerang/hos11266737/#qid~827b7638-d6db-433a-a26f-fb56af20e143,2990000000.0,Di  Rumah Murah Di De Latinos Bsd,"BSD Delatinos, Tangerang",BSD Delatinos,Tangerang,-6.3218075,106.6720399,Keamanan 24 jam,rumah,hos11266737,4.0,3.0,144.0,250.0,1.0,shm - sertifikat hak milik,2200 mah,0.0,0.0,2.0,,,bagus,,0.0,,20.76388888888889,-6.32181,106.67204,1.7361111111111112
https://www.rumah123.com/properti/tangerang/hos9714245/#qid~827b7638-d6db-433a-a26f-fb56af20e143,3300000000.0,Rumah De Latinos BSD City,"BSD Delatinos, Tangerang",BSD Delatinos,Tangerang,-6.3218075,106.6720399,"Keamanan, AC",rumah,hos9714245,4.0,1.0,176.0,290.0,0.0,shm - sertifikat hak milik,4400 mah,1.0,1.0,2.0,4.0,2018.0,bagus,,1.0,semi furnished,18.75,-6.32181,106.67204,1.6477272727272727
https://www.rumah123.com/properti/tangerang/hos10344907/#qid~4a471456-6b5f-40ba-acb4-00890e0f6e73,2000000000.0,Dijual Rumah di Delatinos-Buenos Park BSD,"BSD Delatinos, Tangerang",BSD Delatinos,Tangerang,-6.3218075,106.6720399," Ac,  Jogging Track,  Taman, Tempat Jemuran, Jalur Telepon, Keamanan, AC,  Masjid, Wastafel,  CCTV, Track Lari",rumah,hos10344907,2.0,2.0,96.0,100.0,1.0,"lainnya (ppjb,girik,adat,dll)",2200 mah,0.0,0.0,2.0,3.0,2019.0,bagus,selatan,0.0,unfurnished,20.833333333333332,-6.32181,106.67204,1.0416666666666667
https://www.rumah123.com/properti/tangerang/hos11365252/#qid~4a471456-6b5f-40ba-acb4-00890e0f6e73,3750000000.0,Rumah Bagus  3 Lantai di Delatinos BSD Tangerang,"BSD Delatinos, Tangerang",BSD Delatinos,Tangerang,-6.3218075,106.6720399," Keamanan,  Jogging Track, AC, Ac, Track Lari,  Kolam Renang, Taman",rumah,hos11365252,4.0,4.0,163.0,278.0,2.0,shm - sertifikat hak milik,3500 mah,1.0,1.0,3.0,,,bagus,selatan,0.0,semi furnished,23.006134969325156,-6.32181,106.67204,1.705521472392638
https://www.rumah123.com/properti/tangerang/hos11365111/#qid~64b63570-5d79-426f-a823-b543b94792fa,14000000000.0,Dijual Rumah Mewah 3 Lantai Siap Huni di Cluster Lavintage,"BSD Delatinos, Tangerang",BSD Delatinos,Tangerang,-6.3218075,106.6720399," Ac,  Keamanan,  Jogging Track, Kolam Renang,  Taman, Jalur Telepon, Keamanan 24 jam, AC,  Kolam Renang, Track Lari, Taman,  Jalur Telepon",rumah,hos11365111,6.0,6.0,399.0,725.0,2.0,shm - sertifikat hak milik,lainnya mah,2.0,1.0,3.0,,,bagus,,1.0,semi furnished,35.08771929824562,-6.32181,106.67204,1.8170426065162908
https://www.rumah123.com/properti/tangerang/hos11365017/#qid~5af0d35a-cace-4bbc-a4a3-8aa0df819f63,2790000000.0,Rumah Sudah Renov di Delatinos Bsd,"BSD Delatinos, Tangerang",BSD Delatinos,Tangerang,-6.3218075,106.6720399,"Wastafel, Taman,  Track Lari, Keamanan 24 jam,  CCTV,  Akses Parkir,  Lapangan Voli, Lapangan Tenis, Kitchen Set,  Playground, Masjid,  Taman, Lapangan Bola,  Tempat Gym, Tempat Jemuran,  Lapangan Bulu Tangkis,  Kolam Renang,  One Gate System,  Tempat Laundry,  Lapangan Basket",rumah,hos11365017,,,144.0,275.0,2.0,shm - sertifikat hak milik,2200 mah,0.0,0.0,1.0,5.0,2017.0,sudah renovasi,,0.0,semi furnished,19.375,-6.32181,106.67204,1.9097222222222223
https://www.rumah123.com/properti/tangerang/hos11011955/#qid~b392b0bd-5b99-4d52-8dad-2ca03ede62f2,2500000000.0,"Rumah di Belle Fleur, Citra Raya Tangerang","Cikupa Citra Raya, Tangerang",Cikupa Citra Raya,Tangerang,-6.2452287,106.5037491,"Taman, Ac,  Keamanan",rumah,hos11011955,3.0,3.0,160.0,200.0,0.0,shm - sertifikat hak milik,5500 mah,0.0,0.0,2.0,,,bagus sekali,,0.0,semi furnished,15.625,-6.24523,106.50375,1.25
https://www.rumah123.com/properti/tangerang/hos10332898/#qid~844e8917-3043-4da9-8cd5-4d6a7c0281f3,850000000.0,rumah siap huni di citra raya Cikupa cluster garden ville,"Cikupa Citra Raya, Tangerang",Cikupa Citra Raya,Tangerang,-6.2452287,106.5037491," Keamanan,  Jogging Track, Kolam Renang, Keamanan 24 jam,  Kolam Renang, Track Lari, Taman",rumah,hos10332898,3.0,2.0,90.0,66.0,2.0,shm - sertifikat hak milik,2200 mah,0.0,0.0,2.0,9.0,2013.0,bagus,,2.0,unfurnished,9.444444444444445,-6.24523,106.50375,0.7333333333333333
https://www.rumah123.com/properti/tangerang/hos10613303/#qid~ede15eae-7f52-407b-9fe7-7bdc29376b6a,630000000.0,Rumah Cluster Graha Raflesia Di Cikupa Bebas Banjir Harga All In Siap Kpr,"Cikupa Citra Raya, Tangerang",Cikupa Citra Raya,Tangerang,-6.2452287,106.5037491,"Keamanan, Taman",rumah,hos10613303,2.0,2.0,72.0,40.0,0.0,shm - sertifikat hak milik,1300 mah,0.0,0.0,1.0,,,bagus,,1.0,unfurnished,8.75,-6.24523,106.50375,0.5555555555555556
https://www.rumah123.com/properti/tangerang/hos10260287/#qid~21106bba-a08b-4384-8f7a-8833fcf2a9ca,960000000.0,Rumah Strategis Harga All In Kpr Di Suvarna Sutera Dekat Tol Cikupa,"Cikupa Citra Raya, Tangerang",Cikupa Citra Raya,Tangerang,-6.2452287,106.5037491,"Keamanan, Taman",rumah,hos10260287,2.0,1.0,119.0,62.0,0.0,shm - sertifikat hak milik,2200 mah,0.0,0.0,1.0,,,bagus,,1.0,semi furnished,8.067226890756302,-6.24523,106.50375,0.5210084033613446
https://www.rumah123.com/properti/tangerang/hos10660918/#qid~0d78ec8f-2f33-4d41-aaca-448f4c257d84,1060000000.0,Rumah Bebas Banjir Area Cikupa Citra Raya Harga All In Siap Kpr,"Cikupa Citra Raya, Tangerang",Cikupa Citra Raya,Tangerang,-6.2452287,106.5037491,"Keamanan, Taman",rumah,hos10660918,3.0,2.0,119.0,74.0,1.0,shm - sertifikat hak milik,1300 mah,0.0,0.0,1.0,,,bagus,,1.0,unfurnished,8.907563025210084,-6.24523,106.50375,0.6218487394957983
https://www.rumah123.com/properti/tangerang/hos10288826/#qid~0d78ec8f-2f33-4d41-aaca-448f4c257d84,1440000000.0,Rumah Asri Bebas Banjir Di Citra Raya Harga All In Nego Siap Kpr,"Cikupa Citra Raya, Tangerang",Cikupa Citra Raya,Tangerang,-6.2452287,106.5037491,"Keamanan, Taman",rumah,hos10288826,4.0,2.0,164.0,100.0,1.0,shm - sertifikat hak milik,2200 mah,0.0,0.0,1.0,,,,,1.0,unfurnished,8.78048780487805,-6.24523,106.50375,0.6097560975609756
https://www.rumah123.com/properti/tangerang/hos11281213/#qid~13a689e4-db18-4650-ac7a-bcfc871025dc,525000000.0,"Rumah  murah 1, 5 lantai siap huni di Citra Raya Cikupa Tangerang","Cikupa Citra Raya, Tangerang",Cikupa Citra Raya,Tangerang,-6.2452287,106.5037491,"Track Lari, Kitchen Set, Jogging Track, Tempat Jemuran",rumah,hos11281213,3.0,1.0,72.0,60.0,1.0,shm - sertifikat hak milik,1300 mah,0.0,0.0,2.0,19.0,2003.0,sudah renovasi,,0.0,unfurnished,7.291666666666667,-6.24523,106.50375,0.8333333333333334
https://www.rumah123.com/properti/tangerang/hos11002010/#qid~13a689e4-db18-4650-ac7a-bcfc871025dc,1300000000.0,"Rumah di Taman Puspita, Citra Raya Tangerang","Cikupa Citra Raya, Tangerang",Cikupa Citra Raya,Tangerang,-6.2452287,106.5037491,"Keamanan, Taman",rumah,hos11002010,4.0,2.0,120.0,180.0,0.0,shm - sertifikat hak milik,3500 mah,0.0,0.0,2.0,,,bagus sekali,,0.0,semi furnished,10.833333333333334,-6.24523,106.50375,1.5
https://www.rumah123.com/properti/tangerang/hos10734717/#qid~5b190956-f493-4902-aeb9-31d93b66e3fd,975000000.0,rumah siap huni di citra raya,"Cikupa Citra Raya, Tangerang",Cikupa Citra Raya,Tangerang,-6.2452287,106.5037491," Jogging Track, Keamanan, Masjid",rumah,hos10734717,3.0,2.0,100.0,150.0,2.0,hgb - hak guna bangunan,2200 mah,0.0,0.0,2.0,0.0,2022.0,baru,,0.0,unfurnished,9.75,-6.24523,106.50375,1.5
https://www.rumah123.com/properti/tangerang/hos11053459/#qid~edfca908-2a57-41da-a4c0-002d12d9b489,1750000000.0,Rumah Tanah Luas di Taman Palma Citra Raya,"Cikupa Citra Raya, Tangerang",Cikupa Citra Raya,Tangerang,-6.2452287,106.5037491," Taman, Akses Parkir, Keamanan 24 jam, Track Lari,  Playground",rumah,hos11053459,3.0,2.0,200.0,150.0,0.0,shm - sertifikat hak milik,3500 mah,0.0,0.0,1.0,,,bagus,,0.0,furnished,8.75,-6.24523,106.50375,0.75
https://www.rumah123.com/properti/tangerang/hos11054291/#qid~edfca908-2a57-41da-a4c0-002d12d9b489,899000000.0,Dijual Rumah 2 Lantai di Cluster Garden Grove Citra Raya,"Cikupa Citra Raya, Tangerang",Cikupa Citra Raya,Tangerang,-6.2452287,106.5037491," Taman, Tempat Jemuran, Akses Parkir, Keamanan 24 jam, Track Lari, Taman",rumah,hos11054291,3.0,1.0,136.0,93.0,1.0,shm - sertifikat hak milik,2200 mah,0.0,0.0,1.0,,,bagus,,1.0,unfurnished,6.610294117647059,-6.24523,106.50375,0.6838235294117647
https://www.rumah123.com/properti/tangerang/hos11054358/#qid~edfca908-2a57-41da-a4c0-002d12d9b489,660000000.0,Dijual Murah Rumah 1 Lantai Siap Huni di Cluster Villagio,"Cikupa Citra Raya, Tangerang",Cikupa Citra Raya,Tangerang,-6.2452287,106.5037491," Taman, Akses Parkir, Keamanan 24 jam, Track Lari",rumah,hos11054358,2.0,1.0,84.0,41.0,0.0,hgb - hak guna bangunan,2200 mah,0.0,0.0,1.0,,,bagus,,1.0,unfurnished,7.857142857142858,-6.24523,106.50375,0.4880952380952381
https://www.rumah123.com/properti/tangerang/hos11088989/#qid~b98b1bf5-2e6f-425f-8b71-f90661bf07bc,1250000000.0,rumah baru siap huni di citra raya Cikupa,"Cikupa Citra Raya, Tangerang",Cikupa Citra Raya,Tangerang,-6.2452287,106.5037491,"Taman,  Kolam Renang, Jogging Track,  Keamanan",rumah,hos11088989,3.0,3.0,128.0,135.0,2.0,hgb - hak guna bangunan,lainnya mah,0.0,0.0,2.0,,,bagus sekali,,2.0,unfurnished,9.765625,-6.24523,106.50375,1.0546875
https://www.rumah123.com/properti/tangerang/hos11138937/#qid~b98b1bf5-2e6f-425f-8b71-f90661bf07bc,630000000.0,rumah 2 lantai siap huni di citra raya Cikupa bundaran 5,"Cikupa Citra Raya, Tangerang",Cikupa Citra Raya,Tangerang,-6.2452287,106.5037491," Akses Parkir, Masjid,  Lapangan Voli,  Taman, Lapangan Bola,  Tempat Gym, Lapangan Tenis, Jogging Track,  Lapangan Bulu Tangkis, Keamanan,  Track Lari, Keamanan 24 jam,  Masjid,  CCTV, Taman,  One Gate System,  Playground,  Lapangan Basket",rumah,hos11138937,3.0,2.0,96.0,120.0,2.0,shm - sertifikat hak milik,2200 mah,0.0,0.0,2.0,,,bagus,selatan,1.0,unfurnished,6.5625,-6.24523,106.50375,1.25
https://www.rumah123.com/properti/tangerang/hos11179791/#qid~5e28f19c-b38e-4911-a769-d3042b2d7ea1,385000000.0,Dijual Rumah di Graha catania sudah SHM Bagus Unfurnished,"Cikupa Citra Raya, Tangerang",Cikupa Citra Raya,Tangerang,-6.2452287,106.5037491,"Masjid,  Jogging Track,  Taman, Keamanan, Keamanan 24 jam,  Masjid, Track Lari, Taman",rumah,hos11179791,2.0,1.0,72.0,22.0,0.0,shm - sertifikat hak milik,1300 mah,0.0,0.0,1.0,,,bagus,,0.0,unfurnished,5.347222222222222,-6.24523,106.50375,0.3055555555555556
https://www.rumah123.com/properti/tangerang/hos8902260/#qid~5e28f19c-b38e-4911-a769-d3042b2d7ea1,2500000000.0,"Dijual cepat perumahan mewah di Citra Raya Cikupa,","Cikupa Citra Raya, Tangerang",Cikupa Citra Raya,Tangerang,-6.2452287,106.5037491," Jogging Track,  Taman, Keamanan, Keamanan 24 jam, Ac, AC, Track Lari, Taman",rumah,hos8902260,4.0,4.0,300.0,400.0,0.0,shm - sertifikat hak milik,5500 mah,0.0,0.0,2.0,,,bagus,,2.0,furnished,8.333333333333332,-6.24523,106.50375,1.3333333333333333
https://www.rumah123.com/properti/tangerang/hos11263790/#qid~c2e73bd9-4660-4555-8a1c-ea5a96ad72c9,771000000.0,Rumah Citra Raya Tipe Civico Kawasan Lugano Park,"Cikupa Citra Raya, Tangerang",Cikupa Citra Raya,Tangerang,-6.2452287,106.5037491,"Taman, Keamanan 24 jam,  Playground, Tempat Jemuran",rumah,hos11263790,2.0,1.0,90.0,47.0,1.0,,2200 mah,0.0,0.0,1.0,0.0,2022.0,baru,,0.0,unfurnished,8.566666666666666,-6.24523,106.50375,0.5222222222222223
https://www.rumah123.com/properti/tangerang/hos11364540/#qid~5a97d358-f8f9-4355-937e-63e95dd53130,1180000000.0,Di Jua Rumah Siap Huni Bangunan Dari Kavling di Cikupa Citra Raya,"Cikupa Citra Raya, Tangerang",Cikupa Citra Raya,Tangerang,-6.2452287,106.5037491,"Lapangan Basket, Tempat Jemuran, Keamanan, Wastafel, Taman",rumah,hos11364540,3.0,2.0,119.0,130.0,0.0,shm - sertifikat hak milik,2200 mah,0.0,0.0,2.0,0.0,2022.0,baru,,0.0,unfurnished,9.91596638655462,-6.24523,106.50375,1.0924369747899159
https://www.rumah123.com/properti/tangerang/hos11364329/#qid~de3482b1-2665-4625-8388-e73221c6121f,3000000000.0,Dijual rumah daerah citra 2,"Cikupa Citra Raya, Tangerang",Cikupa Citra Raya,Tangerang,-6.2452287,106.5037491,"Taman, Tempat Jemuran",rumah,hos11364329,3.0,2.0,150.0,150.0,0.0,shm - sertifikat hak milik,4400 mah,1.0,0.0,1.0,,,bagus,,0.0,semi furnished,20.0,-6.24523,106.50375,1.0
https://www.rumah123.com/properti/tangerang/hos11364322/#qid~de3482b1-2665-4625-8388-e73221c6121f,5000000000.0,Dijual rumah daerah citra 2,"Cikupa Citra Raya, Tangerang",Cikupa Citra Raya,Tangerang,-6.2452287,106.5037491,"Taman, Tempat Jemuran",rumah,hos11364322,5.0,4.0,389.0,520.0,0.0,shm - sertifikat hak milik,5500 mah,1.0,1.0,1.0,,,bagus,,0.0,semi furnished,12.853470437017995,-6.24523,106.50375,1.3367609254498716
https://www.rumah123.com/properti/tangerang/hos11363984/#qid~7724b384-c2e7-421e-85bb-1b5687e654d1,650000000.0,"Dijual Rumah di Taman Picasso, Citra Raya Tangerang","Cikupa Citra Raya, Tangerang",Cikupa Citra Raya,Tangerang,-6.2452287,106.5037491,"Jalur Telepon, Taman,  One Gate System, Keamanan 24 jam",rumah,hos11363984,2.0,2.0,108.0,108.0,0.0,hgb - hak guna bangunan,1300 mah,0.0,0.0,1.0,,,baru,,0.0,semi furnished,6.018518518518519,-6.24523,106.50375,1.0
https://www.rumah123.com/properti/tangerang/hos11363947/#qid~7724b384-c2e7-421e-85bb-1b5687e654d1,610000000.0,"Dijual Dan Disewa Rumah di Taman Puspita, Citra Raya Tangerang","Cikupa Citra Raya, Tangerang",Cikupa Citra Raya,Tangerang,-6.2452287,106.5037491,"Jalur Telepon, Taman,  One Gate System, Keamanan 24 jam",rumah,hos11363947,3.0,2.0,90.0,75.0,0.0,hgb - hak guna bangunan,2200 mah,0.0,0.0,1.0,,,bagus,,0.0,semi furnished,6.777777777777778,-6.24523,106.50375,0.8333333333333334
https://www.rumah123.com/properti/tangerang/hos11363759/#qid~7724b384-c2e7-421e-85bb-1b5687e654d1,3000000000.0,"Dijual Rumah di Taman Palma, Citra Raya Cikupa Tangerang","Cikupa Citra Raya, Tangerang",Cikupa Citra Raya,Tangerang,-6.2452287,106.5037491,"Jalur Telepon, Taman,  One Gate System, Keamanan 24 jam",rumah,hos11363759,4.0,4.0,360.0,400.0,0.0,shm - sertifikat hak milik,4400 mah,1.0,1.0,2.0,,,bagus,,0.0,,8.333333333333332,-6.24523,106.50375,1.1111111111111112
https://www.rumah123.com/properti/tangerang/hos11363738/#qid~7724b384-c2e7-421e-85bb-1b5687e654d1,650000000.0,Rumah murah di cluster premium di Citra raya Tangerang,"Cikupa Citra Raya, Tangerang",Cikupa Citra Raya,Tangerang,-6.2452287,106.5037491,"Track Lari, Taman, Jogging Track,  Keamanan",rumah,hos11363738,2.0,1.0,90.0,75.0,1.0,shm - sertifikat hak milik,2200 mah,0.0,0.0,1.0,1.0,2021.0,bagus,,0.0,unfurnished,7.222222222222222,-6.24523,106.50375,0.8333333333333334
https://www.rumah123.com/properti/tangerang/hos11363705/#qid~7abe792b-a7f3-4c78-9517-85af54405a53,700000000.0,"Dijual Disewa Rumah di East Portofino, Villaggio Citra Raya","Cikupa Citra Raya, Tangerang",Cikupa Citra Raya,Tangerang,-6.2452287,106.5037491,"Jalur Telepon, Taman,  One Gate System, Keamanan 24 jam",rumah,hos11363705,2.0,1.0,72.0,36.0,0.0,shm - sertifikat hak milik,2200 mah,0.0,0.0,1.0,,,baru,,0.0,semi furnished,9.722222222222221,-6.24523,106.50375,0.5
https://www.rumah123.com/properti/tangerang/hos11363329/#qid~7abe792b-a7f3-4c78-9517-85af54405a53,1100000000.0,"Dijual Rumah di Taman Puspa, Citra Raya Tangerang","Cikupa Citra Raya, Tangerang",Cikupa Citra Raya,Tangerang,-6.2452287,106.5037491,"Taman,  One Gate System, Keamanan 24 jam",rumah,hos11363329,3.0,3.0,120.0,100.0,0.0,shm - sertifikat hak milik,2200 mah,1.0,1.0,2.0,,,baru,,0.0,unfurnished,9.166666666666666,-6.24523,106.50375,0.8333333333333334
https://www.rumah123.com/properti/tangerang/hos11362756/#qid~7abe792b-a7f3-4c78-9517-85af54405a53,455000000.0,Di Jual Cepat Rumah Baru Siap Huni di Cikupa Citra Raya,"Cikupa Citra Raya, Tangerang",Cikupa Citra Raya,Tangerang,-6.2452287,106.5037491,"Lapangan Bulu Tangkis, Tempat Jemuran, Keamanan, Wastafel, Taman",rumah,hos11362756,2.0,1.0,72.0,72.0,1.0,shm - sertifikat hak milik,1300 mah,0.0,0.0,1.0,0.0,2022.0,baru,utara,1.0,unfurnished,6.319444444444444,-6.24523,106.50375,1.0
https://www.rumah123.com/properti/tangerang/hos11362289/#qid~9b7c3e11-2c18-4559-a637-16b29b361aad,675000000.0,Di Jual Rumah 2 lantai di Cikupa Perumahan Serdang Asri,"Cikupa Citra Raya, Tangerang",Cikupa Citra Raya,Tangerang,-6.2452287,106.5037491," Jogging Track, Tempat Jemuran, Keamanan, Keamanan 24 jam, Wastafel, Track Lari, Taman,  Playground",rumah,hos11362289,3.0,2.0,72.0,110.0,1.0,hgb - hak guna bangunan,2200 mah,0.0,0.0,2.0,0.0,2022.0,baru,timur,1.0,unfurnished,9.375,-6.24523,106.50375,1.5277777777777777
https://www.rumah123.com/properti/tangerang/hos11359925/#qid~0d9492e8-7326-465d-85ee-e54559fedc26,1350000000.0,Di Jual Rumah Posisi Jalan Utama di Cikupa Citra Raya,"Cikupa Citra Raya, Tangerang",Cikupa Citra Raya,Tangerang,-6.2452287,106.5037491,"Masjid,  Jogging Track,  Taman, Tempat Jemuran, Keamanan, Keamanan 24 jam,  Masjid, Wastafel, Track Lari, Taman,  Playground",rumah,hos11359925,3.0,3.0,210.0,200.0,1.0,shm - sertifikat hak milik,2200 mah,0.0,0.0,2.0,22.0,2000.0,baru,timur,1.0,,6.428571428571428,-6.24523,106.50375,0.9523809523809523
https://www.rumah123.com/properti/tangerang/hos11359060/#qid~5d5b05f9-ab0d-4774-ae61-bddd6e38b7f0,685000000.0,Di Jual Rumah Siap Huni di Cikupa Citra Raya,"Cikupa Citra Raya, Tangerang",Cikupa Citra Raya,Tangerang,-6.2452287,106.5037491," Taman, Jogging Track, Tempat Jemuran, Keamanan, Keamanan 24 jam, Wastafel, Track Lari, Taman, Tempat Gym,  Playground",rumah,hos11359060,3.0,1.0,72.0,65.0,1.0,hgb - hak guna bangunan,2200 mah,0.0,0.0,1.0,1.0,2021.0,baru,selatan,1.0,unfurnished,9.513888888888888,-6.24523,106.50375,0.9027777777777778
https://www.rumah123.com/properti/tangerang/hos11140754/#qid~b392b0bd-5b99-4d52-8dad-2ca03ede62f2,2700000000.0,"Rumah Full Furnish Tipe 4 Kamar di Bsd Dekat Aeon, Tol, Stasiun","BSD, Tangerang",BSD,Tangerang,-6.3007333,106.586126," Pemanas Air, Kitchen Set, Keamanan 24 jam, Wastafel,  CCTV, Taman,  One Gate System",rumah,hos11140754,4.0,3.0,100.0,84.0,2.0,shm - sertifikat hak milik,2200 mah,0.0,0.0,3.0,,,baru,timur laut,0.0,furnished,27.0,-6.30073,106.58613,0.84
https://www.rumah123.com/properti/tangerang/hos10886131/#qid~b392b0bd-5b99-4d52-8dad-2ca03ede62f2,23000000000.0,"Cluster Enchante Rumah Sultan di Bsd Lokasi Premium Dekat Mall, Tol","BSD, Tangerang",BSD,Tangerang,-6.3007333,106.586126," Keamanan,  Jogging Track, AC,  CCTV,  Kolam Renang, Taman",rumah,hos10886131,5.0,7.0,558.0,760.0,3.0,shm - sertifikat hak milik,11000 mah,1.0,1.0,3.0,0.0,2022.0,baru,,2.0,,41.218637992831546,-6.30073,106.58613,1.3620071684587813
https://www.rumah123.com/properti/tangerang/hos11043347/#qid~081d392b-51c4-4ebe-a78e-182ff09ec21c,5700000000.0,Colinare Foresta BSD - Rumah Hoek Mewah,"BSD, Tangerang",BSD,Tangerang,-6.3007333,106.586126,"CCTV,  Kolam Renang, Taman,  Keamanan",rumah,hos11043347,5.0,4.0,365.0,400.0,1.0,shm - sertifikat hak milik,4400 mah,1.0,1.0,1.0,10.0,2012.0,bagus,timur,0.0,unfurnished,15.616438356164382,-6.30073,106.58613,1.095890410958904
https://www.rumah123.com/properti/tangerang/hos11348589/#qid~081d392b-51c4-4ebe-a78e-182ff09ec21c,2770000000.0,TANPA DP - Fully Furnished - Cluster Chava Tanakayu - 7x12,"BSD, Tangerang",BSD,Tangerang,-6.3007333,106.586126," Keamanan,  Jogging Track, Jalur Telepon, Keamanan 24 jam, Track Lari,  Kolam Renang, Taman",rumah,hos11348589,3.0,3.0,84.0,126.0,1.0,,2200 mah,0.0,0.0,3.0,0.0,2022.0,baru,selatan,0.0,furnished,32.976190476190474,-6.30073,106.58613,1.5
https://www.rumah123.com/properti/tangerang/hos11258319/#qid~c1274867-52e5-4813-b501-82bd0ca7a1ad,17000000000.0,Wts Lyndon Type 12x 33 M,"BSD, Tangerang",BSD,Tangerang,-6.3007333,106.586126," Taman, Akses Parkir, Kitchen Set, Keamanan 24 jam, Wastafel,  Kolam Renang,  Playground",rumah,hos11258319,6.0,5.0,396.0,396.0,2.0,shm - sertifikat hak milik,lainnya mah,0.0,0.0,2.0,,,bagus,,2.0,semi furnished,42.929292929292934,-6.30073,106.58613,1.0
https://www.rumah123.com/properti/tangerang/hos10350309/#qid~844e8917-3043-4da9-8cd5-4d6a7c0281f3,1360000000.0,Rumah Strategis Bebas Banjir Dekat Bsd Harga All In Siap Kpr,"BSD, Tangerang",BSD,Tangerang,-6.3007333,106.586126,"Keamanan, Taman",rumah,hos10350309,3.0,2.0,112.0,100.0,1.0,shm - sertifikat hak milik,2200 mah,0.0,0.0,2.0,,,,,1.0,unfurnished,12.142857142857144,-6.30073,106.58613,0.8928571428571429
https://www.rumah123.com/properti/tangerang/hos11184984/#qid~844e8917-3043-4da9-8cd5-4d6a7c0281f3,2800000000.0,"Cluster Chava Tanakayu, Bsd City, Lebar 7, 3 Lantai Unit Istimewa","BSD, Tangerang",BSD,Tangerang,-6.3007333,106.586126,"Jalur Telepon,  Taman, Tempat Jemuran",rumah,hos11184984,3.0,3.0,84.0,126.0,0.0,shm - sertifikat hak milik,lainnya mah,0.0,0.0,3.0,,,baru,tenggara,0.0,unfurnished,33.33333333333333,-6.30073,106.58613,1.5
https://www.rumah123.com/properti/tangerang/hos11160236/#qid~844e8917-3043-4da9-8cd5-4d6a7c0281f3,18000000000.0,Wts  Rumah Lancewood Navapark Bsd,"BSD, Tangerang",BSD,Tangerang,-6.3007333,106.586126," Taman, Akses Parkir, Kitchen Set, Keamanan 24 jam, Wastafel,  CCTV,  Kolam Renang,  AC,  Playground",rumah,hos11160236,6.0,5.0,499.0,349.0,2.0,shm - sertifikat hak milik,lainnya mah,0.0,0.0,2.0,,,,barat laut,2.0,semi furnished,36.07214428857716,-6.30073,106.58613,0.6993987975951904
https://www.rumah123.com/properti/tangerang/hos10015164/#qid~54003faa-18c9-4e10-a528-a1c515628a60,1900000000.0,KE TOLL CUMA 10 MENIT DEKAT TEMPAT WISATA DAERAH BSD,"BSD, Tangerang",BSD,Tangerang,-6.3007333,106.586126," Keamanan, CCTV,  Jogging Track,  Taman, Ac,  Kolam Renang,  Jalur Telepon",rumah,hos10015164,3.0,3.0,66.0,86.0,1.0,shm - sertifikat hak milik,2200 mah,0.0,0.0,2.0,,,baru,selatan,0.0,furnished,28.78787878787879,-6.30073,106.58613,1.303030303030303
https://www.rumah123.com/properti/tangerang/hos10517869/#qid~38dbf9b9-7fc2-4646-bdd9-bab0cc8409ce,1590000000.0,Rumah Siap Kpr Bebas Banjir di Grand Serpong 2 Harga All In Nego,"BSD, Tangerang",BSD,Tangerang,-6.3007333,106.586126,"Keamanan, Taman",rumah,hos10517869,4.0,3.0,90.0,126.0,1.0,shm - sertifikat hak milik,2200 mah,1.0,0.0,2.0,,,bagus,,1.0,unfurnished,17.666666666666668,-6.30073,106.58613,1.4
https://www.rumah123.com/properti/tangerang/hos11298076/#qid~a504aed0-5c3c-4f5f-8339-d8321a12bffa,4000000000.0,"Cluster di Bsd Model Mirip Zora Dekat Aeon, Tol, Stasiun","BSD, Tangerang",BSD,Tangerang,-6.3007333,106.586126,"CCTV, Tempat Jemuran, Keamanan 24 jam, Wastafel,  CCTV, Taman,  One Gate System,  Playground",rumah,hos11298076,5.0,4.0,112.0,180.0,2.0,shm - sertifikat hak milik,lainnya mah,1.0,1.0,3.0,,,baru,selatan,0.0,unfurnished,35.714285714285715,-6.30073,106.58613,1.6071428571428572
https://www.rumah123.com/properti/tangerang/hos10612520/#qid~a504aed0-5c3c-4f5f-8339-d8321a12bffa,899000000.0,Rumah Strategis Siap Kpr Dekat Bsd Di Perum Bukit Nusa Indah Harga All In,"BSD, Tangerang",BSD,Tangerang,-6.3007333,106.586126,"Keamanan, Taman",rumah,hos10612520,2.0,2.0,83.0,50.0,0.0,shm - sertifikat hak milik,1300 mah,1.0,0.0,1.0,,,bagus,,1.0,unfurnished,10.831325301204819,-6.30073,106.58613,0.6024096385542169
https://www.rumah123.com/properti/tangerang/hos11079984/#qid~f9356703-f3ad-4ea8-ae31-5dd51c017da6,3200000000.0,Rumah Favorite The Icon BSD City,"BSD, Tangerang",BSD,Tangerang,-6.3007333,106.586126," Ac,  Keamanan,  Jogging Track, CCTV, Jalur Telepon, Keamanan 24 jam, AC,  CCTV, Track Lari,  Kolam Renang, Taman",rumah,hos11079984,4.0,3.0,169.0,200.0,2.0,shm - sertifikat hak milik,5500 mah,1.0,1.0,2.0,,,bagus sekali,,0.0,semi furnished,18.93491124260355,-6.30073,106.58613,1.183431952662722
https://www.rumah123.com/properti/tangerang/hos10702090/#qid~f9356703-f3ad-4ea8-ae31-5dd51c017da6,1200000000.0,Rumah Cantik Asri Bisa Kpr di Komplek Kaisar Dekat Bsd Harga All In,"BSD, Tangerang",BSD,Tangerang,-6.3007333,106.586126,"Keamanan, Taman",rumah,hos10702090,3.0,2.0,80.0,80.0,1.0,shm - sertifikat hak milik,1300 mah,0.0,0.0,2.0,,,bagus,,1.0,unfurnished,15.0,-6.30073,106.58613,1.0
https://www.rumah123.com/properti/tangerang/hos10367127/#qid~0d78ec8f-2f33-4d41-aaca-448f4c257d84,4680000000.0,Rumah Bebas Banjir The Green Blossomville Dekat Bsd Harga All In Kpr,"BSD, Tangerang",BSD,Tangerang,-6.3007333,106.586126,"Keamanan, Taman",rumah,hos10367127,3.0,3.0,250.0,195.0,1.0,shm - sertifikat hak milik,2200 mah,0.0,0.0,2.0,,,,,1.0,unfurnished,18.72,-6.30073,106.58613,0.78
https://www.rumah123.com/properti/tangerang/hos9737772/#qid~061b8866-ab27-4e79-90a6-dbd1e834c9d9,796000000.0,Rumah Cantik Asri Dekat stasiun KRL BSD city,"BSD, Tangerang",BSD,Tangerang,-6.3007333,106.586126," Ac,  Keamanan,  Taman, CCTV, Jogging Track, Jalur Telepon, Keamanan 24 jam, AC,  CCTV, Track Lari,  Kolam Renang, Taman",rumah,hos9737772,2.0,1.0,60.0,30.0,1.0,shm - sertifikat hak milik,1300 mah,0.0,0.0,1.0,0.0,2022.0,baru,,1.0,unfurnished,13.266666666666666,-6.30073,106.58613,0.5
https://www.rumah123.com/properti/tangerang/hos7122128/#qid~08a37c61-fef2-482b-9e93-cc7c6038ff5a,1000000000.0,rumah baru dalam cluster design elegant di bsd tangerang selatan,"BSD, Tangerang",BSD,Tangerang,-6.3007333,106.586126," Keamanan, CCTV,  Taman, AC, Ac, Taman",rumah,hos7122128,3.0,2.0,61.0,69.0,2.0,shm - sertifikat hak milik,2200 mah,0.0,0.0,2.0,1.0,2021.0,baru,timur,2.0,unfurnished,16.393442622950822,-6.30073,106.58613,1.1311475409836065
https://www.rumah123.com/properti/tangerang/hos11295054/#qid~ebd7c4a9-0004-4192-a32e-36a5d90cf998,13200000000.0,Rumah Cantik 3 Lantai Kanade 12 X 22 The Zora Bsd City,"BSD, Tangerang",BSD,Tangerang,-6.3007333,106.586126," Taman,  Tempat Gym, Lapangan Tenis,  Pemanas Air, Tempat Jemuran, Jalur Telepon, Lapangan Basket, Akses Parkir, Kitchen Set, Keamanan 24 jam,  Track Lari, Wastafel,  CCTV,  Kolam Renang,  One Gate System,  AC,  Tempat Laundry,  Playground",rumah,hos11295054,5.0,6.0,265.0,385.0,2.0,shm - sertifikat hak milik,7700 mah,1.0,1.0,3.0,0.0,2022.0,baru,utara,2.0,semi furnished,49.81132075471698,-6.30073,106.58613,1.4528301886792452
https://www.rumah123.com/properti/tangerang/hos11293820/#qid~ebd7c4a9-0004-4192-a32e-36a5d90cf998,9790000000.0,Rumah Cantik 3 Lantai Mewah Kanade 10 X 20 The Zora Bsd City,"BSD, Tangerang",BSD,Tangerang,-6.3007333,106.586126," Taman,  Tempat Gym, Lapangan Tenis,  Pemanas Air, Tempat Jemuran, Jalur Telepon, Lapangan Basket, Akses Parkir, Kitchen Set, Keamanan 24 jam,  Track Lari, Wastafel,  CCTV,  Kolam Renang,  One Gate System,  AC,  Tempat Laundry,  Playground",rumah,hos11293820,4.0,6.0,200.0,358.0,2.0,shm - sertifikat hak milik,7700 mah,1.0,1.0,3.0,0.0,2022.0,baru,utara,2.0,semi furnished,48.95,-6.30073,106.58613,1.79
https://www.rumah123.com/properti/tangerang/hos10709213/#qid~ee681e3d-c9e4-4718-ac4c-a651ac12aa71,13400000000.0,Rumah Jepang Mewah Full Marmer Bsd City Dekat Aeon Mall,"BSD, Tangerang",BSD,Tangerang,-6.3007333,106.586126," Keamanan,  Jogging Track, Ac,  Kolam Renang, Taman",rumah,hos10709213,4.0,5.0,264.0,485.0,2.0,shm - sertifikat hak milik,4400 mah,1.0,1.0,1.0,0.0,2022.0,baru,timur,2.0,unfurnished,50.75757575757576,-6.30073,106.58613,1.8371212121212122
https://www.rumah123.com/properti/tangerang/hos10709100/#qid~ee681e3d-c9e4-4718-ac4c-a651ac12aa71,6000000000.0,Zora Rumah Jepang Full Marmer Mewah di Pusat Kota Bsd Tangerang,"BSD, Tangerang",BSD,Tangerang,-6.3007333,106.586126," Keamanan, CCTV,  Taman, Ac,  Kolam Renang",rumah,hos10709100,4.0,5.0,136.0,242.0,0.0,shm - sertifikat hak milik,4400 mah,1.0,1.0,1.0,0.0,2022.0,baru,timur,2.0,unfurnished,44.11764705882353,-6.30073,106.58613,1.7794117647058822
https://www.rumah123.com/properti/tangerang/hos11217636/#qid~ee681e3d-c9e4-4718-ac4c-a651ac12aa71,2350000000.0,Asri jllebar dekat Sekolah tol pertokoan.aman Nyaman,"BSD, Tangerang",BSD,Tangerang,-6.3007333,106.586126," Taman, Tempat Jemuran, Jalur Telepon, Kitchen Set, Keamanan 24 jam, AC, Taman,  One Gate System",rumah,hos11217636,3.0,2.0,220.0,150.0,1.0,shm - sertifikat hak milik,5500 mah,1.0,1.0,1.0,30.0,1992.0,bagus,barat daya,1.0,,10.681818181818182,-6.30073,106.58613,0.6818181818181818
https://www.rumah123.com/properti/tangerang/hos11139039/#qid~5b190956-f493-4902-aeb9-31d93b66e3fd,7800000000.0,Rumah di The Zora Cluster Kazumi BSD | no Cobroke,"BSD, Tangerang",BSD,Tangerang,-6.3007333,106.586126," Keamanan,  Jogging Track, Jalur Telepon, Keamanan 24 jam, Track Lari,  Kolam Renang, Taman",rumah,hos11139039,4.0,4.0,180.0,280.0,2.0,shm - sertifikat hak milik,5500 mah,1.0,1.0,3.0,2.0,2020.0,bagus,utara,1.0,unfurnished,43.333333333333336,-6.30073,106.58613,1.5555555555555556
https://www.rumah123.com/properti/tangerang/hos9442026/#qid~5b190956-f493-4902-aeb9-31d93b66e3fd,22000000000.0,"Rumah siap huni, LUX dalam perumahan BSD","BSD, Tangerang",BSD,Tangerang,-6.3007333,106.586126,"Masjid,  Jogging Track,  Taman, Keamanan,  CCTV,  Kolam Renang,  AC,  Jalur Telepon",rumah,hos9442026,5.0,4.0,1649.0,1039.0,2.0,shm - sertifikat hak milik,11000 mah,1.0,1.0,2.0,9.0,2013.0,bagus,,2.0,unfurnished,13.34141904184354,-6.30073,106.58613,0.6300788356579745
https://www.rumah123.com/properti/tangerang/hos10995770/#qid~03faa0cc-66ca-40a2-b278-2bf7fe55b8c1,6000000000.0,Rumah Baru BSD City Hook Siap Huni,"BSD, Tangerang",BSD,Tangerang,-6.3007333,106.586126," Keamanan, CCTV,  Jogging Track,  Taman, Jalur Telepon,  Kolam Renang",rumah,hos10995770,4.0,4.0,275.0,320.0,1.0,shm - sertifikat hak milik,4400 mah,0.0,0.0,2.0,22.0,2000.0,bagus sekali,barat,1.0,unfurnished,21.818181818181817,-6.30073,106.58613,1.1636363636363636
https://www.rumah123.com/properti/tangerang/hos11318822/#qid~03faa0cc-66ca-40a2-b278-2bf7fe55b8c1,665000000.0,Rumah Murah Design Modern Minimalis Dekat Stasiun Rawa Buntu,"BSD, Tangerang",BSD,Tangerang,-6.3007333,106.586126,"Kulkas, Masjid,  Taman, Lapangan Bola, Tempat Jemuran, Jalur Telepon, Lapangan Bulu Tangkis,  Track Lari, Keamanan 24 jam, Wastafel,  One Gate System,  AC,  Playground",rumah,hos11318822,3.0,2.0,85.0,60.0,1.0,shm - sertifikat hak milik,1300 mah,0.0,0.0,2.0,0.0,2022.0,baru,utara,2.0,semi furnished,7.823529411764706,-6.30073,106.58613,0.7058823529411765
https://www.rumah123.com/properti/tangerang/hos9693542/#qid~216dd44b-abd7-4b0f-9e70-fa95891557fb,1040000000.0,Rumah Cluster Eksklusif 10 Menit Pintu Toll Bsd DP5%,"BSD, Tangerang",BSD,Tangerang,-6.3007333,106.586126," Ac,  Keamanan, CCTV, Jogging Track, AC,  CCTV, Track Lari, Taman",rumah,hos9693542,3.0,3.0,63.0,83.0,2.0,shm - sertifikat hak milik,3500 mah,0.0,0.0,2.0,0.0,2022.0,baru,selatan,0.0,unfurnished,16.507936507936506,-6.30073,106.58613,1.3174603174603174
https://www.rumah123.com/properti/tangerang/hos11131108/#qid~f6ec1d2c-a616-42e7-a86a-ca7173cb7359,35000000000.0,RUMAH MEWAH PARA SULTAN UNIT LANGKA INCLUDE LIFT DAN SWIMMING POOL,"BSD, Tangerang",BSD,Tangerang,-6.3007333,106.586126," Ac,  Keamanan,  Jogging Track, Kolam Renang,  Taman, Jalur Telepon, Keamanan 24 jam, AC, Track Lari,  Kolam Renang, Taman",rumah,hos11131108,5.0,5.0,684.0,545.0,1.0,shm - sertifikat hak milik,3500 mah,1.0,1.0,3.0,2.0,2020.0,baru,timur,4.0,unfurnished,51.16959064327485,-6.30073,106.58613,0.7967836257309941
https://www.rumah123.com/properti/tangerang/hos2591489/#qid~f6ec1d2c-a616-42e7-a86a-ca7173cb7359,1430000000.0,Rumah Di Jual 2 Lantai Murah Dekat Ke Area Bsd,"BSD, Tangerang",BSD,Tangerang,-6.3007333,106.586126," Keamanan, AC,  Masjid,  CCTV, Taman",rumah,hos2591489,3.0,3.0,68.0,80.0,1.0,shm - sertifikat hak milik,3500 mah,0.0,0.0,2.0,0.0,2022.0,baru,utara,0.0,semi furnished,21.02941176470588,-6.30073,106.58613,1.1764705882352942
https://www.rumah123.com/properti/tangerang/hos11120939/#qid~f6ec1d2c-a616-42e7-a86a-ca7173cb7359,10000000000.0,Dijual Rumah Taman Tirta Golft BSD Kawasan Damai Indah,"BSD, Tangerang",BSD,Tangerang,-6.3007333,106.586126," Jogging Track, Taman, Kolam Renang,  Keamanan",rumah,hos11120939,4.0,3.0,853.0,426.0,2.0,shm - sertifikat hak milik,11000 mah,0.0,0.0,2.0,,,bagus sekali,,2.0,semi furnished,11.723329425556859,-6.30073,106.58613,0.49941383352872215
https://www.rumah123.com/properti/tangerang/hos10870458/#qid~f6ec1d2c-a616-42e7-a86a-ca7173cb7359,28000000000.0,Rumah Mewah Di Bsd 3 Lantai Lokasi Premium,"BSD, Tangerang",BSD,Tangerang,-6.3007333,106.586126," Jogging Track, Taman, Kolam Renang,  Keamanan",rumah,hos10870458,5.0,6.0,558.0,760.0,3.0,shm - sertifikat hak milik,3300 mah,1.0,1.0,2.0,,,baru,,2.0,unfurnished,50.179211469534046,-6.30073,106.58613,1.3620071684587813
https://www.rumah123.com/properti/tangerang/hos6792402/#qid~edfca908-2a57-41da-a4c0-002d12d9b489,3000000000.0,"Rumah Bagus Furnished di The Icon Verdant View, Bsd Tangerang","BSD, Tangerang",BSD,Tangerang,-6.3007333,106.586126,"Taman, Keamanan,  Kolam Renang",rumah,hos6792402,3.0,3.0,144.0,200.0,0.0,shm - sertifikat hak milik,2200 mah,1.0,1.0,2.0,7.0,2015.0,bagus,,0.0,furnished,20.833333333333332,-6.30073,106.58613,1.3888888888888888
https://www.rumah123.com/properti/tangerang/hos11258708/#qid~b98b1bf5-2e6f-425f-8b71-f90661bf07bc,5950000000.0,Rumah 3 Lantai Cantik Kanade 8 X 17 The Zora Bsd City,"BSD, Tangerang",BSD,Tangerang,-6.3007333,106.586126," Taman,  Tempat Gym, Lapangan Tenis,  Pemanas Air, Tempat Jemuran, Jalur Telepon, Lapangan Basket, Akses Parkir, Kitchen Set, Keamanan 24 jam,  Track Lari, Wastafel,  CCTV,  Kolam Renang,  One Gate System,  AC,  Tempat Laundry,  Playground",rumah,hos11258708,4.0,5.0,136.0,242.0,2.0,shm - sertifikat hak milik,4400 mah,1.0,1.0,3.0,0.0,2022.0,baru,utara,0.0,semi furnished,43.75,-6.30073,106.58613,1.7794117647058822
https://www.rumah123.com/properti/tangerang/hos11243250/#qid~b98b1bf5-2e6f-425f-8b71-f90661bf07bc,1200000000.0,Dp 0% dan bebas semua biaya surat². Rumah  baru 2lt siap huni,"BSD, Tangerang",BSD,Tangerang,-6.3007333,106.586126," Keamanan,  Taman, Tempat Jemuran, Akses Parkir, Kitchen Set, Keamanan 24 jam, Ac, AC,  CCTV, Taman,  One Gate System,  Tempat Laundry,  Playground",rumah,hos11243250,3.0,2.0,74.0,69.0,1.0,shm - sertifikat hak milik,2200 mah,0.0,0.0,2.0,0.0,2022.0,baru,timur,2.0,,16.216216216216218,-6.30073,106.58613,0.9324324324324325
https://www.rumah123.com/properti/tangerang/hos11180027/#qid~5e28f19c-b38e-4911-a769-d3042b2d7ea1,1500000000.0,"Cluster Alesha Vanya Park Bsd City, Rumah Ready","BSD, Tangerang",BSD,Tangerang,-6.3007333,106.586126," Taman, Tempat Jemuran, Jalur Telepon, Keamanan 24 jam,  Kolam Renang, Taman",rumah,hos11180027,3.0,3.0,32.0,90.0,2.0,shm - sertifikat hak milik,2200 mah,0.0,0.0,1.0,2.0,2020.0,baru,,0.0,furnished,46.875,-6.30073,106.58613,2.8125
https://www.rumah123.com/properti/tangerang/hos11116346/#qid~18aeb085-a7b2-4d18-80f3-28cc6777c4e2,2950000000.0,Rumah Siap Huni di Kencana Loka BSD | no Cobroke,"BSD, Tangerang",BSD,Tangerang,-6.3007333,106.586126," Keamanan, CCTV,  Taman, Jalur Telepon, AC, Ac, Taman,  Jalur Telepon",rumah,hos11116346,3.0,3.0,153.0,230.0,2.0,shm - sertifikat hak milik,3500 mah,1.0,1.0,2.0,1.0,2021.0,bagus sekali,utara,0.0,semi furnished,19.281045751633986,-6.30073,106.58613,1.5032679738562091
https://www.rumah123.com/properti/tangerang/hos10149437/#qid~eaddfd9a-1be2-498e-a8c9-77196c3c7ef7,1000000000.0,rumah 2 lantai  siap huni di serpong,"BSD, Tangerang",BSD,Tangerang,-6.3007333,106.586126," Ac,  Keamanan, CCTV,  Masjid, Taman",rumah,hos10149437,3.0,2.0,74.0,69.0,2.0,shm - sertifikat hak milik,2200 mah,0.0,0.0,2.0,0.0,2022.0,baru,barat,0.0,semi furnished,13.513513513513512,-6.30073,106.58613,0.9324324324324325
https://www.rumah123.com/properti/tangerang/hos10144526/#qid~ad59e9b3-66a8-4705-b3fc-20d647c97736,1800000000.0,"Rumah Lebar 6 Full Furnish di BSD lokasi dekat QBIG, Aeon, Tol JORR, dan stasiun","BSD, Tangerang",BSD,Tangerang,-6.3007333,106.586126,"Taman,  Kolam Renang, Jogging Track,  Keamanan",rumah,hos10144526,4.0,3.0,66.0,86.0,1.0,shm - sertifikat hak milik,2200 mah,0.0,0.0,2.0,0.0,2022.0,baru,,0.0,furnished,27.272727272727273,-6.30073,106.58613,1.303030303030303
https://www.rumah123.com/properti/tangerang/hos8582931/#qid~ad59e9b3-66a8-4705-b3fc-20d647c97736,6700000000.0,Cluster Kiyomi 9x17 Rumah Mewah di kawasan Zora BSD City dekat Aeon Tol,"BSD, Tangerang",BSD,Tangerang,-6.3007333,106.586126," Keamanan, CCTV,  Jogging Track,  Taman, AC,  Kolam Renang,  Jalur Telepon",rumah,hos8582931,4.0,5.0,153.0,275.0,2.0,shm - sertifikat hak milik,5500 mah,1.0,1.0,3.0,1.0,2021.0,baru,,1.0,semi furnished,43.79084967320261,-6.30073,106.58613,1.7973856209150327
https://www.rumah123.com/properti/tangerang/hos9106259/#qid~827b7638-d6db-433a-a26f-fb56af20e143,4200000000.0,"Cluster Blizfield BSD Rumah Baru di BSD City dekat Aeon, Tol, Stasiun","BSD, Tangerang",BSD,Tangerang,-6.3007333,106.586126," Taman, Jogging Track, Keamanan,  Jalur Telepon",rumah,hos9106259,4.0,4.0,144.0,177.0,2.0,shm - sertifikat hak milik,4400 mah,1.0,1.0,2.0,1.0,2021.0,baru,,0.0,,29.166666666666668,-6.30073,106.58613,1.2291666666666667
https://www.rumah123.com/properti/tangerang/hos10785240/#qid~827b7638-d6db-433a-a26f-fb56af20e143,1420000000.0,Rumah Murah  Cepat Savia Bsd sy,"BSD, Tangerang",BSD,Tangerang,-6.3007333,106.586126,"Taman, Jogging Track,  Keamanan",rumah,hos10785240,3.0,2.0,72.0,69.0,1.0,,2200 mah,0.0,0.0,2.0,,,bagus,,0.0,,19.722222222222225,-6.30073,106.58613,0.9583333333333334
https://www.rumah123.com/properti/tangerang/hos11197227/#qid~827b7638-d6db-433a-a26f-fb56af20e143,4300000000.0,DELATINOS BSD SERPONG,"BSD, Tangerang",BSD,Tangerang,-6.3007333,106.586126," Keamanan, CCTV,  Jogging Track,  Taman,  Tempat Gym, Lapangan Tenis,  Pemanas Air, Tempat Jemuran, Lapangan Basket, Kitchen Set,  Track Lari, Ac, Wastafel,  CCTV,  Kolam Renang,  AC, Taman",rumah,hos11197227,3.0,2.0,250.0,200.0,1.0,shm - sertifikat hak milik,3500 mah,1.0,1.0,2.0,5.0,2017.0,bagus,utara,0.0,semi furnished,17.2,-6.30073,106.58613,0.8
https://www.rumah123.com/properti/tangerang/hos11137739/#qid~c2e73bd9-4660-4555-8a1c-ea5a96ad72c9,8750000000.0,Cepat Rumah Cluster Lancewood Navapark,"BSD, Tangerang",BSD,Tangerang,-6.3007333,106.586126,"Kulkas,  Kitchen Set, Jalur Telepon, Wastafel, Taman,  Track Lari, Keamanan 24 jam,  CCTV,  AC,  Lapangan Voli, Lapangan Tenis,  Pemanas Air,  Playground, Masjid,  Taman, Lapangan Bola,  Tempat Gym,  Lapangan Bulu Tangkis,  Akses Parkir,  Lapangan Basket",rumah,hos11137739,4.0,4.0,220.0,285.0,1.0,shm - sertifikat hak milik,7700 mah,1.0,1.0,2.0,,,bagus,selatan,1.0,semi furnished,39.77272727272727,-6.30073,106.58613,1.2954545454545454
https://www.rumah123.com/properti/tangerang/hos11158512/#qid~aaf6d5ee-73c3-49d9-a253-e0f4fd1e2817,9500000000.0,Rumah di Fontainebleau Golf Residence BSD SHM | no Cobroke,"BSD, Tangerang",BSD,Tangerang,-6.3007333,106.586126," Keamanan,  Jogging Track,  Taman, Tempat Jemuran, Jalur Telepon, Wastafel, Track Lari,  Kolam Renang, Tempat Gym, Taman",rumah,hos11158512,5.0,4.0,435.0,438.0,2.0,shm - sertifikat hak milik,5500 mah,1.0,1.0,2.0,,,bagus,barat,2.0,unfurnished,21.839080459770113,-6.30073,106.58613,1.006896551724138
https://www.rumah123.com/properti/tangerang/hos10052441/#qid~aaf6d5ee-73c3-49d9-a253-e0f4fd1e2817,5950000000.0,"Direct - Lay Out Lapang, Villa Melati Mas","BSD, Tangerang",BSD,Tangerang,-6.3007333,106.586126,"Jalur Telepon,  Taman, Ac,  Keamanan",rumah,hos10052441,4.0,3.0,385.0,450.0,3.0,shm - sertifikat hak milik,7700 mah,1.0,1.0,2.0,,,bagus sekali,timur,1.0,semi furnished,15.454545454545455,-6.30073,106.58613,1.1688311688311688
https://www.rumah123.com/properti/tangerang/hos10890935/#qid~f92d9c50-dbab-418d-a757-cf9be2836290,6000000000.0,Rumah Mewah Cluser Kanade Zora Nuansa Jepang Di Pusat Bsd City,"BSD, Tangerang",BSD,Tangerang,-6.3007333,106.586126," Keamanan, Jogging Track,  Kolam Renang,  CCTV, Taman",rumah,hos10890935,4.0,4.0,136.0,240.0,2.0,shm - sertifikat hak milik,lainnya mah,1.0,1.0,3.0,,,baru,,0.0,unfurnished,44.11764705882353,-6.30073,106.58613,1.7647058823529411
https://www.rumah123.com/properti/tangerang/hos10891523/#qid~f92d9c50-dbab-418d-a757-cf9be2836290,4400000000.0,Rumah Mewah Cluster Blizfield Di Bsd City Dekat Mal Qbig,"BSD, Tangerang",BSD,Tangerang,-6.3007333,106.586126," Keamanan, CCTV,  Taman, Jogging Track,  Kolam Renang",rumah,hos10891523,4.0,4.0,144.0,177.0,2.0,shm - sertifikat hak milik,3300 mah,1.0,0.0,2.0,,,baru,,0.0,unfurnished,30.555555555555557,-6.30073,106.58613,1.2291666666666667
https://www.rumah123.com/properti/tangerang/hos10895981/#qid~f92d9c50-dbab-418d-a757-cf9be2836290,6500000000.0,Rumah Megah Bangunan Mandiri di Bsd City,"BSD, Tangerang",BSD,Tangerang,-6.3007333,106.586126," Keamanan,  Jogging Track, AC,  Kolam Renang, Taman",rumah,hos10895981,4.0,3.0,265.0,400.0,1.0,"lainnya (ppjb,girik,adat,dll)",11000 mah,1.0,1.0,2.0,,,bagus,,2.0,semi furnished,24.528301886792452,-6.30073,106.58613,1.509433962264151
https://www.rumah123.com/properti/tangerang/hos11004171/#qid~edcaf871-2645-4a99-a2b9-e18cdbb3a3d3,765000000.0,"Rumah Murah Bsd 2 Lantai, 7 Menit Ke Stasiun Serpong Tangsel","BSD, Tangerang",BSD,Tangerang,-6.3007333,106.586126," Ac,  Keamanan, CCTV,  Jogging Track,  Masjid, Taman",rumah,hos11004171,3.0,2.0,60.0,80.0,1.0,shm - sertifikat hak milik,2200 mah,0.0,0.0,2.0,0.0,2022.0,baru,selatan,1.0,unfurnished,12.75,-6.30073,106.58613,1.3333333333333333
https://www.rumah123.com/properti/tangerang/hos11179374/#qid~4a471456-6b5f-40ba-acb4-00890e0f6e73,35000000000.0,Rumah Lyndon Tipe 15 Navapark Bsd City Tangerang Banten,"BSD, Tangerang",BSD,Tangerang,-6.3007333,106.586126,"Akses Parkir, Keamanan 24 jam,  Kolam Renang",rumah,hos11179374,6.0,6.0,570.0,545.0,2.0,"lainnya (ppjb,girik,adat,dll)",13300 mah,0.0,0.0,3.0,0.0,2022.0,bagus,,2.0,,61.40350877192982,-6.30073,106.58613,0.956140350877193
https://www.rumah123.com/properti/tangerang/hos11365180/#qid~64b63570-5d79-426f-a823-b543b94792fa,2850000000.0,Dijual Rumah Griya loka sektor 1.5 bsd tangerang rumah baru,"BSD, Tangerang",BSD,Tangerang,-6.3007333,106.586126," Jogging Track, Keamanan, Kitchen Set, Keamanan 24 jam, Wastafel, Track Lari, Taman",rumah,hos11365180,4.0,3.0,232.0,150.0,1.0,shm - sertifikat hak milik,lainnya mah,1.0,1.0,2.0,0.0,2022.0,baru,,0.0,semi furnished,12.28448275862069,-6.30073,106.58613,0.646551724137931
https://www.rumah123.com/properti/tangerang/hos11365061/#qid~64b63570-5d79-426f-a823-b543b94792fa,9500000000.0,"Di jual cepat rumah 2 lantai di Cluster Ultimo, Foresta BSD","BSD, Tangerang",BSD,Tangerang,-6.3007333,106.586126," Keamanan,  Jogging Track, Kitchen Set, AC, Ac, Track Lari, Taman",rumah,hos11365061,4.0,4.0,540.0,345.0,1.0,shm - sertifikat hak milik,7600 mah,1.0,0.0,2.0,7.0,2015.0,bagus,barat laut,1.0,semi furnished,17.59259259259259,-6.30073,106.58613,0.6388888888888888
https://www.rumah123.com/properti/tangerang/hos11364803/#qid~5a97d358-f8f9-4355-937e-63e95dd53130,655000000.0,Hunian Idaman Keluarga Anda Harga Termurah Dekat Unpam,"BSD, Tangerang",BSD,Tangerang,-6.3007333,106.586126,"Kulkas, Masjid,  Taman, Lapangan Bola, Tempat Jemuran, Jalur Telepon, Lapangan Bulu Tangkis,  Track Lari, Keamanan 24 jam, Wastafel,  Akses Parkir,  One Gate System,  AC,  Tempat Laundry,  Playground",rumah,hos11364803,3.0,2.0,68.0,60.0,1.0,shm - sertifikat hak milik,1300 mah,0.0,0.0,2.0,0.0,2022.0,baru,timur,2.0,semi furnished,9.632352941176471,-6.30073,106.58613,0.8823529411764706
https://www.rumah123.com/properti/tangerang/hos11364507/#qid~5a97d358-f8f9-4355-937e-63e95dd53130,2110000000.0,Rumah Baru Yuthica BSD Hoek 4KT Full Furnished,"BSD, Tangerang",BSD,Tangerang,-6.3007333,106.586126," Taman,  Pemanas Air, Keamanan, Akses Parkir, Keamanan 24 jam, Kitchen Set, Wastafel, Taman,  One Gate System,  Playground",rumah,hos11364507,4.0,2.0,80.0,78.0,1.0,"lainnya (ppjb,girik,adat,dll)",2200 mah,0.0,0.0,2.0,0.0,2022.0,baru,utara,0.0,furnished,26.375,-6.30073,106.58613,0.975
https://www.rumah123.com/properti/tangerang/hos11362963/#qid~7abe792b-a7f3-4c78-9517-85af54405a53,2000000000.0,Rumah Baru bagus 2 langai dalam perumahan di BSD,"BSD, Tangerang",BSD,Tangerang,-6.3007333,106.586126," Taman, Lapangan Tenis, Jogging Track, Tempat Jemuran, Keamanan, Kitchen Set,  Masjid, Track Lari, Taman",rumah,hos11362963,4.0,3.0,112.0,150.0,2.0,shm - sertifikat hak milik,2200 mah,1.0,1.0,2.0,0.0,2022.0,baru,,0.0,semi furnished,17.857142857142858,-6.30073,106.58613,1.3392857142857142
https://www.rumah123.com/properti/tangerang/hos11362814/#qid~7abe792b-a7f3-4c78-9517-85af54405a53,1750000000.0,DIJUAL RUMAH BSD RAPI SIAP HUNI MOZIA AMARINE 6X10,"BSD, Tangerang",BSD,Tangerang,-6.3007333,106.586126," Taman, CCTV, Jogging Track, Tempat Jemuran, Keamanan, Keamanan 24 jam, Track Lari, Taman,  One Gate System",rumah,hos11362814,2.0,2.0,60.0,68.0,1.0,"lainnya (ppjb,girik,adat,dll)",2200 mah,0.0,0.0,2.0,0.0,2022.0,bagus,,0.0,unfurnished,29.166666666666668,-6.30073,106.58613,1.1333333333333333
https://www.rumah123.com/properti/tangerang/hos11362767/#qid~7abe792b-a7f3-4c78-9517-85af54405a53,2000000000.0,Dijual rumah sederhana dan luas di Griyaloka Bsd,"BSD, Tangerang",BSD,Tangerang,-6.3007333,106.586126," Keamanan,  Jogging Track, Jalur Telepon, Keamanan 24 jam, Track Lari,  Kolam Renang, Taman",rumah,hos11362767,3.0,2.0,180.0,100.0,1.0,shm - sertifikat hak milik,lainnya mah,1.0,1.0,1.0,,,bagus,,1.0,,11.111111111111112,-6.30073,106.58613,0.5555555555555556
https://www.rumah123.com/properti/tangerang/hos11362026/#qid~9b7c3e11-2c18-4559-a637-16b29b361aad,9960000000.0,Enchante Residence 10x22 !!! Cluster paling mewah di BSD City,"BSD, Tangerang",BSD,Tangerang,-6.3007333,106.586126," Ac, Tempat Gym,  Keamanan,  Jogging Track, Kolam Renang,  Taman, Tempat Jemuran, Jalur Telepon, Kitchen Set,  Kolam Renang,  CCTV, Wastafel, Track Lari, Taman,  AC,  Jalur Telepon",rumah,hos11362026,5.0,7.0,220.0,398.0,2.0,shm - sertifikat hak milik,16500 mah,1.0,1.0,3.0,0.0,2024.0,baru,,1.0,semi furnished,45.27272727272727,-6.30073,106.58613,1.809090909090909
https://www.rumah123.com/properti/tangerang/hos11362012/#qid~9b7c3e11-2c18-4559-a637-16b29b361aad,1660000000.0,Rumah Kost 3 Lantai Full Furnished Siap Huni Bsd Zena Sharehouse,"BSD, Tangerang",BSD,Tangerang,-6.3007333,106.586126," Taman, CCTV, Akses Parkir, Keamanan 24 jam, AC,  CCTV, Taman,  Tempat Laundry",rumah,hos11362012,6.0,6.0,35.0,103.0,0.0,hgb - hak guna bangunan,2200 mah,0.0,0.0,3.0,,,bagus,selatan,0.0,furnished,47.42857142857142,-6.30073,106.58613,2.942857142857143
https://www.rumah123.com/properti/tangerang/hos11359858/#qid~0d9492e8-7326-465d-85ee-e54559fedc26,935000000.0,Daripada bayar kos - lebih baik beli Myza Furnish di BSD,"BSD, Tangerang",BSD,Tangerang,-6.3007333,106.586126," Jogging Track,  Taman,  Pemanas Air, Jalur Telepon, Keamanan, Kitchen Set, Keamanan 24 jam, Wastafel, Track Lari, Taman,  One Gate System",rumah,hos11359858,1.0,2.0,30.0,41.0,1.0,"lainnya (ppjb,girik,adat,dll)",1300 mah,0.0,0.0,3.0,0.0,2022.0,baru,,0.0,furnished,31.166666666666668,-6.30073,106.58613,1.3666666666666667
https://www.rumah123.com/properti/tangerang/hos11359667/#qid~0d9492e8-7326-465d-85ee-e54559fedc26,1800000000.0,Dijual Rumah Rapi Dua Lantai The Savia Bsd Sv302,"BSD, Tangerang",BSD,Tangerang,-6.3007333,106.586126,"Taman, Keamanan 24 jam",rumah,hos11359667,3.0,2.0,90.0,72.0,1.0,"lainnya (ppjb,girik,adat,dll)",2200 mah,0.0,0.0,2.0,,,bagus,,0.0,,20.0,-6.30073,106.58613,0.8
https://www.rumah123.com/properti/tangerang/hos11359321/#qid~5d5b05f9-ab0d-4774-ae61-bddd6e38b7f0,655000000.0,Rumah Mewah Murah Lokasi Strategis Dekat Universitas Dan Stasiun,"BSD, Tangerang",BSD,Tangerang,-6.3007333,106.586126,"Kulkas, Masjid,  Taman, Lapangan Bola, Tempat Jemuran, Jalur Telepon, Lapangan Bulu Tangkis,  Track Lari, Keamanan 24 jam, Wastafel,  Akses Parkir,  One Gate System,  AC,  Tempat Laundry,  Playground",rumah,hos11359321,3.0,2.0,61.0,60.0,1.0,shm - sertifikat hak milik,1300 mah,0.0,0.0,2.0,0.0,2022.0,baru,timur,2.0,semi furnished,10.737704918032788,-6.30073,106.58613,0.9836065573770492
https://www.rumah123.com/properti/tangerang/hos11352111/#qid~081d392b-51c4-4ebe-a78e-182ff09ec21c,1800000000.0,Rumah Dekat Cikokol di Buana Gardenia Bebas Banjir Harga All In Kpr,"Pinang, Tangerang",Pinang,Tangerang,-6.2135586,106.6622314,"Taman, Keamanan 24 jam, Tempat Jemuran",rumah,hos11352111,3.0,2.0,144.0,180.0,1.0,shm - sertifikat hak milik,2200 mah,0.0,0.0,1.0,,,bagus,,0.0,unfurnished,12.5,-6.21356,106.66223,1.25
https://www.rumah123.com/properti/tangerang/hos11342309/#qid~081d392b-51c4-4ebe-a78e-182ff09ec21c,1320000000.0,Rumah Bebas Banjir di Komplek Sekneg Dekat Pinang Harga All In Kpr,"Pinang, Tangerang",Pinang,Tangerang,-6.2135586,106.6622314,"Taman, Keamanan 24 jam, Tempat Jemuran",rumah,hos11342309,6.0,2.0,91.0,170.0,1.0,hgb - hak guna bangunan,2200 mah,0.0,0.0,2.0,,,bagus,,0.0,unfurnished,14.505494505494505,-6.21356,106.66223,1.8681318681318682
https://www.rumah123.com/properti/tangerang/hos10148727/#qid~081d392b-51c4-4ebe-a78e-182ff09ec21c,1680000000.0,Rumah Bebas Banjir Dekat Alam Sutera di Buana Gardenia Harga All In Kpr,"Pinang, Tangerang",Pinang,Tangerang,-6.2135586,106.6622314,"Keamanan, Taman",rumah,hos10148727,2.0,2.0,123.0,105.0,1.0,shm - sertifikat hak milik,2200 mah,0.0,0.0,2.0,,,,,1.0,unfurnished,13.658536585365853,-6.21356,106.66223,0.8536585365853658
https://www.rumah123.com/properti/tangerang/hos10612663/#qid~e64191ef-d85d-4374-aece-bf749f369f86,1860000000.0,Rumah Strategis Bebas Banjir di Perumahan Banjar Wijaya Dekat Cipondoh Harga All In Kpr,"Pinang, Tangerang",Pinang,Tangerang,-6.2135586,106.6622314,"Keamanan, Taman",rumah,hos10612663,3.0,3.0,144.0,100.0,0.0,shm - sertifikat hak milik,2200 mah,0.0,0.0,1.0,,,,,1.0,unfurnished,12.916666666666666,-6.21356,106.66223,0.6944444444444444
https://www.rumah123.com/properti/tangerang/hos10733270/#qid~031d407f-8703-4950-9c55-5101f432d482,1530000000.0,Rumah Bebas Banjir Di Modernland Dekat Akses Tol Harga All In Bisa Kpr,"Pinang, Tangerang",Pinang,Tangerang,-6.2135586,106.6622314,"Keamanan, Taman",rumah,hos10733270,2.0,2.0,90.0,95.0,1.0,shm - sertifikat hak milik,2200 mah,0.0,0.0,2.0,,,bagus,,0.0,unfurnished,17.0,-6.21356,106.66223,1.0555555555555556
https://www.rumah123.com/properti/tangerang/hos10613223/#qid~ba20bad9-a662-4594-b829-4ac5fefa0ee8,960000000.0,Rumah Minimalis Unit Pojokan Siap Kpr di Duta Bintaro Tangerang Harga All In,"Pinang, Tangerang",Pinang,Tangerang,-6.2135586,106.6622314,"Keamanan, Taman",rumah,hos10613223,3.0,1.0,103.0,90.0,0.0,shm - sertifikat hak milik,1300 mah,0.0,0.0,1.0,,,bagus,,1.0,unfurnished,9.320388349514563,-6.21356,106.66223,0.8737864077669902
https://www.rumah123.com/properti/tangerang/hos10720119/#qid~21106bba-a08b-4384-8f7a-8833fcf2a9ca,2600000000.0,Rumah Bebas Banjir Harga All In Kpr Dekat Pinang Di Metro Permata Bisa Nego,"Pinang, Tangerang",Pinang,Tangerang,-6.2135586,106.6622314,"Keamanan, Taman",rumah,hos10720119,4.0,3.0,117.0,177.0,1.0,shm - sertifikat hak milik,3500 mah,1.0,0.0,2.0,,,bagus,,0.0,unfurnished,22.222222222222225,-6.21356,106.66223,1.5128205128205128
https://www.rumah123.com/properti/tangerang/hos11352543/#qid~081d392b-51c4-4ebe-a78e-182ff09ec21c,895000000.0,Cluster Manis Harga Minimalis Bebas Banjir Ciledug Tangerang,"Ciledug, Tangerang",Ciledug,Tangerang,-6.240094,106.704859,"One Gate System, Keamanan 24 jam",rumah,hos11352543,3.0,2.0,50.0,65.0,0.0,shm - sertifikat hak milik,2200 mah,0.0,0.0,1.0,0.0,2022.0,baru,,0.0,unfurnished,17.9,-6.24009,106.70486,1.3
https://www.rumah123.com/properti/tangerang/hos10260176/#qid~e64191ef-d85d-4374-aece-bf749f369f86,1680000000.0,Rumah Seken Nego Harga All In Kpr Dekat Pondok Aren Di Graha Raya,"Ciledug, Tangerang",Ciledug,Tangerang,-6.240094,106.704859,"Keamanan, Taman",rumah,hos10260176,3.0,2.0,76.0,67.0,0.0,shm - sertifikat hak milik,2200 mah,0.0,0.0,2.0,,,,,1.0,unfurnished,22.105263157894736,-6.24009,106.70486,0.881578947368421
https://www.rumah123.com/properti/tangerang/hos10720070/#qid~df433583-d33b-493f-8b79-6a3fc25f2348,2600000000.0,Rumah Asri Bebas Banjir Dekat Ciledug di Metro Permata Harga All In Kpr Bisa Nego,"Ciledug, Tangerang",Ciledug,Tangerang,-6.240094,106.704859,"Keamanan, Taman",rumah,hos10720070,4.0,3.0,117.0,177.0,1.0,shm - sertifikat hak milik,3500 mah,1.0,0.0,2.0,,,bagus,,0.0,,22.222222222222225,-6.24009,106.70486,1.5128205128205128
https://www.rumah123.com/properti/tangerang/hos9318459/#qid~38dbf9b9-7fc2-4646-bdd9-bab0cc8409ce,1590000000.0,Rumah Tangerang 2 Lantai Rooftop Gaya Japandi Komplek Deplu Dekat Pintu Tol Ciledug,"Ciledug, Tangerang",Ciledug,Tangerang,-6.240094,106.704859,"Keamanan, Taman",rumah,hos9318459,3.0,2.0,63.0,80.0,1.0,shm - sertifikat hak milik,2200 mah,0.0,0.0,3.0,1.0,2021.0,baru,,1.0,unfurnished,25.238095238095237,-6.24009,106.70486,1.2698412698412698
https://www.rumah123.com/properti/tangerang/hos10489036/#qid~38dbf9b9-7fc2-4646-bdd9-bab0cc8409ce,1800000000.0,Rumah Bebas Banjir Dekat Alam Sutera Harga All In Nego Siap Kpr,"Ciledug, Tangerang",Ciledug,Tangerang,-6.240094,106.704859,"Keamanan, Taman",rumah,hos10489036,3.0,2.0,144.0,180.0,1.0,shm - sertifikat hak milik,2200 mah,0.0,0.0,1.0,,,bagus,,1.0,unfurnished,12.5,-6.24009,106.70486,1.25
https://www.rumah123.com/properti/tangerang/hos11144912/#qid~13a689e4-db18-4650-ac7a-bcfc871025dc,1500000000.0,Rumah 2 Lantai Bagus Siap Huni di Graha Raya Fortune Essence D3,"Ciledug, Tangerang",Ciledug,Tangerang,-6.240094,106.704859,"Tempat Jemuran, Jalur Telepon, Kitchen Set, Keamanan 24 jam, Wastafel, Track Lari, Taman,  One Gate System,  Playground",rumah,hos11144912,3.0,2.0,70.0,71.0,1.0,shm - sertifikat hak milik,2200 mah,0.0,0.0,2.0,32.0,1990.0,bagus,,0.0,furnished,21.42857142857143,-6.24009,106.70486,1.0142857142857142
https://www.rumah123.com/properti/tangerang/hos11047948/#qid~f6ec1d2c-a616-42e7-a86a-ca7173cb7359,1200000000.0,"Rumah 2 Lantai Bagus di Griya Kencana 2, Tangerang","Ciledug, Tangerang",Ciledug,Tangerang,-6.240094,106.704859,"Kulkas,  Kitchen Set, Masjid,  Taman,  Pemanas Air, Tempat Jemuran, Keamanan 24 jam, Wastafel, Track Lari,  Akses Parkir,  One Gate System,  AC, Taman",rumah,hos11047948,4.0,2.0,120.0,160.0,2.0,shm - sertifikat hak milik,4400 mah,1.0,1.0,2.0,22.0,2000.0,bagus,timur,0.0,semi furnished,10.0,-6.24009,106.70486,1.3333333333333333
https://www.rumah123.com/properti/tangerang/hos11186649/#qid~5e28f19c-b38e-4911-a769-d3042b2d7ea1,1280000000.0,Rumah Ciledug Tangerang,"Ciledug, Tangerang",Ciledug,Tangerang,-6.240094,106.704859,"Mesin Cuci, Kulkas, Masjid,  Taman, Lapangan Bola,  Pemanas Air, Tempat Jemuran, Akses Parkir,  AC",rumah,hos11186649,2.0,2.0,200.0,123.0,0.0,shm - sertifikat hak milik,2200 mah,0.0,0.0,1.0,,,bagus,tenggara,1.0,semi furnished,6.4,-6.24009,106.70486,0.615
https://www.rumah123.com/properti/tangerang/hos11349634/#qid~081d392b-51c4-4ebe-a78e-182ff09ec21c,900000000.0,Rumah Minimalis Dekat Rawakalong di Taman Jasmine Mas Harga All In Kpr,"Rawakalong, Tangerang",Rawakalong,Tangerang,-6.3715057,106.6763056,"Taman, Keamanan 24 jam, Tempat Jemuran",rumah,hos11349634,3.0,1.0,81.0,81.0,1.0,shm - sertifikat hak milik,2200 mah,1.0,0.0,1.0,,,bagus,,0.0,unfurnished,11.111111111111112,-6.37151,106.67631,1.0
https://www.rumah123.com/properti/tangerang/hos11341692/#qid~081d392b-51c4-4ebe-a78e-182ff09ec21c,1080000000.0,Rumah Seken Modern Harga All In di Rawakalong Bebas Banjir Siap Kpr,"Rawakalong, Tangerang",Rawakalong,Tangerang,-6.3715057,106.6763056,"Taman, Keamanan 24 jam, Tempat Jemuran",rumah,hos11341692,2.0,2.0,60.0,65.0,1.0,shm - sertifikat hak milik,2200 mah,0.0,0.0,2.0,,,bagus,,0.0,unfurnished,18.0,-6.37151,106.67631,1.0833333333333333
https://www.rumah123.com/properti/tangerang/hos11361260/#qid~c984c56a-bc1e-499a-afc7-2d459a55dd65,685000000.0,Rumah Elegan 2 Lantai Harga irit Gratis Biaya Biaya Surat,"Rawakalong, Tangerang",Rawakalong,Tangerang,-6.3715057,106.6763056,"Masjid,  Jogging Track,  Taman, Tempat Jemuran, Jalur Telepon, Keamanan, Keamanan 24 jam, Track Lari,  Akses Parkir,  One Gate System,  Jalur Telepon",rumah,hos11361260,3.0,2.0,64.0,60.0,1.0,shm - sertifikat hak milik,1300 mah,0.0,0.0,2.0,0.0,2022.0,baru,timur,0.0,unfurnished,10.703125,-6.37151,106.67631,0.9375
https://www.rumah123.com/properti/tangerang/hos11335915/#qid~081d392b-51c4-4ebe-a78e-182ff09ec21c,960000000.0,Rumah Dekat Panongan di Suvarna Sutera Bebas Banjir Harga All In Kpr,"Sindang Jaya, Tangerang",Sindang Jaya,Tangerang,-6.1677445,106.4977165,"Taman, Keamanan 24 jam, Tempat Jemuran",rumah,hos11335915,2.0,1.0,119.0,62.0,1.0,shm - sertifikat hak milik,2200 mah,0.0,0.0,1.0,,,bagus,,0.0,unfurnished,8.067226890756302,-6.16774,106.49772,0.5210084033613446
https://www.rumah123.com/properti/tangerang/hos11342303/#qid~081d392b-51c4-4ebe-a78e-182ff09ec21c,745000000.0,Rumah Cantik Termurah Siap Huni di Cluster Bianca Suvarna Sutera,"Sindang Jaya, Tangerang",Sindang Jaya,Tangerang,-6.1677445,106.4977165," Taman, Tempat Jemuran, Akses Parkir, Keamanan 24 jam,  Kolam Renang,  CCTV, Track Lari, Taman,  One Gate System",rumah,hos11342303,2.0,1.0,102.0,46.0,1.0,shm - sertifikat hak milik,2200 mah,0.0,0.0,1.0,,,baru,utara,0.0,unfurnished,7.303921568627451,-6.16774,106.49772,0.45098039215686275
https://www.rumah123.com/properti/tangerang/hos10973494/#qid~e64191ef-d85d-4374-aece-bf749f369f86,1060000000.0,Rumah Bebas Banjir Dekat Panongan di Talaga Bestari Siap Kpr Harga All In,"Sindang Jaya, Tangerang",Sindang Jaya,Tangerang,-6.1677445,106.4977165,"Keamanan, Taman",rumah,hos10973494,3.0,2.0,119.0,74.0,1.0,shm - sertifikat hak milik,1300 mah,0.0,0.0,1.0,,,bagus,,0.0,unfurnished,8.907563025210084,-6.16774,106.49772,0.6218487394957983
https://www.rumah123.com/properti/tangerang/hos11190301/#qid~2a385497-fa81-488b-950b-130d655fd22f,1600000000.0,Rumah Super Murah di Suvarna Sutera Cluster Chiara,"Sindang Jaya, Tangerang",Sindang Jaya,Tangerang,-6.1677445,106.4977165,"Taman, Keamanan 24 jam,  CCTV",rumah,hos11190301,3.0,2.0,128.0,192.0,1.0,shm - sertifikat hak milik,2200 mah,1.0,1.0,2.0,,,bagus,,0.0,unfurnished,12.5,-6.16774,106.49772,1.5
https://www.rumah123.com/properti/tangerang/hos10407442/#qid~03faa0cc-66ca-40a2-b278-2bf7fe55b8c1,1050000000.0,rumah 2 lantai di perumahan talaga bestari,"Sindang Jaya, Tangerang",Sindang Jaya,Tangerang,-6.1677445,106.4977165," Taman, Jogging Track, Keamanan,  Masjid,  Kolam Renang",rumah,hos10407442,3.0,2.0,140.0,80.0,1.0,,2200 mah,0.0,0.0,2.0,5.0,2017.0,bagus sekali,selatan,1.0,unfurnished,7.5,-6.16774,106.49772,0.5714285714285714
https://www.rumah123.com/properti/tangerang/hos11196317/#qid~216dd44b-abd7-4b0f-9e70-fa95891557fb,2750000000.0,Meranti Golf Estate Suvarna Sutera Tangerang,"Sindang Jaya, Tangerang",Sindang Jaya,Tangerang,-6.1677445,106.4977165," Keamanan, Jalur Telepon, Wastafel,  Track Lari,  CCTV,  Lapangan Voli,  Jogging Track, Kolam Renang, Lapangan Tenis,  Pemanas Air, Kitchen Set, Masjid,  Taman, Lapangan Bola,  Tempat Gym, Tempat Jemuran,  Lapangan Bulu Tangkis,  Jalur Telepon,  Lapangan Basket",rumah,hos11196317,4.0,4.0,180.0,214.0,3.0,shm - sertifikat hak milik,3500 mah,1.0,1.0,2.0,0.0,2022.0,baru,barat,0.0,semi furnished,15.277777777777779,-6.16774,106.49772,1.1888888888888889
https://www.rumah123.com/properti/tangerang/hos11195302/#qid~216dd44b-abd7-4b0f-9e70-fa95891557fb,2800000000.0,Cluster Eldora Suvarna Sutera Tangerang,"Sindang Jaya, Tangerang",Sindang Jaya,Tangerang,-6.1677445,106.4977165," Keamanan, CCTV, Jalur Telepon, Wastafel,  Track Lari, Keamanan 24 jam,  CCTV,  Akses Parkir,  Lapangan Voli,  Jogging Track, Kolam Renang, Lapangan Tenis,  Playground, Masjid,  Taman, Lapangan Bola,  Tempat Gym, Tempat Jemuran,  Lapangan Bulu Tangkis,  Kolam Renang,  One Gate System,  Tempat Laundry,  Jalur Telepon,  Lapangan Basket",rumah,hos11195302,4.0,3.0,160.0,190.0,2.0,shm - sertifikat hak milik,3500 mah,1.0,1.0,2.0,0.0,2022.0,baru,selatan,0.0,unfurnished,17.5,-6.16774,106.49772,1.1875
https://www.rumah123.com/properti/tangerang/hos11103019/#qid~edfca908-2a57-41da-a4c0-002d12d9b489,1800000000.0,"Dijual Murah Bu Chiara Suvarna Sutera Lokasi Strategis, Siap Huni","Sindang Jaya, Tangerang",Sindang Jaya,Tangerang,-6.1677445,106.4977165,"Masjid,  Lapangan Voli,  Taman,  Tempat Gym, Lapangan Tenis, Lapangan Basket, Tempat Jemuran, Jalur Telepon, Kitchen Set, Keamanan 24 jam,  Track Lari,  Kolam Renang,  CCTV, Wastafel,  Akses Parkir,  One Gate System,  Playground",rumah,hos11103019,3.0,3.0,180.0,142.0,1.0,"lainnya (ppjb,girik,adat,dll)",5500 mah,1.0,0.0,2.0,2.0,2020.0,bagus,barat,2.0,unfurnished,10.0,-6.16774,106.49772,0.7888888888888889
https://www.rumah123.com/properti/tangerang/hos10891500/#qid~081d392b-51c4-4ebe-a78e-182ff09ec21c,1020000000.0,Rumah Siap Huni di Perumahan Serpong Garden Harga All In Kpr,"Cisauk, Tangerang",Cisauk,Tangerang,-6.327523,106.6249784,"Keamanan, Taman",rumah,hos10891500,2.0,2.0,84.0,54.0,1.0,,2200 mah,1.0,0.0,1.0,,,bagus,,0.0,unfurnished,12.142857142857144,-6.32752,106.62498,0.6428571428571429
https://www.rumah123.com/properti/tangerang/hos10867697/#qid~a504aed0-5c3c-4f5f-8339-d8321a12bffa,750000000.0,Rumah Siap Kpr Area Serpong Dekat Aeon Mall di Serpong Garden Harga All In,"Cisauk, Tangerang",Cisauk,Tangerang,-6.327523,106.6249784,"Keamanan, Taman",rumah,hos10867697,3.0,1.0,72.0,57.0,1.0,shm - sertifikat hak milik,2200 mah,0.0,0.0,2.0,,,bagus,barat laut,0.0,unfurnished,10.416666666666666,-6.32752,106.62498,0.7916666666666666
https://www.rumah123.com/properti/tangerang/hos10835389/#qid~216dd44b-abd7-4b0f-9e70-fa95891557fb,969000000.0,RUMAH MILENIAL SIAP HUNI TANPA DP CUKUP 5 JUTA LANGSUNG AKAD,"Cisauk, Tangerang",Cisauk,Tangerang,-6.327523,106.6249784," Ac, Tempat Gym,  Keamanan, Kolam Renang,  Taman, Jogging Track, Taman, Jalur Telepon, Kitchen Set, Wastafel, Track Lari,  Kolam Renang,  AC,  Jalur Telepon",rumah,hos10835389,3.0,2.0,60.0,51.0,2.0,,2200 mah,0.0,0.0,2.0,0.0,2022.0,baru,selatan,0.0,unfurnished,16.15,-6.32752,106.62498,0.85
https://www.rumah123.com/properti/tangerang/hos11318632/#qid~fe216eb2-de17-43ed-ab54-fa3efa7fffc9,755000000.0,Rumah Mewah Termurah Tahun 2022 Modern dan Asri,"Cisauk, Tangerang",Cisauk,Tangerang,-6.327523,106.6249784," Akses Parkir, Masjid,  Keamanan,  Jogging Track,  Taman, Tempat Jemuran, Jalur Telepon, Keamanan 24 jam,  Masjid, Track Lari, Taman,  One Gate System",rumah,hos11318632,3.0,2.0,78.0,60.0,1.0,shm - sertifikat hak milik,1300 mah,0.0,0.0,2.0,0.0,2022.0,baru,utara,0.0,unfurnished,9.67948717948718,-6.32752,106.62498,0.7692307692307693
https://www.rumah123.com/properti/tangerang/hos11362641/#qid~7abe792b-a7f3-4c78-9517-85af54405a53,800000000.0,Rumah Mewah dan terjangkau dekat stasiun cisauk,"Cisauk, Tangerang",Cisauk,Tangerang,-6.327523,106.6249784," Keamanan,  Tempat Gym, Lapangan Tenis, Jogging Track, Tempat Jemuran, Lapangan Basket,  Track Lari, Wastafel, Taman",rumah,hos11362641,3.0,2.0,60.0,70.0,2.0,shm - sertifikat hak milik,2200 mah,0.0,0.0,2.0,0.0,2022.0,baru,selatan,2.0,unfurnished,13.333333333333334,-6.32752,106.62498,1.1666666666666667
https://www.rumah123.com/properti/tangerang/hos11042219/#qid~5d5b05f9-ab0d-4774-ae61-bddd6e38b7f0,3300000000.0,"Di jual rumah bagus di cluster Avani bsd city , Tangerang","Cisauk, Tangerang",Cisauk,Tangerang,-6.327523,106.6249784," Jogging Track, Taman, Masjid,  Keamanan",rumah,hos11042219,3.0,3.0,225.0,120.0,0.0,"lainnya (ppjb,girik,adat,dll)",2200 mah,0.0,0.0,2.0,,,baru,,0.0,unfurnished,14.666666666666666,-6.32752,106.62498,0.5333333333333333
https://www.rumah123.com/properti/tangerang/hos10612594/#qid~e64191ef-d85d-4374-aece-bf749f369f86,1060000000.0,Rumah Strategis Bebas Banjir di Perum Binong Permai Harga All In Siap Kpr,"Curug, Tangerang",Curug,Tangerang,-6.2368145,106.566375,"Keamanan, Taman",rumah,hos10612594,4.0,3.0,106.0,151.0,0.0,shm - sertifikat hak milik,1300 mah,0.0,0.0,2.0,,,bagus,,1.0,unfurnished,10.0,-6.23681,106.56638,1.4245283018867925
https://www.rumah123.com/properti/tangerang/hos11057605/#qid~e64191ef-d85d-4374-aece-bf749f369f86,3600000000.0,Rumah Dekat Karawaci di Taman Bukit Chedi Harga All In Bisa Kpr,"Curug, Tangerang",Curug,Tangerang,-6.2368145,106.566375,"Taman, Keamanan 24 jam, Tempat Jemuran",rumah,hos11057605,2.0,2.0,253.0,138.0,2.0,shm - sertifikat hak milik,3500 mah,1.0,0.0,2.0,,,bagus,selatan,0.0,unfurnished,14.229249011857707,-6.23681,106.56638,0.5454545454545454
https://www.rumah123.com/properti/tangerang/hos10612478/#qid~e64191ef-d85d-4374-aece-bf749f369f86,500000000.0,Rumah Strategis Di Perumahan Citra Raya Dekat Curug Harga All In Bisa Kpr,"Curug, Tangerang",Curug,Tangerang,-6.2368145,106.566375,"Keamanan, Taman",rumah,hos10612478,2.0,1.0,72.0,50.0,0.0,shm - sertifikat hak milik,1300 mah,0.0,0.0,1.0,,,bagus,,1.0,unfurnished,6.944444444444444,-6.23681,106.56638,0.6944444444444444
https://www.rumah123.com/properti/tangerang/hos11114548/#qid~e64191ef-d85d-4374-aece-bf749f369f86,500000000.0,Rumah Bebas Banjir di Royal Karawaci Dekat Lippo Karawaci Harga All In Kpr,"Curug, Tangerang",Curug,Tangerang,-6.2368145,106.566375,"Taman, Keamanan 24 jam, Tempat Jemuran",rumah,hos11114548,2.0,1.0,60.0,36.0,1.0,shm - sertifikat hak milik,1300 mah,0.0,0.0,1.0,,,bagus,timur,0.0,unfurnished,8.333333333333332,-6.23681,106.56638,0.6
https://www.rumah123.com/properti/tangerang/hos10023333/#qid~e64191ef-d85d-4374-aece-bf749f369f86,650000000.0,Rumah Bisa Kpr di Grandview Karawaci Dekat Lippo Karawaci Harga All In Bisa Nego,"Curug, Tangerang",Curug,Tangerang,-6.2368145,106.566375,"Keamanan, Taman",rumah,hos10023333,2.0,1.0,72.0,36.0,0.0,shm - sertifikat hak milik,1300 mah,0.0,0.0,1.0,,,bagus,,0.0,furnished,9.027777777777779,-6.23681,106.56638,0.5
https://www.rumah123.com/properti/tangerang/hos10288885/#qid~061b8866-ab27-4e79-90a6-dbd1e834c9d9,1440000000.0,Rumah Luas Strategis Siap Kpr di Citra Raya Harga All In Bisa Nego,"Curug, Tangerang",Curug,Tangerang,-6.2368145,106.566375,"Keamanan, Taman",rumah,hos10288885,4.0,1.0,164.0,100.0,1.0,shm - sertifikat hak milik,2200 mah,0.0,0.0,1.0,,,,,1.0,unfurnished,8.78048780487805,-6.23681,106.56638,0.6097560975609756
https://www.rumah123.com/properti/tangerang/hos11203065/#qid~2a385497-fa81-488b-950b-130d655fd22f,954000000.0,"Rumah 2 Lantai Baru Unfurnished SHM di Rumah Aryana Karawaci, Curug, Tangerang, Banten, Tangerang","Curug, Tangerang",Curug,Tangerang,-6.2368145,106.566375,"Jalur Telepon, Wastafel,  Track Lari, Keamanan 24 jam,  CCTV,  AC,  Akses Parkir,  Lapangan Voli, Kitchen Set,  Playground, Masjid,  Taman, Lapangan Bola,  Tempat Gym, Lapangan Basket, Tempat Jemuran,  Lapangan Bulu Tangkis,  Kolam Renang,  Tempat Laundry",rumah,hos11203065,4.0,2.0,72.0,83.0,1.0,hgb - hak guna bangunan,2200 mah,0.0,0.0,2.0,1.0,2021.0,baru,selatan,0.0,unfurnished,13.25,-6.23681,106.56638,1.1527777777777777
https://www.rumah123.com/properti/tangerang/hos11337650/#qid~546937c2-86eb-4bb2-9f2b-b438ef599e9e,889000000.0,Rumah Minimalis Modern Untuk Pasangan Muda Di Tangerang 800jutaan,"Curug, Tangerang",Curug,Tangerang,-6.2368145,106.566375," Taman, Tempat Jemuran, Jalur Telepon, Taman, Kitchen Set, Keamanan 24 jam, Wastafel,  CCTV, Track Lari,  Kolam Renang,  One Gate System, Tempat Gym,  Playground",rumah,hos11337650,2.0,1.0,72.0,41.0,1.0,shm - sertifikat hak milik,2200 mah,0.0,0.0,1.0,,,baru,,0.0,unfurnished,12.347222222222221,-6.23681,106.56638,0.5694444444444444
https://www.rumah123.com/properti/tangerang/hos10106347/#qid~18aeb085-a7b2-4d18-80f3-28cc6777c4e2,1500000000.0,Rumah Sudah Full Bangunan Karawaci 12 Menit ke Lippo Karawaci,"Curug, Tangerang",Curug,Tangerang,-6.2368145,106.566375," Ac,  Taman, Jogging Track, Keamanan,  CCTV,  Kolam Renang",rumah,hos10106347,3.0,2.0,72.0,120.0,2.0,shm - sertifikat hak milik,2200 mah,0.0,0.0,2.0,3.0,2019.0,sudah renovasi,timur,0.0,furnished,20.833333333333332,-6.23681,106.56638,1.6666666666666667
https://www.rumah123.com/properti/tangerang/hos10106415/#qid~18aeb085-a7b2-4d18-80f3-28cc6777c4e2,1300000000.0,Rumah 2 Lantai Griya Karawaci 15 menit ke Lippo dan Gading Serpong,"Curug, Tangerang",Curug,Tangerang,-6.2368145,106.566375," Keamanan, CCTV,  Taman,  Masjid, Ac",rumah,hos10106415,5.0,3.0,108.0,200.0,2.0,shm - sertifikat hak milik,2200 mah,0.0,0.0,2.0,2.0,2020.0,bagus sekali,timur,0.0,semi furnished,12.037037037037038,-6.23681,106.56638,1.8518518518518519
https://www.rumah123.com/properti/tangerang/hos10106566/#qid~18aeb085-a7b2-4d18-80f3-28cc6777c4e2,800000000.0,Rumah Aryana Karawaci 15 menit ke Lippo dan Gading Serpong,"Curug, Tangerang",Curug,Tangerang,-6.2368145,106.566375," Jogging Track, Taman, Kolam Renang,  Keamanan",rumah,hos10106566,3.0,2.0,72.0,67.0,0.0,,2200 mah,0.0,0.0,1.0,2.0,2020.0,bagus,selatan,0.0,unfurnished,11.111111111111112,-6.23681,106.56638,0.9305555555555556
https://www.rumah123.com/properti/tangerang/hos10716144/#qid~18aeb085-a7b2-4d18-80f3-28cc6777c4e2,625000000.0,Rumah Cantik Aryana Karawaci Siap Huni Sudah Full Renovasi,"Curug, Tangerang",Curug,Tangerang,-6.2368145,106.566375," Keamanan,  Jogging Track, Kolam Renang,  Masjid, Taman",rumah,hos10716144,2.0,1.0,72.0,45.0,1.0,shm - sertifikat hak milik,1300 mah,0.0,0.0,1.0,3.0,2019.0,bagus sekali,barat,0.0,unfurnished,8.680555555555555,-6.23681,106.56638,0.625
https://www.rumah123.com/properti/tangerang/hos9636650/#qid~18aeb085-a7b2-4d18-80f3-28cc6777c4e2,832000000.0,Rumah Cantik 2 Lantai Aryana Karawaci,"Curug, Tangerang",Curug,Tangerang,-6.2368145,106.566375,"Taman,  Kolam Renang, Jogging Track,  Keamanan",rumah,hos9636650,4.0,2.0,72.0,78.0,1.0,shm - sertifikat hak milik,2200 mah,0.0,0.0,2.0,1.0,2021.0,bagus sekali,selatan,1.0,unfurnished,11.555555555555555,-6.23681,106.56638,1.0833333333333333
https://www.rumah123.com/properti/tangerang/hos11116234/#qid~18aeb085-a7b2-4d18-80f3-28cc6777c4e2,648000000.0,Rumah sangat strategis dalam cluster dekat Lippo Karawaci dan Gading Serpong,"Curug, Tangerang",Curug,Tangerang,-6.2368145,106.566375," Jogging Track, Keamanan,  Masjid,  Kolam Renang, Taman",rumah,hos11116234,2.0,1.0,72.0,39.0,0.0,shm - sertifikat hak milik,1300 mah,0.0,0.0,1.0,2.0,2020.0,bagus sekali,selatan,0.0,unfurnished,9.0,-6.23681,106.56638,0.5416666666666666
https://www.rumah123.com/properti/tangerang/hos11116280/#qid~18aeb085-a7b2-4d18-80f3-28cc6777c4e2,720000000.0,Rumah Cluster Aryana Karawaci Tangerang 10 menit ke Gading Serpong dan Lippo Karawaci,"Curug, Tangerang",Curug,Tangerang,-6.2368145,106.566375,"Masjid,  Keamanan,  Jogging Track, Kolam Renang,  Taman",rumah,hos11116280,2.0,1.0,72.0,39.0,0.0,shm - sertifikat hak milik,1300 mah,0.0,0.0,1.0,1.0,2021.0,baru,timur laut,0.0,,10.0,-6.23681,106.56638,0.5416666666666666
https://www.rumah123.com/properti/tangerang/hos10360425/#qid~18aeb085-a7b2-4d18-80f3-28cc6777c4e2,843000000.0,Rumah murah siap huni dekat Lippo karawaci,"Curug, Tangerang",Curug,Tangerang,-6.2368145,106.566375," Ac,  Keamanan, Jogging Track,  CCTV,  Kolam Renang, Taman",rumah,hos10360425,2.0,2.0,72.0,54.0,1.0,shm - sertifikat hak milik,2200 mah,0.0,0.0,2.0,1.0,2021.0,baru,utara,1.0,semi furnished,11.708333333333334,-6.23681,106.56638,0.75
https://www.rumah123.com/properti/tangerang/hos11309615/#qid~eaddfd9a-1be2-498e-a8c9-77196c3c7ef7,600000000.0,Rumah dekat plp Curug free biaya KPR dan surat surat,"Curug, Tangerang",Curug,Tangerang,-6.2368145,106.566375,"Keamanan, Taman",rumah,hos11309615,2.0,1.0,89.0,40.0,0.0,shm - sertifikat hak milik,1300 mah,0.0,0.0,1.0,0.0,2022.0,bagus,selatan,0.0,,6.741573033707866,-6.23681,106.56638,0.449438202247191
https://www.rumah123.com/properti/tangerang/hos11359930/#qid~0d9492e8-7326-465d-85ee-e54559fedc26,1400000000.0,GARDENIA  Rumah klaster di Paramount Petals Tangerang,"Curug, Tangerang",Curug,Tangerang,-6.2368145,106.566375,"Keamanan, Keamanan 24 jam",rumah,hos11359930,3.0,2.0,120.0,70.0,1.0,"lainnya (ppjb,girik,adat,dll)",2200 mah,0.0,0.0,1.0,,,baru,,0.0,unfurnished,11.666666666666666,-6.23681,106.56638,0.5833333333333334
https://www.rumah123.com/properti/tangerang/hos10612651/#qid~e64191ef-d85d-4374-aece-bf749f369f86,3120000000.0,Rumah Asri Bebas Banjir Siap Kpr di The Eminent Cluster Vivacia Dekat Legok Harga All In,"Pagedangan, Tangerang",Pagedangan,Tangerang,-6.2971785,106.6157741,"Keamanan, Taman",rumah,hos10612651,3.0,3.0,128.0,144.0,0.0,,2200 mah,0.0,0.0,2.0,,,bagus,,1.0,unfurnished,24.375,-6.29718,106.61577,1.125
https://www.rumah123.com/properti/tangerang/hos10225524/#qid~031d407f-8703-4950-9c55-5101f432d482,7400000000.0,RUMAH BAGUS FULLY FURNISHED DI LANCEWOOD AT NAVA PARK BSD,"Pagedangan, Tangerang",Pagedangan,Tangerang,-6.2971785,106.6157741," Ac, Keamanan, Taman",rumah,hos10225524,4.0,4.0,220.0,285.0,2.0,shm - sertifikat hak milik,lainnya mah,0.0,0.0,2.0,,,,,2.0,furnished,33.63636363636363,-6.29718,106.61577,1.2954545454545454
https://www.rumah123.com/properti/tangerang/hos10229194/#qid~54003faa-18c9-4e10-a528-a1c515628a60,16000000000.0,Wts Nava Park Cluster Lakewood,"Pagedangan, Tangerang",Pagedangan,Tangerang,-6.2971785,106.6157741," Ac, Keamanan, Taman",rumah,hos10229194,6.0,5.0,336.0,418.0,4.0,,lainnya mah,0.0,0.0,2.0,,,,,0.0,furnished,47.61904761904762,-6.29718,106.61577,1.244047619047619
https://www.rumah123.com/properti/tangerang/hos10612920/#qid~a504aed0-5c3c-4f5f-8339-d8321a12bffa,2400000000.0,Rumah Strategis Bebas Banjir di Cluster Angelonia Siap Kpr Harga All In,"Pagedangan, Tangerang",Pagedangan,Tangerang,-6.2971785,106.6157741,"Keamanan, Taman",rumah,hos10612920,3.0,2.0,161.0,200.0,0.0,shm - sertifikat hak milik,2200 mah,1.0,0.0,2.0,,,,,1.0,unfurnished,14.906832298136646,-6.29718,106.61577,1.2422360248447204
https://www.rumah123.com/properti/tangerang/hos10509532/#qid~061b8866-ab27-4e79-90a6-dbd1e834c9d9,828000000.0,Rumah 2 lantai Super murah dekat stasiun parung panjang,"Pagedangan, Tangerang",Pagedangan,Tangerang,-6.2971785,106.6157741," Ac,  Keamanan, CCTV,  Jogging Track, Kolam Renang,  Taman, Jalur Telepon, AC, Track Lari,  Jalur Telepon",rumah,hos10509532,3.0,2.0,60.0,62.0,1.0,shm - sertifikat hak milik,2200 mah,0.0,0.0,2.0,0.0,2022.0,baru,,1.0,unfurnished,13.8,-6.29718,106.61577,1.0333333333333334
https://www.rumah123.com/properti/tangerang/hos10748257/#qid~ee681e3d-c9e4-4718-ac4c-a651ac12aa71,3300000000.0,Rumah Divena Avani Bsd Hadap Taman Terawat Lokasi Asri Nyaman Aman Strategis,"Pagedangan, Tangerang",Pagedangan,Tangerang,-6.2971785,106.6157741,"Jalur Telepon, Taman,  Jogging Track,  Keamanan",rumah,hos10748257,3.0,3.0,225.0,120.0,1.0,"lainnya (ppjb,girik,adat,dll)",3300 mah,1.0,1.0,2.0,4.0,2018.0,bagus,utara,0.0,unfurnished,14.666666666666666,-6.29718,106.61577,0.5333333333333333
https://www.rumah123.com/properti/tangerang/hos8807512/#qid~f92d9c50-dbab-418d-a757-cf9be2836290,826000000.0,Rumah villa dekat stasiun  parung panjang,"Pagedangan, Tangerang",Pagedangan,Tangerang,-6.2971785,106.6157741," Ac,  Keamanan, CCTV,  Taman, Jogging Track,  Kolam Renang,  Jalur Telepon",rumah,hos8807512,3.0,2.0,84.0,47.0,1.0,shm - sertifikat hak milik,2200 mah,0.0,0.0,1.0,0.0,2022.0,baru,,1.0,unfurnished,9.833333333333334,-6.29718,106.61577,0.5595238095238095
https://www.rumah123.com/properti/tangerang/hos9398167/#qid~f92d9c50-dbab-418d-a757-cf9be2836290,679000000.0,Rumah Milenial dekat stasiun Parung panjang,"Pagedangan, Tangerang",Pagedangan,Tangerang,-6.2971785,106.6157741," Ac,  Keamanan,  Jogging Track, Kolam Renang,  CCTV, Taman,  Jalur Telepon",rumah,hos9398167,2.0,1.0,72.0,36.0,1.0,shm - sertifikat hak milik,2200 mah,0.0,0.0,1.0,0.0,2022.0,baru,selatan,1.0,unfurnished,9.430555555555555,-6.29718,106.61577,0.5
https://www.rumah123.com/properti/tangerang/hos10612554/#qid~e64191ef-d85d-4374-aece-bf749f369f86,1440000000.0,Rumah Strategis Siap Kpr Harga All In Dekat Pagedangan Bebas Banjir,"Kelapa Dua, Tangerang",Kelapa Dua,Tangerang,-6.2392714,106.61373,"Keamanan, Taman",rumah,hos10612554,4.0,2.0,96.0,110.0,0.0,shm - sertifikat hak milik,2200 mah,0.0,0.0,2.0,,,bagus,,1.0,unfurnished,15.0,-6.23927,106.61373,1.1458333333333333
https://www.rumah123.com/properti/tangerang/hos10612649/#qid~e64191ef-d85d-4374-aece-bf749f369f86,1020000000.0,Rumah Siap Huni Dekat Curug di Karawaci Residence Siap Kpr Harga All In,"Kelapa Dua, Tangerang",Kelapa Dua,Tangerang,-6.2392714,106.61373,"Keamanan, Taman",rumah,hos10612649,2.0,1.0,90.0,65.0,0.0,shm - sertifikat hak milik,1300 mah,0.0,0.0,1.0,,,,,1.0,unfurnished,11.333333333333334,-6.23927,106.61373,0.7222222222222222
https://www.rumah123.com/properti/tangerang/hos11036755/#qid~ba20bad9-a662-4594-b829-4ac5fefa0ee8,660000000.0,Rumah Strategis di Perum Dasana Indah Dekat Summarecon Harga All In Kpr,"Kelapa Dua, Tangerang",Kelapa Dua,Tangerang,-6.2392714,106.61373,"Keamanan, Taman",rumah,hos11036755,3.0,2.0,60.0,72.0,1.0,shm - sertifikat hak milik,1300 mah,0.0,0.0,1.0,,,bagus,barat,0.0,unfurnished,11.0,-6.23927,106.61373,1.2
https://www.rumah123.com/properti/tangerang/hos10703382/#qid~df433583-d33b-493f-8b79-6a3fc25f2348,1440000000.0,Rumah Strategis di Harapan Kita Bebas Banjir Harga All In Siap Kpr,"Kelapa Dua, Tangerang",Kelapa Dua,Tangerang,-6.2392714,106.61373,"Keamanan, Taman",rumah,hos10703382,2.0,2.0,120.0,102.0,1.0,shm - sertifikat hak milik,1300 mah,0.0,0.0,1.0,,,bagus,,1.0,unfurnished,12.0,-6.23927,106.61373,0.85
https://www.rumah123.com/properti/tangerang/hos10111210/#qid~54003faa-18c9-4e10-a528-a1c515628a60,3600000000.0,CEPAT TURUN HARGA RUMAH BAGUS DI MAXWELL GADING SERPONG,"Kelapa Dua, Tangerang",Kelapa Dua,Tangerang,-6.2392714,106.61373," Taman, Keamanan, Ac",rumah,hos10111210,4.0,3.0,144.0,176.0,1.0,,5500 mah,1.0,1.0,2.0,,,,selatan,1.0,,25.0,-6.23927,106.61373,1.2222222222222223
https://www.rumah123.com/properti/tangerang/hos3507180/#qid~f6ec1d2c-a616-42e7-a86a-ca7173cb7359,595000000.0,Rumah 126m2 2Lantai Full Renovasi Strategis Dasana Indah Akses Ke gading serpong Tangerang,"Kelapa Dua, Tangerang",Kelapa Dua,Tangerang,-6.2392714,106.61373,"Masjid, Lapangan Bola, Tempat Jemuran, AC, Ac, Wastafel,  Kolam Renang, Tempat Gym",rumah,hos3507180,3.0,2.0,63.0,126.0,1.0,shm - sertifikat hak milik,900 mah,0.0,0.0,2.0,22.0,2000.0,sudah renovasi,,0.0,semi furnished,9.444444444444445,-6.23927,106.61373,2.0
https://www.rumah123.com/properti/tangerang/hos9767581/#qid~18aeb085-a7b2-4d18-80f3-28cc6777c4e2,770000000.0,Rumah Cantik Karawaci 15 Menit ke Lippo dan Gading Serpong,"Kelapa Dua, Tangerang",Kelapa Dua,Tangerang,-6.2392714,106.61373,"Masjid,  Keamanan,  Jogging Track, Kolam Renang,  Taman",rumah,hos9767581,2.0,2.0,70.0,45.0,1.0,shm - sertifikat hak milik,2200 mah,0.0,0.0,2.0,2.0,2020.0,bagus sekali,timur,1.0,,11.0,-6.23927,106.61373,0.6428571428571429
https://www.rumah123.com/properti/tangerang/hos6397603/#qid~f92d9c50-dbab-418d-a757-cf9be2836290,825000000.0,Rumah Mungil minimalis  Dekat Mall gading serpong,"Kelapa Dua, Tangerang",Kelapa Dua,Tangerang,-6.2392714,106.61373," Ac,  Keamanan,  Taman, CCTV, Jogging Track, Jalur Telepon, Keamanan 24 jam, AC,  CCTV, Track Lari,  Kolam Renang, Taman",rumah,hos6397603,2.0,2.0,40.0,44.0,1.0,shm - sertifikat hak milik,2200 mah,0.0,0.0,2.0,0.0,2022.0,baru,,0.0,unfurnished,20.625,-6.23927,106.61373,1.1
https://www.rumah123.com/properti/tangerang/hos6766759/#qid~f92d9c50-dbab-418d-a757-cf9be2836290,1990000000.0,Rumah mewah  super luas serpong,"Kelapa Dua, Tangerang",Kelapa Dua,Tangerang,-6.2392714,106.61373,"Kolam Renang, AC, Ac",rumah,hos6766759,3.0,2.0,120.0,90.0,0.0,shm - sertifikat hak milik,2200 mah,0.0,0.0,2.0,2.0,2020.0,baru,,2.0,unfurnished,16.583333333333336,-6.23927,106.61373,0.75
https://www.rumah123.com/properti/tangerang/hos11364411/#qid~de3482b1-2665-4625-8388-e73221c6121f,950000000.0,Rumah minimalis Karawaci residence nempel. Gading serpong,"Kelapa Dua, Tangerang",Kelapa Dua,Tangerang,-6.2392714,106.61373," Taman, Tempat Jemuran, Lapangan Bulu Tangkis, Akses Parkir, Keamanan, Keamanan 24 jam, Lapangan Voli, Taman,  Playground",rumah,hos11364411,2.0,1.0,96.0,80.0,1.0,shm - sertifikat hak milik,1300 mah,0.0,0.0,1.0,13.0,2009.0,sudah renovasi,utara,0.0,unfurnished,9.895833333333334,-6.23927,106.61373,0.8333333333333334
https://www.rumah123.com/properti/tangerang/hos11362324/#qid~de3482b1-2665-4625-8388-e73221c6121f,750000000.0,Rumah minimalis Karawaci Residence. Hadap utara,"Kelapa Dua, Tangerang",Kelapa Dua,Tangerang,-6.2392714,106.61373," Keamanan, Tempat Jemuran, Lapangan Bulu Tangkis, Lapangan Voli, AC,  Masjid, Ac, Taman",rumah,hos11362324,2.0,1.0,90.0,60.0,1.0,shm - sertifikat hak milik,1300 mah,0.0,0.0,1.0,12.0,2010.0,sudah renovasi,utara,0.0,semi furnished,8.333333333333332,-6.23927,106.61373,0.6666666666666666
https://www.rumah123.com/properti/tangerang/hos11364252/#qid~de3482b1-2665-4625-8388-e73221c6121f,755000000.0,Rumah Elegan 2 Lantai SHM Gratis Biaya Biaya Surat Bebas Banjir,"Kelapa Dua, Tangerang",Kelapa Dua,Tangerang,-6.2392714,106.61373," Keamanan,  Jogging Track,  Taman, Tempat Jemuran, Jalur Telepon,  Masjid, Track Lari, Taman",rumah,hos11364252,3.0,2.0,78.0,60.0,1.0,shm - sertifikat hak milik,1300 mah,0.0,0.0,2.0,0.0,2022.0,baru,utara,0.0,unfurnished,9.67948717948718,-6.23927,106.61373,0.7692307692307693
https://www.rumah123.com/properti/tangerang/hos11364208/#qid~de3482b1-2665-4625-8388-e73221c6121f,785000000.0,Rumah Mewah Murah 2 Lantai SHM Gratis Biaya Biaya Surat Lokasi Strategis,"Kelapa Dua, Tangerang",Kelapa Dua,Tangerang,-6.2392714,106.61373,"Masjid,  Jogging Track,  Taman, Tempat Jemuran, Jalur Telepon, Keamanan, Keamanan 24 jam, Track Lari,  Akses Parkir,  One Gate System,  Jalur Telepon",rumah,hos11364208,3.0,2.0,85.0,60.0,1.0,shm - sertifikat hak milik,1300 mah,0.0,0.0,2.0,0.0,2022.0,baru,utara,0.0,unfurnished,9.23529411764706,-6.23927,106.61373,0.7058823529411765
https://www.rumah123.com/properti/tangerang/hos10899729/#qid~e64191ef-d85d-4374-aece-bf749f369f86,32000000000.0,Rumah Dengan Nuansa Klasik Mewah Grade A+ Karawaci .dsy,"Karawaci, Tangerang",Karawaci,Tangerang,-6.1828701,106.617579,"Keamanan, Taman",rumah,hos10899729,6.0,6.0,1340.0,1500.0,0.0,shm - sertifikat hak milik,lainnya mah,2.0,2.0,3.0,,,bagus sekali,,0.0,,23.88059701492537,-6.18287,106.61758,1.1194029850746268
https://www.rumah123.com/properti/tangerang/hos9659499/#qid~ba20bad9-a662-4594-b829-4ac5fefa0ee8,945000000.0,Rumah Murah dan Bagus di Karawaci,"Karawaci, Tangerang",Karawaci,Tangerang,-6.1828701,106.617579," Keamanan, CCTV,  Jogging Track,  Taman, Kolam Renang, Jalur Telepon, Taman, Keamanan 24 jam, Ac, AC, Track Lari,  Kolam Renang,  Jalur Telepon",rumah,hos9659499,4.0,2.0,72.0,83.0,1.0,shm - sertifikat hak milik,2200 mah,0.0,0.0,2.0,0.0,2022.0,baru,selatan,1.0,unfurnished,13.125,-6.18287,106.61758,1.1527777777777777
https://www.rumah123.com/properti/tangerang/hos11181598/#qid~54003faa-18c9-4e10-a528-a1c515628a60,900000000.0,Rumah 2 Lantai Mewah Siap Huni Di Karawaci,"Karawaci, Tangerang",Karawaci,Tangerang,-6.1828701,106.617579,"Pemanas Air,  Keamanan,  Jogging Track,  Taman, Tempat Jemuran, Jalur Telepon, Ac,  Masjid, Wastafel, Track Lari,  Kolam Renang,  AC",rumah,hos11181598,4.0,2.0,72.0,83.0,1.0,shm - sertifikat hak milik,2200 mah,0.0,0.0,2.0,1.0,2021.0,bagus,timur,0.0,unfurnished,12.5,-6.18287,106.61758,1.1527777777777777
https://www.rumah123.com/properti/tangerang/hos10613311/#qid~ede15eae-7f52-407b-9fe7-7bdc29376b6a,4200000000.0,Rumah Siap Kpr Harga All In Di Modernland Bebas Banjir Dekat Karawaci,"Karawaci, Tangerang",Karawaci,Tangerang,-6.1828701,106.617579,"Keamanan, Taman",rumah,hos10613311,6.0,3.0,210.0,300.0,0.0,shm - sertifikat hak milik,4400 mah,0.0,0.0,2.0,,,bagus,,1.0,unfurnished,20.0,-6.18287,106.61758,1.4285714285714286
https://www.rumah123.com/properti/tangerang/hos10930892/#qid~ede15eae-7f52-407b-9fe7-7bdc29376b6a,1440000000.0,Rumah Dekat Karawaci Bebas Banjir di Perum Harapan Kita Harga All In Kpr,"Karawaci, Tangerang",Karawaci,Tangerang,-6.1828701,106.617579,"Keamanan, Taman",rumah,hos10930892,2.0,2.0,120.0,102.0,1.0,shm - sertifikat hak milik,1300 mah,0.0,0.0,1.0,,,bagus,,0.0,unfurnished,12.0,-6.18287,106.61758,0.85
https://www.rumah123.com/properti/tangerang/hos10491575/#qid~38dbf9b9-7fc2-4646-bdd9-bab0cc8409ce,2220000000.0,Rumah Strategis Siap Kpr Dekat Mall Alam Sutera Harga All In,"Karawaci, Tangerang",Karawaci,Tangerang,-6.1828701,106.617579,"Keamanan, Taman",rumah,hos10491575,3.0,3.0,120.0,130.0,1.0,shm - sertifikat hak milik,2200 mah,0.0,0.0,2.0,,,bagus,,1.0,unfurnished,18.5,-6.18287,106.61758,1.0833333333333333
https://www.rumah123.com/properti/tangerang/hos9932371/#qid~061b8866-ab27-4e79-90a6-dbd1e834c9d9,650000000.0,Rumah Seken Nego Bisa Kpr di Tangerang Grand View Karawaci Harga All In,"Karawaci, Tangerang",Karawaci,Tangerang,-6.1828701,106.617579,"Keamanan, Taman",rumah,hos9932371,2.0,1.0,72.0,36.0,1.0,shm - sertifikat hak milik,1300 mah,0.0,0.0,1.0,,,bagus,selatan,0.0,furnished,9.027777777777779,-6.18287,106.61758,0.5
https://www.rumah123.com/properti/tangerang/hos11251201/#qid~216dd44b-abd7-4b0f-9e70-fa95891557fb,650000000.0,Termurah Rumah 2 Lantai Siap Huni di Karawaci Tangerang,"Karawaci, Tangerang",Karawaci,Tangerang,-6.1828701,106.617579,"Masjid, Keamanan 24 jam, Tempat Jemuran",rumah,hos11251201,3.0,2.0,72.0,96.0,1.0,shm - sertifikat hak milik,1300 mah,0.0,0.0,2.0,,,bagus,,1.0,unfurnished,9.027777777777779,-6.18287,106.61758,1.3333333333333333
https://www.rumah123.com/properti/tangerang/hos11177282/#qid~5e28f19c-b38e-4911-a769-d3042b2d7ea1,954000000.0,Rumah 2 Millenials Lantai Strategis Bebas Banjir,"Karawaci, Tangerang",Karawaci,Tangerang,-6.1828701,106.617579," Keamanan,  Jogging Track, Kolam Renang,  Taman, Jalur Telepon, Kitchen Set,  Masjid, Wastafel, Track Lari, Tempat Gym",rumah,hos11177282,3.0,2.0,72.0,78.0,2.0,shm - sertifikat hak milik,2200 mah,0.0,0.0,2.0,,,baru,utara,0.0,unfurnished,13.25,-6.18287,106.61758,1.0833333333333333
https://www.rumah123.com/properti/tangerang/hos10714386/#qid~18aeb085-a7b2-4d18-80f3-28cc6777c4e2,975000000.0,Rumah siap huni di Karawaci Tangerang,"Karawaci, Tangerang",Karawaci,Tangerang,-6.1828701,106.617579," Ac, Keamanan,  Taman, Jogging Track",rumah,hos10714386,4.0,2.0,72.0,78.0,1.0,shm - sertifikat hak milik,2200 mah,0.0,0.0,2.0,0.0,2022.0,baru,selatan,1.0,unfurnished,13.541666666666666,-6.18287,106.61758,1.0833333333333333
https://www.rumah123.com/properti/tangerang/hos11363784/#qid~7724b384-c2e7-421e-85bb-1b5687e654d1,850000000.0,Dijual Murah Rumah Perum 2 Karawaci Tangerang,"Karawaci, Tangerang",Karawaci,Tangerang,-6.1828701,106.617579,"Kitchen Set, Keamanan 24 jam",rumah,hos11363784,4.0,2.0,135.0,108.0,1.0,shm - sertifikat hak milik,2200 mah,0.0,0.0,2.0,,,bagus,,0.0,unfurnished,6.296296296296297,-6.18287,106.61758,0.8
https://www.rumah123.com/properti/tangerang/hos11360538/#qid~c984c56a-bc1e-499a-afc7-2d459a55dd65,800000000.0,Rumah 2 Lantai Dekat Perkantoran BSD City AEON TOL Dan Stasiun,"Karawaci, Tangerang",Karawaci,Tangerang,-6.1828701,106.617579,"Tempat Jemuran, Keamanan, Keamanan 24 jam, Wastafel, Taman,  One Gate System",rumah,hos11360538,3.0,2.0,60.0,65.0,2.0,shm - sertifikat hak milik,2200 mah,0.0,0.0,2.0,0.0,2022.0,baru,selatan,0.0,unfurnished,13.333333333333334,-6.18287,106.61758,1.0833333333333333
https://www.rumah123.com/properti/tangerang/hos10978400/#qid~e64191ef-d85d-4374-aece-bf749f369f86,4200000000.0,Rumah Siap Kpr di Modernland Premier Park Dekat Cikokol Harga All In,"Cikokol, Tangerang",Cikokol,Tangerang,-6.2058045,106.6332435,"Keamanan, Taman",rumah,hos10978400,6.0,3.0,210.0,300.0,1.0,shm - sertifikat hak milik,4400 mah,0.0,0.0,2.0,,,bagus,,0.0,unfurnished,20.0,-6.2058,106.63324,1.4285714285714286
https://www.rumah123.com/properti/tangerang/hos10973592/#qid~e64191ef-d85d-4374-aece-bf749f369f86,1440000000.0,Rumah Asri Harga All In Bisa Kpr Dekat Cikokol di Perumahan Harapan Kita,"Cikokol, Tangerang",Cikokol,Tangerang,-6.2058045,106.6332435,"Keamanan, Taman",rumah,hos10973592,2.0,2.0,120.0,102.0,1.0,shm - sertifikat hak milik,1300 mah,0.0,0.0,1.0,,,bagus,,0.0,unfurnished,12.0,-6.2058,106.63324,0.85
https://www.rumah123.com/properti/tangerang/hos10733331/#qid~21106bba-a08b-4384-8f7a-8833fcf2a9ca,1530000000.0,Rumah Siap Kpr Dekat Cikokol di Modernland Akses Mudah Harga All In,"Cikokol, Tangerang",Cikokol,Tangerang,-6.2058045,106.6332435,"Keamanan, Taman",rumah,hos10733331,2.0,2.0,90.0,95.0,1.0,shm - sertifikat hak milik,2200 mah,0.0,0.0,2.0,,,bagus,,0.0,unfurnished,17.0,-6.2058,106.63324,1.0555555555555556
https://www.rumah123.com/properti/tangerang/hos11363699/#qid~7abe792b-a7f3-4c78-9517-85af54405a53,755000000.0,Rumah Murah 2 Lantai Elegan SHM Gratis Biaya Biaya Surat Lokasi Strategis,"Cikokol, Tangerang",Cikokol,Tangerang,-6.2058045,106.6332435," Keamanan,  Taman, Jogging Track, Tempat Jemuran, Jalur Telepon,  Masjid, Track Lari",rumah,hos11363699,3.0,2.0,78.0,60.0,1.0,shm - sertifikat hak milik,1300 mah,0.0,0.0,2.0,0.0,2022.0,baru,timur,0.0,unfurnished,9.67948717948718,-6.2058,106.63324,0.7692307692307693
https://www.rumah123.com/properti/tangerang/hos11363538/#qid~7abe792b-a7f3-4c78-9517-85af54405a53,785000000.0,Rumah Modern 2 Lantai SHM Gratis Biaya Biaya Surat Lokasi Strategis Bebas Banjir,"Cikokol, Tangerang",Cikokol,Tangerang,-6.2058045,106.6332435,"Masjid,  Jogging Track,  Taman, Tempat Jemuran, Jalur Telepon, Keamanan, Keamanan 24 jam, Track Lari,  One Gate System,  Jalur Telepon",rumah,hos11363538,3.0,2.0,85.0,60.0,1.0,shm - sertifikat hak milik,1300 mah,0.0,0.0,2.0,0.0,2022.0,baru,utara,0.0,unfurnished,9.23529411764706,-6.2058,106.63324,0.7058823529411765
https://www.rumah123.com/properti/tangerang/hos10612597/#qid~e64191ef-d85d-4374-aece-bf749f369f86,2220000000.0,Rumah Strategis Harga All In Dekat Alam Sutera Bisa Kpr,"Cibodas, Tangerang",Cibodas,Tangerang,-6.2035316,106.6084805,"Keamanan, Taman",rumah,hos10612597,3.0,3.0,120.0,130.0,0.0,shm - sertifikat hak milik,2200 mah,0.0,0.0,2.0,,,bagus,,1.0,unfurnished,18.5,-6.20353,106.60848,1.0833333333333333
https://www.rumah123.com/properti/tangerang/hos10837696/#qid~ebd7c4a9-0004-4192-a32e-36a5d90cf998,450000000.0,New Cluster Grand Batavia Calista Tangerang,"Cibodas, Tangerang",Cibodas,Tangerang,-6.2035316,106.6084805," Ac, Masjid,  Keamanan,  Taman, Jogging Track,  CCTV,  Kolam Renang,  Jalur Telepon",rumah,hos10837696,2.0,2.0,60.0,46.0,0.0,shm - sertifikat hak milik,2200 mah,0.0,0.0,2.0,1.0,2021.0,baru,timur,2.0,unfurnished,7.5,-6.20353,106.60848,0.7666666666666667
https://www.rumah123.com/properti/tangerang/hos10612482/#qid~e64191ef-d85d-4374-aece-bf749f369f86,630000000.0,Rumah Cluster Graha Raflesia Dekat Bitung Bebas Banjir Harga All In Kpr,"Panongan, Tangerang",Panongan,Tangerang,-6.2776781,106.52304,"Keamanan, Taman",rumah,hos10612482,2.0,2.0,72.0,40.0,0.0,shm - sertifikat hak milik,1300 mah,0.0,0.0,1.0,,,bagus,,1.0,unfurnished,8.75,-6.27768,106.52304,0.5555555555555556
https://www.rumah123.com/properti/tangerang/hos10597643/#qid~031d407f-8703-4950-9c55-5101f432d482,500000000.0,Rumah Bebas Banjir Di Perumahan Citra Raya Harga All In Bisa Kpr,"Panongan, Tangerang",Panongan,Tangerang,-6.2776781,106.52304,"Keamanan, Taman",rumah,hos10597643,2.0,1.0,72.0,50.0,1.0,shm - sertifikat hak milik,1300 mah,0.0,0.0,1.0,,,bagus,,1.0,unfurnished,6.944444444444444,-6.27768,106.52304,0.6944444444444444
https://www.rumah123.com/properti/tangerang/hos11363442/#qid~7abe792b-a7f3-4c78-9517-85af54405a53,520000000.0,"Dijual Rumah di Serdang Asri, Panongan Tangerang","Panongan, Tangerang",Panongan,Tangerang,-6.2776781,106.52304,"One Gate System, Taman",rumah,hos11363442,3.0,1.0,90.0,65.0,0.0,shm - sertifikat hak milik,1300 mah,0.0,0.0,1.0,,,baru,,0.0,unfurnished,5.777777777777778,-6.27768,106.52304,0.7222222222222222
https://www.rumah123.com/properti/tangerang/hos10612701/#qid~e64191ef-d85d-4374-aece-bf749f369f86,1440000000.0,Rumah Strategis Siap Kpr di Citra Raya Dekat Tigaraksa Harga All In,"Cikupa, Tangerang",Cikupa,Tangerang,-6.217129,106.5131048,"Keamanan, Taman",rumah,hos10612701,4.0,1.0,164.0,100.0,0.0,shm - sertifikat hak milik,2200 mah,0.0,0.0,1.0,,,,,1.0,unfurnished,8.78048780487805,-6.21713,106.5131,0.6097560975609756
https://www.rumah123.com/properti/tangerang/hos11341021/#qid~c1274867-52e5-4813-b501-82bd0ca7a1ad,1100000000.0,"Rumah Di Kawasan Berkembang Tangerang Hanya 1,1 M An","Cikupa, Tangerang",Cikupa,Tangerang,-6.217129,106.5131048," Taman, Lapangan Basket, Tempat Jemuran, Jalur Telepon, Taman, Kitchen Set, Keamanan 24 jam,  Track Lari, Wastafel,  CCTV,  Kolam Renang,  One Gate System, Tempat Gym,  Playground",rumah,hos11341021,2.0,2.0,60.0,63.0,1.0,hgb - hak guna bangunan,2200 mah,0.0,0.0,2.0,,,baru,,0.0,unfurnished,18.333333333333332,-6.21713,106.5131,1.05
https://www.rumah123.com/properti/tangerang/hos10597580/#qid~c1274867-52e5-4813-b501-82bd0ca7a1ad,500000000.0,Rumah Siap Kpr Bebas Banjir Di Citra Raya Harga All In Bisa Nego,"Cikupa, Tangerang",Cikupa,Tangerang,-6.217129,106.5131048,"Keamanan, Taman",rumah,hos10597580,2.0,1.0,72.0,50.0,1.0,shm - sertifikat hak milik,1300 mah,0.0,0.0,1.0,,,bagus,,1.0,unfurnished,6.944444444444444,-6.21713,106.5131,0.6944444444444444
https://www.rumah123.com/properti/tangerang/hos11319479/#qid~3e8cfc7c-8617-4a40-b9f6-9bf1f80cbbf1,2200000000.0,Rumah 2 lantai  di ckuster Dakota. Tipe Datura. Suvarna Sutera. Cikupa. Tangerang.,"Cikupa, Tangerang",Cikupa,Tangerang,-6.217129,106.5131048," Ac,  Keamanan,  Jogging Track,  Taman, Lapangan Basket, Tempat Jemuran, Jalur Telepon, Akses Parkir, Kitchen Set, Keamanan 24 jam, Wastafel,  CCTV, Track Lari, Taman,  One Gate System,  AC,  Playground",rumah,hos11319479,3.0,3.0,105.0,126.0,2.0,,2200 mah,1.0,1.0,2.0,1.0,2021.0,bagus,utara,0.0,semi furnished,20.952380952380953,-6.21713,106.5131,1.2
https://www.rumah123.com/properti/tangerang/hos11299561/#qid~3e8cfc7c-8617-4a40-b9f6-9bf1f80cbbf1,1700000000.0,Rumah Baru 2 lantai Suvarna Cikupa Tangerang,"Cikupa, Tangerang",Cikupa,Tangerang,-6.217129,106.5131048,"Kolam Renang, Keamanan",rumah,hos11299561,3.0,3.0,105.0,126.0,2.0,,2200 mah,1.0,1.0,2.0,0.0,2022.0,baru,,0.0,unfurnished,16.19047619047619,-6.21713,106.5131,1.2
https://www.rumah123.com/properti/tangerang/hos10902975/#qid~844e8917-3043-4da9-8cd5-4d6a7c0281f3,3600000000.0,Rumah  di Suvarna Sutera. Suvarna Padi. Golf Estate. Cluster Puri Ayu.,"Cikupa, Tangerang",Cikupa,Tangerang,-6.217129,106.5131048," Keamanan,  Jogging Track, Kolam Renang,  Taman, Ac,  Jalur Telepon",rumah,hos10902975,3.0,2.0,300.0,230.0,1.0,shm - sertifikat hak milik,3300 mah,1.0,1.0,2.0,4.0,2018.0,bagus sekali,,0.0,furnished,12.0,-6.21713,106.5131,0.7666666666666667
https://www.rumah123.com/properti/tangerang/hos10612724/#qid~844e8917-3043-4da9-8cd5-4d6a7c0281f3,630000000.0,Rumah Cluster Graha Raflesia Di Cikupa Bebas Banjir Dekat Curug Harga All In Kpr,"Cikupa, Tangerang",Cikupa,Tangerang,-6.217129,106.5131048,"Keamanan, Taman",rumah,hos10612724,2.0,2.0,72.0,40.0,0.0,shm - sertifikat hak milik,1300 mah,0.0,0.0,1.0,,,bagus,,1.0,unfurnished,8.75,-6.21713,106.5131,0.5555555555555556
https://www.rumah123.com/properti/tangerang/hos11302015/#qid~38dbf9b9-7fc2-4646-bdd9-bab0cc8409ce,2050000000.0,Cluster Andara Suvarna Sutera Siap Huni Semi Furnish Siap Huni,"Cikupa, Tangerang",Cikupa,Tangerang,-6.217129,106.5131048,"Taman,  One Gate System, Keamanan 24 jam",rumah,hos11302015,3.0,3.0,180.0,139.0,2.0,shm - sertifikat hak milik,lainnya mah,0.0,0.0,2.0,,,bagus,,0.0,,11.388888888888888,-6.21713,106.5131,0.7722222222222223
https://www.rumah123.com/properti/tangerang/hos11278335/#qid~a504aed0-5c3c-4f5f-8339-d8321a12bffa,4250000000.0,Puri Ayu Suvarna Padi golf estate Hunian modern di Cluster Premium di Suvarna padi golf boulevard,"Cikupa, Tangerang",Cikupa,Tangerang,-6.217129,106.5131048,"Jogging Track, Tempat Jemuran, One Gate System, Keamanan, Keamanan 24 jam, Track Lari",rumah,hos11278335,4.0,4.0,420.0,316.0,2.0,,2200 mah,1.0,1.0,2.0,,,bagus,selatan,2.0,unfurnished,10.119047619047619,-6.21713,106.5131,0.7523809523809524
https://www.rumah123.com/properti/tangerang/hos10142802/#qid~0d78ec8f-2f33-4d41-aaca-448f4c257d84,960000000.0,Rumah Strategis Dekat Tol Cikupa di Suvarna Sutera Harga All In Nego Siap Kpr,"Cikupa, Tangerang",Cikupa,Tangerang,-6.217129,106.5131048,"Keamanan, Taman",rumah,hos10142802,2.0,1.0,119.0,62.0,1.0,shm - sertifikat hak milik,2200 mah,0.0,0.0,1.0,,,bagus,,1.0,semi furnished,8.067226890756302,-6.21713,106.5131,0.5210084033613446
https://www.rumah123.com/properti/tangerang/hos11141863/#qid~ebd7c4a9-0004-4192-a32e-36a5d90cf998,2900000000.0,Dijual Rumah Suvarna Sutera Cluster Eldora Uk.160.190 Cikupa Nego,"Cikupa, Tangerang",Cikupa,Tangerang,-6.217129,106.5131048," Taman, Lapangan Basket, Tempat Jemuran, Jalur Telepon, Akses Parkir,  Track Lari, Keamanan 24 jam, Wastafel,  Kolam Renang, Tempat Gym,  Tempat Laundry,  Playground",rumah,hos11141863,4.0,3.0,160.0,190.0,2.0,"lainnya (ppjb,girik,adat,dll)",4400 mah,1.0,1.0,2.0,3.0,2019.0,bagus,selatan,0.0,unfurnished,18.125,-6.21713,106.5131,1.1875
https://www.rumah123.com/properti/tangerang/hos8904068/#qid~03faa0cc-66ca-40a2-b278-2bf7fe55b8c1,1850000000.0,Sudah Renov Siap Huni Cluster Alam Suvarna Sutera,"Cikupa, Tangerang",Cikupa,Tangerang,-6.217129,106.5131048," Ac, Keamanan, Taman",rumah,hos8904068,2.0,2.0,160.0,180.0,0.0,,3500 mah,1.0,1.0,2.0,4.0,2018.0,baru,selatan,0.0,semi furnished,11.5625,-6.21713,106.5131,1.125
https://www.rumah123.com/properti/tangerang/hos11340342/#qid~546937c2-86eb-4bb2-9f2b-b438ef599e9e,968000000.0,Rumah Mewah Siap Huni di Tangerang 900 Jutaan Bisa di Bantu Kpr,"Cikupa, Tangerang",Cikupa,Tangerang,-6.217129,106.5131048," Taman, Lapangan Basket, Tempat Jemuran, Jalur Telepon, Akses Parkir, Kitchen Set, Keamanan 24 jam,  Track Lari, Wastafel,  CCTV,  Kolam Renang,  One Gate System, Tempat Gym,  Playground",rumah,hos11340342,4.0,2.0,40.0,74.0,1.0,shm - sertifikat hak milik,2200 mah,0.0,0.0,3.0,0.0,2022.0,baru,,0.0,unfurnished,24.2,-6.21713,106.5131,1.85
https://www.rumah123.com/properti/tangerang/hos11198621/#qid~216dd44b-abd7-4b0f-9e70-fa95891557fb,2250000000.0,Cluster Alam Signature Suvarna Sutera Tangerang,"Cikupa, Tangerang",Cikupa,Tangerang,-6.217129,106.5131048," Lapangan Voli,  Keamanan,  Jogging Track,  Taman, CCTV, Lapangan Bola,  Tempat Gym, Lapangan Tenis, Tempat Jemuran, Jalur Telepon,  Lapangan Bulu Tangkis,  Track Lari,  Masjid, Wastafel,  CCTV,  Kolam Renang, Taman,  Lapangan Basket",rumah,hos11198621,3.0,3.0,160.0,134.0,2.0,shm - sertifikat hak milik,3500 mah,1.0,1.0,2.0,0.0,2022.0,baru,utara,0.0,unfurnished,14.0625,-6.21713,106.5131,0.8375
https://www.rumah123.com/properti/tangerang/hos10127914/#qid~b98b1bf5-2e6f-425f-8b71-f90661bf07bc,525000000.0,Diju rumah siap huni di citra raya cikupa,"Cikupa, Tangerang",Cikupa,Tangerang,-6.217129,106.5131048," Keamanan,  Jogging Track, Kolam Renang,  Masjid, Track Lari, Taman",rumah,hos10127914,3.0,2.0,72.0,72.0,1.0,shm - sertifikat hak milik,lainnya mah,0.0,0.0,1.0,0.0,2022.0,baru,,1.0,semi furnished,7.291666666666667,-6.21713,106.5131,1.0
https://www.rumah123.com/properti/tangerang/hos11112300/#qid~fe216eb2-de17-43ed-ab54-fa3efa7fffc9,1900000000.0,Rumah Luas 2 Lantai Sudah Renovasi Semi Furnished SHM,"Cikupa, Tangerang",Cikupa,Tangerang,-6.217129,106.5131048,"Tempat Jemuran, Jalur Telepon, Taman, Kitchen Set, Keamanan 24 jam, Wastafel,  CCTV, Track Lari,  Kolam Renang,  One Gate System,  Playground",rumah,hos11112300,3.0,3.0,180.0,200.0,1.0,shm - sertifikat hak milik,4400 mah,0.0,0.0,2.0,7.0,2015.0,sudah renovasi,utara,0.0,semi furnished,10.555555555555555,-6.21713,106.5131,1.1111111111111112
https://www.rumah123.com/properti/tangerang/hos11153460/#qid~f92d9c50-dbab-418d-a757-cf9be2836290,1300000000.0,Dijual Rumah Lavon 2 Cluster Viridia Uk.54.124 Semi Furnished,"Cikupa, Tangerang",Cikupa,Tangerang,-6.217129,106.5131048," Mesin Cuci, Kulkas,  Kitchen Set, Tempat Gym,  Taman, Lapangan Basket, Tempat Jemuran, Jalur Telepon, Akses Parkir,  Track Lari, Keamanan 24 jam, Wastafel,  CCTV,  Kolam Renang,  AC,  Playground",rumah,hos11153460,3.0,2.0,54.0,124.0,2.0,"lainnya (ppjb,girik,adat,dll)",4400 mah,1.0,1.0,3.0,2.0,2020.0,bagus,selatan,0.0,semi furnished,24.074074074074076,-6.21713,106.5131,2.2962962962962963
https://www.rumah123.com/properti/tangerang/hos11013207/#qid~edcaf871-2645-4a99-a2b9-e18cdbb3a3d3,1400000000.0,Harga Murah !! Rumah Grandura Lavon Suvarna Sutera Cikupa Tangerang,"Cikupa, Tangerang",Cikupa,Tangerang,-6.217129,106.5131048," Keamanan,  Jogging Track,  Taman, Jalur Telepon, Ac,  Kolam Renang",rumah,hos11013207,3.0,2.0,96.0,112.0,0.0,,2200 mah,1.0,1.0,2.0,2.0,2020.0,baru,selatan,0.0,unfurnished,14.583333333333334,-6.21713,106.5131,1.1666666666666667
https://www.rumah123.com/properti/tangerang/hos11294409/#qid~edcaf871-2645-4a99-a2b9-e18cdbb3a3d3,980000000.0,"JUAL MURAH RUMAH 1 LANTAI DI SUVARNA SUTERA, TANGERANG","Cikupa, Tangerang",Cikupa,Tangerang,-6.217129,106.5131048," Lapangan Voli,  Keamanan,  Tempat Gym, Lapangan Tenis, Jogging Track, Tempat Jemuran, Lapangan Basket,  Lapangan Bulu Tangkis,  Track Lari,  Masjid,  Kolam Renang, Wastafel, Taman",rumah,hos11294409,2.0,1.0,136.0,84.0,1.0,shm - sertifikat hak milik,2200 mah,1.0,1.0,1.0,,,bagus,utara,0.0,unfurnished,7.205882352941177,-6.21713,106.5131,0.6176470588235294
https://www.rumah123.com/properti/tangerang/hos11364928/#qid~5af0d35a-cace-4bbc-a4a3-8aa0df819f63,1000000000.0,Rumah Semi Furnished di Perumahan Suvarna Sutera Cluster Fedora Sudah Renovasi,"Cikupa, Tangerang",Cikupa,Tangerang,-6.217129,106.5131048," Jogging Track, Keamanan, Keamanan 24 jam,  Kolam Renang, Track Lari, Taman",rumah,hos11364928,3.0,2.0,136.0,84.0,1.0,shm - sertifikat hak milik,1300 mah,0.0,0.0,1.0,,,sudah renovasi,,0.0,semi furnished,7.352941176470588,-6.21713,106.5131,0.6176470588235294
https://www.rumah123.com/properti/tangerang/hos11361900/#qid~9b7c3e11-2c18-4559-a637-16b29b361aad,1050000000.0,"MURAH BANGET !! JUAL RUGI !! RUMAH BARU DI LAVON 2, CIKUPA, TANGERANG","Cikupa, Tangerang",Cikupa,Tangerang,-6.217129,106.5131048," Keamanan, CCTV, Akses Parkir, Wastafel, Taman,  Track Lari, Keamanan 24 jam,  CCTV, Kolam Renang, Lapangan Tenis, Lapangan Bulu Tangkis,  Playground,  Taman,  Tempat Gym, Jogging Track, Tempat Jemuran,  Kolam Renang,  One Gate System,  Tempat Laundry",rumah,hos11361900,4.0,3.0,77.0,97.0,0.0,"lainnya (ppjb,girik,adat,dll)",2200 mah,0.0,0.0,2.0,2.0,2020.0,baru,,0.0,unfurnished,13.636363636363637,-6.21713,106.5131,1.2597402597402598
https://www.rumah123.com/properti/tangerang/hos11360913/#qid~c984c56a-bc1e-499a-afc7-2d459a55dd65,1350000000.0,Suvarna rumah klaster Elysia Cikupa Tangerang,"Cikupa, Tangerang",Cikupa,Tangerang,-6.217129,106.5131048," Jogging Track, Keamanan, Kolam Renang, Track Lari",rumah,hos11360913,2.0,1.0,160.0,81.0,0.0,shm - sertifikat hak milik,2200 mah,1.0,1.0,1.0,,,bagus,utara,0.0,unfurnished,8.4375,-6.21713,106.5131,0.50625
https://www.rumah123.com/properti/tangerang/hos9777609/#qid~031d407f-8703-4950-9c55-5101f432d482,12500000000.0,RUMAH MEWAH ISTIMEWA di DE PARK BSD CITY FULL FURNISHED,"BSD De Park, Tangerang",BSD De Park,Tangerang,-6.2894318,106.6344454," Keamanan, CCTV,  Jogging Track,  Taman, Ac,  Kolam Renang",rumah,hos9777609,6.0,4.0,474.0,500.0,2.0,shm - sertifikat hak milik,23000 mah,2.0,1.0,2.0,,,bagus sekali,utara,2.0,furnished,26.371308016877638,-6.28943,106.63445,1.0548523206751055
https://www.rumah123.com/properti/tangerang/hos10722548/#qid~c1274867-52e5-4813-b501-82bd0ca7a1ad,10500000000.0,Rumah luas ada kolam renang di De Park Bsd cluster Heliconia,"BSD De Park, Tangerang",BSD De Park,Tangerang,-6.2894318,106.6344454,"Kolam Renang, Keamanan, Keamanan 24 jam",rumah,hos10722548,4.0,4.0,450.0,700.0,0.0,"lainnya (ppjb,girik,adat,dll)",lainnya mah,1.0,1.0,2.0,,,sudah renovasi,,0.0,semi furnished,23.333333333333332,-6.28943,106.63445,1.5555555555555556
https://www.rumah123.com/properti/tangerang/hos11303398/#qid~ede15eae-7f52-407b-9fe7-7bdc29376b6a,10000000000.0,Rumah Bagus Semi Furnished di De Naara De Park Bsd,"BSD De Park, Tangerang",BSD De Park,Tangerang,-6.2894318,106.6344454,"Track Lari, Taman, Keamanan 24 jam",rumah,hos11303398,4.0,4.0,450.0,650.0,0.0,,lainnya mah,1.0,1.0,2.0,,,bagus,,0.0,semi furnished,22.222222222222225,-6.28943,106.63445,1.4444444444444444
https://www.rumah123.com/properti/tangerang/hos10801824/#qid~5e28f19c-b38e-4911-a769-d3042b2d7ea1,7400000000.0,"Rumah Furnish 2,5 lantai langka hanya di Lancewood Navapark BSD","BSD De Park, Tangerang",BSD De Park,Tangerang,-6.2894318,106.6344454," Ac,  Taman, Jogging Track, Keamanan,  CCTV,  Kolam Renang",rumah,hos10801824,4.0,4.0,220.0,285.0,1.0,shm - sertifikat hak milik,4400 mah,1.0,1.0,3.0,8.0,2014.0,bagus,utara,1.0,furnished,33.63636363636363,-6.28943,106.63445,1.2954545454545454
https://www.rumah123.com/properti/tangerang/hos9697997/#qid~c2e73bd9-4660-4555-8a1c-ea5a96ad72c9,18000000000.0,Rumah mewah jarang ada Heliconia de Park BSD,"BSD De Park, Tangerang",BSD De Park,Tangerang,-6.2894318,106.6344454," Keamanan,  Jogging Track, Kolam Renang,  Taman, Ac,  CCTV",rumah,hos9697997,5.0,5.0,630.0,500.0,2.0,"lainnya (ppjb,girik,adat,dll)",7700 mah,1.0,1.0,3.0,7.0,2015.0,bagus,utara,2.0,semi furnished,28.57142857142857,-6.28943,106.63445,0.7936507936507936
https://www.rumah123.com/properti/tangerang/hos9264344/#qid~c2e73bd9-4660-4555-8a1c-ea5a96ad72c9,14500000000.0,Rumah mewah marmer ada lift akses lgs Botanical Park di Laurel Navapark BSD,"BSD De Park, Tangerang",BSD De Park,Tangerang,-6.2894318,106.6344454," Ac,  Keamanan, CCTV,  Jogging Track,  Kolam Renang, Taman",rumah,hos9264344,4.0,5.0,276.0,441.0,2.0,"lainnya (ppjb,girik,adat,dll)",11000 mah,2.0,1.0,3.0,1.0,2021.0,bagus sekali,timur laut,2.0,semi furnished,52.53623188405797,-6.28943,106.63445,1.5978260869565217
https://www.rumah123.com/properti/tangerang/hos11175480/#qid~c2e73bd9-4660-4555-8a1c-ea5a96ad72c9,17500000000.0,Rumah mewah siap huni kawasan Elite di Brassia de Park BSD,"BSD De Park, Tangerang",BSD De Park,Tangerang,-6.2894318,106.6344454," Keamanan, CCTV,  Jogging Track,  Taman,  Tempat Gym, Lapangan Tenis,  Pemanas Air, Tempat Jemuran, Jalur Telepon, Lapangan Basket, Kitchen Set,  Track Lari, Ac, Wastafel,  CCTV,  AC,  Jalur Telepon",rumah,hos11175480,4.0,4.0,748.0,500.0,2.0,"lainnya (ppjb,girik,adat,dll)",11000 mah,1.0,1.0,3.0,7.0,2015.0,bagus,utara,2.0,unfurnished,23.39572192513369,-6.28943,106.63445,0.6684491978609626
https://www.rumah123.com/properti/tangerang/hos7449472/#qid~aaf6d5ee-73c3-49d9-a253-e0f4fd1e2817,4300000000.0,Harus laku cepat rumah semi furnish de Park Frangipani BSD,"BSD De Park, Tangerang",BSD De Park,Tangerang,-6.2894318,106.6344454," Keamanan, CCTV,  Jogging Track,  Taman, Keamanan 24 jam, Ac, AC, Track Lari,  Kolam Renang, Taman",rumah,hos7449472,3.0,3.0,220.0,185.0,2.0,shm - sertifikat hak milik,4400 mah,1.0,1.0,2.0,10.0,2012.0,bagus,selatan,0.0,semi furnished,19.545454545454547,-6.28943,106.63445,0.8409090909090909
https://www.rumah123.com/properti/tangerang/hos10612851/#qid~031d407f-8703-4950-9c55-5101f432d482,1040000000.0,Rumah Asri Siap Huni Bisa Kpr Dekat Bsd di Vila Dago Tol Harga All In,"Serua, Tangerang",Serua,Tangerang,-6.31423,106.710505,"Keamanan, Taman",rumah,hos10612851,3.0,2.0,72.0,95.0,0.0,shm - sertifikat hak milik,2200 mah,0.0,0.0,2.0,,,bagus,,1.0,unfurnished,14.444444444444445,-6.31423,106.7105,1.3194444444444444
https://www.rumah123.com/properti/tangerang/hos10612817/#qid~031d407f-8703-4950-9c55-5101f432d482,1590000000.0,Rumah Siap Huni Bebas Banjir di Grand Serpong 2 Harga All In Bisa Kpr,"Serua, Tangerang",Serua,Tangerang,-6.31423,106.710505,"Keamanan, Taman",rumah,hos10612817,4.0,3.0,90.0,126.0,0.0,shm - sertifikat hak milik,2200 mah,1.0,0.0,2.0,,,bagus,,1.0,unfurnished,17.666666666666668,-6.31423,106.7105,1.4
https://www.rumah123.com/properti/tangerang/hos4758048/#qid~f6ec1d2c-a616-42e7-a86a-ca7173cb7359,1230000000.0,Di Jual Rumah Minimalis 2 Lantai Di Tangerang Selatan Area Strategis,"Serua, Tangerang",Serua,Tangerang,-6.31423,106.710505," Keamanan, CCTV,  Masjid, Taman,  AC",rumah,hos4758048,2.0,2.0,71.0,62.0,1.0,shm - sertifikat hak milik,2200 mah,0.0,0.0,2.0,2.0,2020.0,baru,barat daya,0.0,semi furnished,17.32394366197183,-6.31423,106.7105,0.8732394366197183
https://www.rumah123.com/properti/tangerang/hos11362007/#qid~9b7c3e11-2c18-4559-a637-16b29b361aad,588000000.0,Hunian Asri Jalan Raya Jombnag Dekat Pintu Toll,"Serua, Tangerang",Serua,Tangerang,-6.31423,106.710505,"Masjid,  Taman, Tempat Jemuran, Keamanan 24 jam, AC, Wastafel, Track Lari,  Akses Parkir,  One Gate System, Taman",rumah,hos11362007,2.0,1.0,72.0,36.0,1.0,shm - sertifikat hak milik,1300 mah,0.0,0.0,1.0,0.0,2022.0,baru,,1.0,,8.166666666666668,-6.31423,106.7105,0.5
https://www.rumah123.com/properti/tangerang/hos10978372/#qid~031d407f-8703-4950-9c55-5101f432d482,4200000000.0,Rumah 2 Lantai Strategis di Modernland Premier Park Dekat Transmart Harga All In Kpr,"Lippo Karawaci, Tangerang",Lippo Karawaci,Tangerang,-6.2294561,106.6089754,"Keamanan, Taman",rumah,hos10978372,6.0,3.0,210.0,300.0,1.0,shm - sertifikat hak milik,4400 mah,0.0,0.0,2.0,,,bagus,,0.0,unfurnished,20.0,-6.22946,106.60898,1.4285714285714286
https://www.rumah123.com/properti/tangerang/hos10869459/#qid~c1274867-52e5-4813-b501-82bd0ca7a1ad,3600000000.0,Rumah Besar Siap Huni Dekat Lippo Karawaci Harga All In Bisa Kpr,"Lippo Karawaci, Tangerang",Lippo Karawaci,Tangerang,-6.2294561,106.6089754,"Keamanan, Taman",rumah,hos10869459,2.0,2.0,253.0,138.0,2.0,shm - sertifikat hak milik,3500 mah,1.0,0.0,2.0,,,bagus,selatan,0.0,unfurnished,14.229249011857707,-6.22946,106.60898,0.5454545454545454
https://www.rumah123.com/properti/tangerang/hos10940949/#qid~844e8917-3043-4da9-8cd5-4d6a7c0281f3,1440000000.0,Rumah Siap Huni Dekat Lippo Karawaci di Perum Harapan Kita Harga All In Kpr,"Lippo Karawaci, Tangerang",Lippo Karawaci,Tangerang,-6.2294561,106.6089754,"Keamanan, Taman",rumah,hos10940949,2.0,2.0,120.0,102.0,1.0,shm - sertifikat hak milik,1300 mah,0.0,0.0,1.0,,,bagus,,0.0,unfurnished,12.0,-6.22946,106.60898,0.85
https://www.rumah123.com/properti/tangerang/hos10613192/#qid~ede15eae-7f52-407b-9fe7-7bdc29376b6a,1060000000.0,Rumah 2 Lantai Harga All In Kpr di Binong Permai Dekat Lippo Karawaci,"Lippo Karawaci, Tangerang",Lippo Karawaci,Tangerang,-6.2294561,106.6089754,"Keamanan, Taman",rumah,hos10613192,4.0,3.0,106.0,151.0,0.0,shm - sertifikat hak milik,1300 mah,0.0,0.0,2.0,,,bagus,,1.0,unfurnished,10.0,-6.22946,106.60898,1.4245283018867925
https://www.rumah123.com/properti/tangerang/hos10613132/#qid~21106bba-a08b-4384-8f7a-8833fcf2a9ca,1020000000.0,Rumah Siap Kpr Dekat Lippo Karawaci di Karawaci Residence Harga All In,"Lippo Karawaci, Tangerang",Lippo Karawaci,Tangerang,-6.2294561,106.6089754,"Keamanan, Taman",rumah,hos10613132,2.0,1.0,90.0,65.0,0.0,shm - sertifikat hak milik,1300 mah,0.0,0.0,1.0,,,,,1.0,unfurnished,11.333333333333334,-6.22946,106.60898,0.7222222222222222
https://www.rumah123.com/properti/tangerang/hos10869486/#qid~08a37c61-fef2-482b-9e93-cc7c6038ff5a,660000000.0,Rumah Siap Kpr Dekat Lippo Karawaci Harga All In Bisa Nego,"Lippo Karawaci, Tangerang",Lippo Karawaci,Tangerang,-6.2294561,106.6089754,"Keamanan, Taman",rumah,hos10869486,3.0,2.0,60.0,72.0,1.0,shm - sertifikat hak milik,1300 mah,0.0,0.0,1.0,,,bagus,barat,0.0,unfurnished,11.0,-6.22946,106.60898,1.2
https://www.rumah123.com/properti/tangerang/hos11286999/#qid~13a689e4-db18-4650-ac7a-bcfc871025dc,936000000.0,Rumah 2 lantai hanya 5 menit ke tol Karawaci,"Lippo Karawaci, Tangerang",Lippo Karawaci,Tangerang,-6.2294561,106.6089754," Keamanan, CCTV,  Jogging Track,  Taman, Kolam Renang, Jalur Telepon, Track Lari,  Kolam Renang",rumah,hos11286999,4.0,2.0,72.0,83.0,1.0,shm - sertifikat hak milik,2200 mah,0.0,0.0,1.0,0.0,2022.0,bagus,selatan,1.0,unfurnished,13.0,-6.22946,106.60898,1.1527777777777777
https://www.rumah123.com/properti/tangerang/hos11203203/#qid~2a385497-fa81-488b-950b-130d655fd22f,751000000.0,Rumah 2 Lantai Baru Unfurnished HGB Kawasan Strategis Karawaci,"Lippo Karawaci, Tangerang",Lippo Karawaci,Tangerang,-6.2294561,106.6089754,"Jalur Telepon, Kitchen Set, Keamanan 24 jam, Wastafel,  CCTV, Track Lari, Taman,  One Gate System,  AC,  Playground",rumah,hos11203203,2.0,2.0,83.0,68.0,1.0,hgb - hak guna bangunan,2200 mah,0.0,0.0,2.0,1.0,2021.0,baru,utara,0.0,unfurnished,9.048192771084336,-6.22946,106.60898,0.8192771084337349
https://www.rumah123.com/properti/tangerang/hos8911549/#qid~546937c2-86eb-4bb2-9f2b-b438ef599e9e,3000000000.0,Rmh lama 2 lt hanya hitung tanah dilippo karawaci,"Lippo Karawaci, Tangerang",Lippo Karawaci,Tangerang,-6.2294561,106.6089754,"Masjid,  Keamanan,  Taman, Jogging Track, Track Lari, Taman",rumah,hos8911549,2.0,2.0,273.0,225.0,1.0,shm - sertifikat hak milik,2200 mah,1.0,1.0,2.0,17.0,2005.0,butuh renovasi,barat laut,0.0,unfurnished,10.989010989010989,-6.22946,106.60898,0.8241758241758241
https://www.rumah123.com/properti/tangerang/hos9118332/#qid~aaf6d5ee-73c3-49d9-a253-e0f4fd1e2817,1500000000.0,"Rumah di Lippo Karawaci, Tangerang","Lippo Karawaci, Tangerang",Lippo Karawaci,Tangerang,-6.2294561,106.6089754," Keamanan, Keamanan 24 jam, Ac, AC, Taman",rumah,hos9118332,4.0,2.0,120.0,180.0,1.0,shm - sertifikat hak milik,2200 mah,1.0,1.0,2.0,7.0,2015.0,sudah renovasi,selatan,0.0,semi furnished,12.5,-6.22946,106.60898,1.5
https://www.rumah123.com/properti/tangerang/hos10792771/#qid~edcaf871-2645-4a99-a2b9-e18cdbb3a3d3,18000000000.0,Hunian Mewah di Cluster Favorite Kawasan Lippo Central,"Lippo Karawaci, Tangerang",Lippo Karawaci,Tangerang,-6.2294561,106.6089754," Ac, Keamanan, Taman",rumah,hos10792771,4.0,4.0,409.0,367.0,2.0,,11000 mah,2.0,3.0,2.0,5.0,2017.0,sudah renovasi,,2.0,furnished,44.00977995110024,-6.22946,106.60898,0.8973105134474327
https://www.rumah123.com/properti/tangerang/hos11358946/#qid~5d5b05f9-ab0d-4774-ae61-bddd6e38b7f0,800000000.0,Rumah di Lippo Karawaci Taman Ubud Kencana SHM,"Lippo Karawaci, Tangerang",Lippo Karawaci,Tangerang,-6.2294561,106.6089754," Taman, Keamanan, Akses Parkir, Keamanan 24 jam, Taman,  One Gate System,  Playground",rumah,hos11358946,2.0,1.0,81.0,57.0,0.0,shm - sertifikat hak milik,1300 mah,0.0,0.0,1.0,,,bagus,,0.0,semi furnished,9.876543209876543,-6.22946,106.60898,0.7037037037037037
https://www.rumah123.com/properti/tangerang/hos10994233/#qid~031d407f-8703-4950-9c55-5101f432d482,920000000.0,Rumah Area Tangerang Di Poris Residence Strategis Bebas Banjir Harga All In Kpr,"Cipondoh, Tangerang",Cipondoh,Tangerang,-6.1829669,106.682727,"Keamanan, Taman",rumah,hos10994233,3.0,1.0,60.0,54.0,1.0,shm - sertifikat hak milik,1300 mah,0.0,0.0,2.0,,,bagus,barat daya,0.0,unfurnished,15.333333333333334,-6.18297,106.68273,0.9
https://www.rumah123.com/properti/tangerang/hos11107887/#qid~ba20bad9-a662-4594-b829-4ac5fefa0ee8,548000000.0,"Rumah Baru  Murah di Cipondoh, Dekat Stasiun Poris","Cipondoh, Tangerang",Cipondoh,Tangerang,-6.1829669,106.682727,"One Gate System, AC, Wastafel, Tempat Jemuran",rumah,hos11107887,2.0,1.0,50.0,36.0,1.0,shm - sertifikat hak milik,1300 mah,0.0,0.0,1.0,0.0,2022.0,baru,timur laut,1.0,,10.96,-6.18297,106.68273,0.72
https://www.rumah123.com/properti/tangerang/hos11057726/#qid~3e8cfc7c-8617-4a40-b9f6-9bf1f80cbbf1,1250000000.0,"Rumah Green Village, Type Tokyo 4x15, Cipondoh, Tangerang","Cipondoh, Tangerang",Cipondoh,Tangerang,-6.1829669,106.682727,"Track Lari, Taman, Keamanan 24 jam,  Playground",rumah,hos11057726,2.0,2.0,60.0,75.0,1.0,,lainnya mah,0.0,0.0,2.0,,,bagus,,0.0,,20.833333333333332,-6.18297,106.68273,1.25
https://www.rumah123.com/properti/tangerang/hos11212340/#qid~13a689e4-db18-4650-ac7a-bcfc871025dc,1200000000.0,Dijual Rumah Taman Royal 1 Murah Siap Huni Cipondoh Tangerang,"Cipondoh, Tangerang",Cipondoh,Tangerang,-6.1829669,106.682727," Taman, Lapangan Basket, Tempat Jemuran, Jalur Telepon, Akses Parkir,  Track Lari, Keamanan 24 jam, Wastafel,  Kolam Renang,  One Gate System, Tempat Gym,  Tempat Laundry,  Playground",rumah,hos11212340,3.0,2.0,84.0,120.0,0.0,"lainnya (ppjb,girik,adat,dll)",2200 mah,0.0,0.0,2.0,3.0,2019.0,bagus,selatan,1.0,unfurnished,14.285714285714285,-6.18297,106.68273,1.4285714285714286
https://www.rumah123.com/properti/tangerang/hos8801544/#qid~5b190956-f493-4902-aeb9-31d93b66e3fd,1220000000.0,"Rumah bagus , semifurnish , dekat greenlake ,dekat akses tol","Cipondoh, Tangerang",Cipondoh,Tangerang,-6.1829669,106.682727,"Taman, Ac,  Keamanan",rumah,hos8801544,4.0,2.0,72.0,108.0,2.0,shm - sertifikat hak milik,4400 mah,0.0,0.0,2.0,7.0,2015.0,bagus sekali,timur,0.0,semi furnished,16.944444444444443,-6.18297,106.68273,1.5
https://www.rumah123.com/properti/tangerang/hos10956437/#qid~b98b1bf5-2e6f-425f-8b71-f90661bf07bc,975000000.0,Rumah Griya Permata dengan Luas tanah 72 m2. Sudah renovasi,"Cipondoh, Tangerang",Cipondoh,Tangerang,-6.1829669,106.682727," Keamanan,  Taman, Jogging Track, Ac,  Jalur Telepon",rumah,hos10956437,2.0,1.0,72.0,50.0,0.0,shm - sertifikat hak milik,2200 mah,0.0,0.0,1.0,12.0,2010.0,sudah renovasi,utara,1.0,semi furnished,13.541666666666666,-6.18297,106.68273,0.6944444444444444
https://www.rumah123.com/properti/tangerang/hos11135876/#qid~5e28f19c-b38e-4911-a769-d3042b2d7ea1,4000000000.0,Rumah Riviera Puri 8 x 15 Tahap 3 Hadap Utara,"Cipondoh, Tangerang",Cipondoh,Tangerang,-6.1829669,106.682727," Taman, Jogging Track, Jalur Telepon, Keamanan, Keamanan 24 jam, Track Lari, Taman,  Jalur Telepon",rumah,hos11135876,3.0,2.0,120.0,180.0,1.0,,3300 mah,0.0,0.0,2.0,,,baru,utara,1.0,semi furnished,33.33333333333333,-6.18297,106.68273,1.5
https://www.rumah123.com/properti/tangerang/hos11112219/#qid~18aeb085-a7b2-4d18-80f3-28cc6777c4e2,1370000000.0,"Turun Harga Rumah 2 Lantai Bagus Semi Furnished di West Europe, Tangerang","Cipondoh, Tangerang",Cipondoh,Tangerang,-6.1829669,106.682727,"Lapangan Basket, Jalur Telepon, Taman, Kitchen Set, Keamanan 24 jam, Wastafel,  CCTV, Track Lari,  Kolam Renang,  One Gate System,  AC,  Playground",rumah,hos11112219,2.0,2.0,48.0,80.0,1.0,shm - sertifikat hak milik,4400 mah,0.0,0.0,2.0,8.0,2014.0,bagus,selatan,0.0,semi furnished,28.541666666666668,-6.18297,106.68273,1.6666666666666667
https://www.rumah123.com/properti/tangerang/hos10799993/#qid~ad59e9b3-66a8-4705-b3fc-20d647c97736,1300000000.0,"Termurahh truun harga lbar 6 green village bli pasti untung, ga rugii coy!!","Cipondoh, Tangerang",Cipondoh,Tangerang,-6.1829669,106.682727," Ac,  Keamanan, CCTV,  Jogging Track,  Taman, Jalur Telepon,  Masjid,  Kolam Renang",rumah,hos10799993,3.0,2.0,63.0,86.0,2.0,,2200 mah,1.0,1.0,2.0,9.0,2013.0,baru,selatan,1.0,unfurnished,20.634920634920633,-6.18297,106.68273,1.3650793650793651
https://www.rumah123.com/properti/tangerang/hos10926150/#qid~aaf6d5ee-73c3-49d9-a253-e0f4fd1e2817,1700000000.0,"rumah 6x10,5 di green village, cipondoh, tangerang full renovasi","Cipondoh, Tangerang",Cipondoh,Tangerang,-6.1829669,106.682727," Jogging Track, Keamanan, Taman,  Kolam Renang",rumah,hos10926150,2.0,2.0,63.0,100.0,1.0,shm - sertifikat hak milik,4400 mah,0.0,0.0,2.0,2.0,2020.0,sudah renovasi,utara,0.0,semi furnished,26.984126984126984,-6.18297,106.68273,1.5873015873015872
https://www.rumah123.com/properti/tangerang/hos11364903/#qid~5af0d35a-cace-4bbc-a4a3-8aa0df819f63,1490000000.0,Rumah Cantik Siap Huni dengan Bahan Bangunan Kualitas Terbaik di Perumahan Griya Permata,"Cipondoh, Tangerang",Cipondoh,Tangerang,-6.1829669,106.682727," Ac,  Taman, Jogging Track, Tempat Jemuran, Jalur Telepon, Keamanan, Kitchen Set, AC, Track Lari,  Jalur Telepon",rumah,hos11364903,3.0,2.0,132.0,158.0,1.0,shm - sertifikat hak milik,2200 mah,2.0,0.0,1.0,11.0,2011.0,bagus,utara,0.0,unfurnished,11.287878787878787,-6.18297,106.68273,1.196969696969697
https://www.rumah123.com/properti/tangerang/hos11363933/#qid~7724b384-c2e7-421e-85bb-1b5687e654d1,755000000.0,Rumah Keren 2 Lantai Elegan Modern SHM Gratis Biaya Biaya Surat Lokasi Strategis,"Cipondoh, Tangerang",Cipondoh,Tangerang,-6.1829669,106.682727," Keamanan,  Jogging Track,  Taman, Tempat Jemuran, Jalur Telepon,  Masjid, Track Lari, Taman",rumah,hos11363933,3.0,2.0,78.0,60.0,1.0,shm - sertifikat hak milik,1300 mah,0.0,0.0,2.0,0.0,2022.0,baru,utara,0.0,unfurnished,9.67948717948718,-6.18297,106.68273,0.7692307692307693
https://www.rumah123.com/properti/tangerang/hos11363752/#qid~7724b384-c2e7-421e-85bb-1b5687e654d1,785000000.0,Rumah Mewah 2 Lantai SHM Gratis Biaya Biaya Surat Lokasi Strategis,"Cipondoh, Tangerang",Cipondoh,Tangerang,-6.1829669,106.682727,"Masjid,  Jogging Track,  Taman, Tempat Jemuran, Jalur Telepon, Keamanan, Track Lari,  Jalur Telepon",rumah,hos11363752,3.0,2.0,85.0,60.0,1.0,shm - sertifikat hak milik,1300 mah,0.0,0.0,2.0,0.0,2022.0,baru,utara,0.0,unfurnished,9.23529411764706,-6.18297,106.68273,0.7058823529411765
https://www.rumah123.com/properti/tangerang/hos11359173/#qid~5d5b05f9-ab0d-4774-ae61-bddd6e38b7f0,1400000000.0,"JUAL RUGI : Green Village, Tangerang (6x11)","Cipondoh, Tangerang",Cipondoh,Tangerang,-6.1829669,106.682727," Taman, Jalur Telepon, Taman, Keamanan, Keamanan 24 jam,  CCTV,  Kolam Renang,  One Gate System, Tempat Gym,  Playground",rumah,hos11359173,2.0,2.0,66.0,86.0,2.0,shm - sertifikat hak milik,4400 mah,0.0,0.0,2.0,,,sudah renovasi,,0.0,furnished,21.21212121212121,-6.18297,106.68273,1.303030303030303
https://www.rumah123.com/properti/tangerang/hos11042195/#qid~5d5b05f9-ab0d-4774-ae61-bddd6e38b7f0,3500000000.0,DiJual rumah siap huni di komplek jl.banjar wijaya cipondoh tangerang,"Cipondoh, Tangerang",Cipondoh,Tangerang,-6.1829669,106.682727," Keamanan,  Jogging Track,  Masjid, Ac, Taman",rumah,hos11042195,5.0,3.0,200.0,300.0,0.0,shm - sertifikat hak milik,lainnya mah,0.0,0.0,2.0,,,bagus sekali,,0.0,furnished,17.5,-6.18297,106.68273,1.5
https://www.rumah123.com/properti/tangerang/hos11042193/#qid~5d5b05f9-ab0d-4774-ae61-bddd6e38b7f0,2300000000.0,Dijual rumah siap huni di komplek banjar wijaya cipondoh tangerang,"Cipondoh, Tangerang",Cipondoh,Tangerang,-6.1829669,106.682727," Keamanan,  Jogging Track,  Masjid, Ac, Taman",rumah,hos11042193,4.0,4.0,120.0,120.0,0.0,"lainnya (ppjb,girik,adat,dll)",lainnya mah,0.0,0.0,2.0,,,bagus sekali,,0.0,semi furnished,19.166666666666668,-6.18297,106.68273,1.0
https://www.rumah123.com/properti/tangerang/hos11042194/#qid~5d5b05f9-ab0d-4774-ae61-bddd6e38b7f0,1900000000.0,Dijual rumah siap huni di komplek banjar wijaya cipondoh tangerang,"Cipondoh, Tangerang",Cipondoh,Tangerang,-6.1829669,106.682727," Keamanan,  Taman, Jogging Track,  Masjid, Ac",rumah,hos11042194,4.0,3.0,160.0,160.0,0.0,shm - sertifikat hak milik,lainnya mah,0.0,0.0,1.0,,,bagus sekali,,0.0,furnished,11.875,-6.18297,106.68273,1.0
https://www.rumah123.com/properti/tangerang/hos11221983/#qid~df433583-d33b-493f-8b79-6a3fc25f2348,2600000000.0,Rumah Bagus 2 Lantai Siap Huni,"Tangerang Kota, Tangerang",Tangerang Kota,Tangerang,-6.1766875,106.650034,"Keamanan, Keamanan 24 jam",rumah,hos11221983,3.0,2.0,200.0,200.0,2.0,,lainnya mah,1.0,1.0,2.0,,,bagus,selatan,0.0,unfurnished,13.0,-6.17669,106.65003,1.0
https://www.rumah123.com/properti/tangerang/hos9717912/#qid~f9356703-f3ad-4ea8-ae31-5dd51c017da6,3000000000.0,Rumah Bagus 3 Lantai Di Ayodhya Garden 2 Type Willow,"Tangerang Kota, Tangerang",Tangerang Kota,Tangerang,-6.1766875,106.650034," Keamanan,  Jogging Track, Ac,  Kolam Renang, Taman",rumah,hos9717912,4.0,3.0,112.0,194.0,2.0,,lainnya mah,1.0,1.0,3.0,,,baru,,0.0,semi furnished,26.78571428571429,-6.17669,106.65003,1.7321428571428572
https://www.rumah123.com/properti/tangerang/hos10605519/#qid~061b8866-ab27-4e79-90a6-dbd1e834c9d9,4200000000.0,Rumah Modern Lokasi Strategis Di Modernland Premier Park Harga All In Bisa Kpr,"Tangerang Kota, Tangerang",Tangerang Kota,Tangerang,-6.1766875,106.650034,"Keamanan, Taman",rumah,hos10605519,6.0,3.0,210.0,300.0,1.0,shm - sertifikat hak milik,4400 mah,0.0,0.0,2.0,,,bagus,,1.0,unfurnished,20.0,-6.17669,106.65003,1.4285714285714286
https://www.rumah123.com/properti/tangerang/hos11208680/#qid~2a385497-fa81-488b-950b-130d655fd22f,1170000000.0,Cluster Catriona Suvarna Sutera Tangerang,"Tangerang Kota, Tangerang",Tangerang Kota,Tangerang,-6.1766875,106.650034," Lapangan Voli,  Taman, CCTV, Lapangan Bola,  Tempat Gym, Lapangan Tenis, Jogging Track, Tempat Jemuran, Jalur Telepon,  Lapangan Bulu Tangkis, Keamanan,  Track Lari,  Masjid, Wastafel,  CCTV,  Kolam Renang,  Jalur Telepon,  Lapangan Basket",rumah,hos11208680,3.0,3.0,75.0,92.0,2.0,shm - sertifikat hak milik,2200 mah,0.0,0.0,2.0,0.0,2022.0,baru,selatan,0.0,unfurnished,15.6,-6.17669,106.65003,1.2266666666666666
https://www.rumah123.com/properti/tangerang/hos11200625/#qid~2a385497-fa81-488b-950b-130d655fd22f,1760000000.0,Cluster Dakota Suvarna Sutera Tangerang,"Tangerang Kota, Tangerang",Tangerang Kota,Tangerang,-6.1766875,106.650034," Lapangan Voli,  Taman, CCTV, Lapangan Bola,  Tempat Gym, Lapangan Tenis, Jogging Track, Tempat Jemuran, Jalur Telepon,  Lapangan Bulu Tangkis, Keamanan,  Track Lari,  Masjid, Wastafel,  CCTV,  Kolam Renang,  Jalur Telepon,  Lapangan Basket",rumah,hos11200625,3.0,3.0,105.0,126.0,2.0,shm - sertifikat hak milik,3500 mah,1.0,1.0,2.0,0.0,2022.0,baru,selatan,0.0,unfurnished,16.761904761904763,-6.17669,106.65003,1.2
https://www.rumah123.com/properti/tangerang/hos10725298/#qid~5b190956-f493-4902-aeb9-31d93b66e3fd,975000000.0,"Rumah 2 Lantai ""Hunian Exclusive, Dekat dgn Lippo Karawaci, BSD, Sumarecon, Kota Tangerang.","Tangerang Kota, Tangerang",Tangerang Kota,Tangerang,-6.1766875,106.650034," Keamanan, CCTV,  Jogging Track,  Taman, Ac,  Masjid,  Kolam Renang,  Jalur Telepon",rumah,hos10725298,4.0,2.0,72.0,72.0,1.0,shm - sertifikat hak milik,2200 mah,0.0,0.0,2.0,0.0,2022.0,baru,timur,1.0,unfurnished,13.541666666666666,-6.17669,106.65003,1.0
https://www.rumah123.com/properti/tangerang/hos10988359/#qid~546937c2-86eb-4bb2-9f2b-b438ef599e9e,1890000000.0,"Rumah,1 lantai. Luas tanah 190m di pusat kota Tangerang dekat dengan fasus /fasom","Tangerang Kota, Tangerang",Tangerang Kota,Tangerang,-6.1766875,106.650034,"Jalur Telepon, Keamanan, AC, Ac,  Jalur Telepon",rumah,hos10988359,2.0,2.0,190.0,120.0,1.0,"lainnya (ppjb,girik,adat,dll)",2200 mah,0.0,0.0,1.0,15.0,2007.0,bagus,barat daya,1.0,unfurnished,9.947368421052632,-6.17669,106.65003,0.631578947368421
https://www.rumah123.com/properti/tangerang/hos11078259/#qid~f6ec1d2c-a616-42e7-a86a-ca7173cb7359,845000000.0,Siap Huni Selangkah Ke Tol Karawaci Dan Gading Serpong,"Tangerang Kota, Tangerang",Tangerang Kota,Tangerang,-6.1766875,106.650034," Taman, Tempat Jemuran, Jalur Telepon, Akses Parkir, Keamanan 24 jam, Track Lari, Tempat Gym",rumah,hos11078259,3.0,2.0,72.0,54.0,1.0,shm - sertifikat hak milik,lainnya mah,0.0,0.0,2.0,1.0,2021.0,baru,,0.0,,11.736111111111112,-6.17669,106.65003,0.75
https://www.rumah123.com/properti/tangerang/hos11112175/#qid~18aeb085-a7b2-4d18-80f3-28cc6777c4e2,1600000000.0,Rumah Di Tanggerang Dekat Tol Karawaci 1 Idaman Muslim Dekat Masjid View Danau,"Tangerang Kota, Tangerang",Tangerang Kota,Tangerang,-6.1766875,106.650034,"Masjid,  Taman, Tempat Jemuran, Lapangan Bulu Tangkis, Kitchen Set, Keamanan 24 jam, Wastafel, Track Lari, Taman,  One Gate System",rumah,hos11112175,6.0,3.0,140.0,180.0,1.0,shm - sertifikat hak milik,2200 mah,0.0,0.0,2.0,2.0,2020.0,,selatan,2.0,semi furnished,11.428571428571429,-6.17669,106.65003,1.2857142857142858
https://www.rumah123.com/properti/tangerang/hos11095211/#qid~edcaf871-2645-4a99-a2b9-e18cdbb3a3d3,1800000000.0,"Lelang Rumah Kostan 2 Lt di Ciledug, Tangerang Selatan","Tangerang Kota, Tangerang",Tangerang Kota,Tangerang,-6.1766875,106.650034,"Kulkas,  Kitchen Set, Masjid, Lapangan Bola,  Pemanas Air, Tempat Jemuran, Keamanan 24 jam, Wastafel,  CCTV, Track Lari,  Akses Parkir,  Tempat Laundry,  AC",rumah,hos11095211,10.0,10.0,380.0,600.0,0.0,shm - sertifikat hak milik,5500 mah,0.0,0.0,2.0,,,bagus,,0.0,unfurnished,4.7368421052631575,-6.17669,106.65003,1.5789473684210527
https://www.rumah123.com/properti/tangerang/hos11293262/#qid~edcaf871-2645-4a99-a2b9-e18cdbb3a3d3,1120000000.0,Di Jual Rumah Daerah Tangerang Harga 1m an,"Tangerang Kota, Tangerang",Tangerang Kota,Tangerang,-6.1766875,106.650034,"AC, Keamanan 24 jam,  CCTV, Taman,  One Gate System",rumah,hos11293262,3.0,2.0,60.0,74.0,1.0,shm - sertifikat hak milik,2200 mah,0.0,0.0,2.0,,,,,0.0,,18.666666666666668,-6.17669,106.65003,1.2333333333333334
https://www.rumah123.com/properti/tangerang/hos11365000/#qid~5af0d35a-cace-4bbc-a4a3-8aa0df819f63,2100000000.0,"Rumah 2 Lantai di Wisma Pondok Aren, Tangerang","Tangerang Kota, Tangerang",Tangerang Kota,Tangerang,-6.1766875,106.650034,"Tempat Jemuran, Tempat Laundry, Kitchen Set, Wastafel, Taman,  AC",rumah,hos11365000,3.0,3.0,257.0,250.0,2.0,shm - sertifikat hak milik,2200 mah,1.0,1.0,2.0,1.0,2021.0,baru,,0.0,furnished,8.171206225680935,-6.17669,106.65003,0.9727626459143969
https://www.rumah123.com/properti/tangerang/hos11364364/#qid~de3482b1-2665-4625-8388-e73221c6121f,1100000000.0,"Dijual Cepat Rumah PIK2 cluster california 4,5x10m TERMURAH","Tangerang Kota, Tangerang",Tangerang Kota,Tangerang,-6.1766875,106.650034,Jalur Telepon,rumah,hos11364364,2.0,2.0,45.0,120.0,0.0,"lainnya (ppjb,girik,adat,dll)",4400 mah,0.0,0.0,2.0,,,baru,utara,0.0,unfurnished,24.444444444444443,-6.17669,106.65003,2.6666666666666665
https://www.rumah123.com/properti/tangerang/hos11360001/#qid~c984c56a-bc1e-499a-afc7-2d459a55dd65,4500000000.0,Rumah 1 lantai,"Tangerang Kota, Tangerang",Tangerang Kota,Tangerang,-6.1766875,106.650034," Keamanan, CCTV,  Jogging Track,  Taman, Tempat Jemuran, Jalur Telepon, Wastafel, Track Lari, Taman, Tempat Gym,  Jalur Telepon",rumah,hos11360001,,,225.0,200.0,0.0,shm - sertifikat hak milik,3300 mah,0.0,0.0,1.0,6.0,2016.0,sudah renovasi,timur,0.0,unfurnished,20.0,-6.17669,106.65003,0.8888888888888888
https://www.rumah123.com/properti/tangerang/hos10891007/#qid~df433583-d33b-493f-8b79-6a3fc25f2348,900000000.0,Di Jual Rumah 2 Lantai Di Pondok Cabe Amara Residence,"Pondok Cabe, Tangerang",Pondok Cabe,Tangerang,-6.3508185,106.7612094,"Taman, AC,  Keamanan,  CCTV",rumah,hos10891007,2.0,3.0,70.0,86.0,1.0,shm - sertifikat hak milik,3500 mah,1.0,0.0,2.0,0.0,2022.0,baru,selatan,0.0,unfurnished,12.857142857142856,-6.35082,106.76121,1.2285714285714286
https://www.rumah123.com/properti/tangerang/hos10899120/#qid~54003faa-18c9-4e10-a528-a1c515628a60,2520000000.0,Rumah Modern Cornerstone House Dekat Pancoran Mas Harga All In Kpr,"Pondok Cabe, Tangerang",Pondok Cabe,Tangerang,-6.3508185,106.7612094,"Keamanan, Taman",rumah,hos10899120,4.0,3.0,132.0,125.0,2.0,shm - sertifikat hak milik,5500 mah,0.0,0.0,2.0,,,bagus,,0.0,unfurnished,19.09090909090909,-6.35082,106.76121,0.946969696969697
https://www.rumah123.com/properti/tangerang/hos11044897/#qid~ebd7c4a9-0004-4192-a32e-36a5d90cf998,2300000000.0,Rumah cluster siap huni di pondok cabe tangsel,"Pondok Cabe, Tangerang",Pondok Cabe,Tangerang,-6.3508185,106.7612094," Ac,  Keamanan, CCTV,  Jogging Track,  Taman, Jalur Telepon,  Masjid",rumah,hos11044897,3.0,,132.0,125.0,2.0,shm - sertifikat hak milik,5500 mah,1.0,1.0,2.0,,,bagus,,0.0,semi furnished,17.424242424242426,-6.35082,106.76121,0.946969696969697
https://www.rumah123.com/properti/tangerang/hos8830044/#qid~edfca908-2a57-41da-a4c0-002d12d9b489,1300000000.0,Rumah Bagus 2 Lantai di Dalam Komplek Besar Pondok Cabe,"Pondok Cabe, Tangerang",Pondok Cabe,Tangerang,-6.3508185,106.7612094," Keamanan,  Jogging Track, Jalur Telepon,  Masjid,  Kolam Renang, Taman",rumah,hos8830044,3.0,2.0,126.0,100.0,1.0,shm - sertifikat hak milik,2200 mah,0.0,0.0,2.0,7.0,2015.0,bagus,timur,0.0,unfurnished,10.317460317460316,-6.35082,106.76121,0.7936507936507936
https://www.rumah123.com/properti/tangerang/hos11323641/#qid~edfca908-2a57-41da-a4c0-002d12d9b489,485000000.0,"Rumah Dekat Dengan Jakarta Selatan, Ciputat","Pondok Cabe, Tangerang",Pondok Cabe,Tangerang,-6.3508185,106.7612094," Mesin Cuci, Kulkas,  Kitchen Set, Jalur Telepon, Wastafel,  Track Lari, Keamanan 24 jam,  CCTV,  AC,  Pemanas Air, Lapangan Bulu Tangkis,  Playground, Masjid,  Taman, Lapangan Bola, Tempat Jemuran,  Akses Parkir,  One Gate System,  Tempat Laundry",rumah,hos11323641,2.0,1.0,70.0,40.0,1.0,shm - sertifikat hak milik,1300 mah,0.0,0.0,1.0,0.0,2022.0,baru,selatan,0.0,unfurnished,6.928571428571428,-6.35082,106.76121,0.5714285714285714
https://www.rumah123.com/properti/tangerang/hos11244886/#qid~b98b1bf5-2e6f-425f-8b71-f90661bf07bc,4000000000.0,Rumah Mewah di Modernhill Pondok Cabe Konsep Garden & Pool Open Space,"Pondok Cabe, Tangerang",Pondok Cabe,Tangerang,-6.3508185,106.7612094,"Masjid,  Keamanan,  Jogging Track, Lapangan Tenis, Lapangan Basket, Tempat Jemuran,  Track Lari,  Kolam Renang, Taman",rumah,hos11244886,3.0,4.0,300.0,240.0,2.0,shm - sertifikat hak milik,3500 mah,1.0,1.0,2.0,0.0,2022.0,baru,selatan,6.0,unfurnished,13.333333333333334,-6.35082,106.76121,0.8
https://www.rumah123.com/properti/tangerang/hos11318503/#qid~fe216eb2-de17-43ed-ab54-fa3efa7fffc9,660000000.0,Rumah Elegan 2 Lantai Asri dan Nyaman,"Pondok Cabe, Tangerang",Pondok Cabe,Tangerang,-6.3508185,106.7612094," Keamanan,  Jogging Track,  Taman, Tempat Jemuran, Jalur Telepon,  Masjid, Track Lari, Taman",rumah,hos11318503,3.0,2.0,64.0,60.0,1.0,shm - sertifikat hak milik,1300 mah,0.0,0.0,2.0,0.0,2022.0,baru,timur,0.0,unfurnished,10.3125,-6.35082,106.76121,0.9375
https://www.rumah123.com/properti/tangerang/hos11097086/#qid~edcaf871-2645-4a99-a2b9-e18cdbb3a3d3,1400000000.0,viral Rumah di Pondok Cabe Casa 8,"Pondok Cabe, Tangerang",Pondok Cabe,Tangerang,-6.3508185,106.7612094,"Tempat Jemuran, Keamanan 24 jam, AC, Wastafel,  CCTV, Taman,  One Gate System,  Playground",rumah,hos11097086,3.0,3.0,80.0,84.0,2.0,shm - sertifikat hak milik,2200 mah,0.0,0.0,2.0,0.0,2022.0,baru,,2.0,semi furnished,17.5,-6.35082,106.76121,1.05
https://www.rumah123.com/properti/tangerang/hos11360480/#qid~c984c56a-bc1e-499a-afc7-2d459a55dd65,1400000000.0,Hunian Baru Hadir Dengan Model Elegant Minimalis Cirendeu,"Pondok Cabe, Tangerang",Pondok Cabe,Tangerang,-6.3508185,106.7612094,"Lapangan Bola, Keamanan, Keamanan 24 jam, Wastafel",rumah,hos11360480,3.0,3.0,60.0,87.0,0.0,shm - sertifikat hak milik,2200 mah,0.0,0.0,2.0,0.0,2022.0,baru,,0.0,unfurnished,23.333333333333332,-6.35082,106.76121,1.45
https://www.rumah123.com/properti/tangerang/hos11359056/#qid~5d5b05f9-ab0d-4774-ae61-bddd6e38b7f0,655000000.0,"Rumah Di Pamulang, Bebas Banjir Banyak Hadiahnya","Pondok Cabe, Tangerang",Pondok Cabe,Tangerang,-6.3508185,106.7612094,"Kulkas, Masjid,  Taman, Lapangan Bola, Tempat Jemuran, Jalur Telepon, Lapangan Bulu Tangkis,  Track Lari, Keamanan 24 jam, Wastafel,  Akses Parkir,  One Gate System,  AC,  Tempat Laundry,  Playground",rumah,hos11359056,3.0,2.0,64.0,60.0,1.0,shm - sertifikat hak milik,1300 mah,0.0,0.0,2.0,0.0,2022.0,baru,timur,2.0,semi furnished,10.234375,-6.35082,106.76121,0.9375
https://www.rumah123.com/properti/tangerang/hos11125162/#qid~3e8cfc7c-8617-4a40-b9f6-9bf1f80cbbf1,1600000000.0,"Rumah Minimalis 1 lantai di Melia Residence, dekat Transmart, Akses Tol","Graha Raya, Tangerang",Graha Raya,Tangerang,-6.2327938,106.6804959,"Keamanan,  Masjid, Taman",rumah,hos11125162,3.0,2.0,120.0,70.0,1.0,shm - sertifikat hak milik,2200 mah,1.0,1.0,1.0,11.0,2011.0,butuh renovasi,,0.0,unfurnished,13.333333333333334,-6.23279,106.6805,0.5833333333333334
https://www.rumah123.com/properti/tangerang/hos9362543/#qid~844e8917-3043-4da9-8cd5-4d6a7c0281f3,3100000000.0,Rumah Hook Harga BU Melia Residence Nego sampe Deal,"Graha Raya, Tangerang",Graha Raya,Tangerang,-6.2327938,106.6804959,"Masjid,  Taman, Keamanan, Keamanan 24 jam,  Masjid, Taman",rumah,hos9362543,4.0,3.0,210.0,300.0,2.0,shm - sertifikat hak milik,3500 mah,1.0,1.0,2.0,,,bagus,,1.0,semi furnished,14.761904761904761,-6.23279,106.6805,1.4285714285714286
https://www.rumah123.com/properti/tangerang/hos11109084/#qid~21106bba-a08b-4384-8f7a-8833fcf2a9ca,1220000000.0,Rumah Murah Minimalis Modern 2 Lantai 3 Kt Dkt Graha Raya Bintaro,"Graha Raya, Tangerang",Graha Raya,Tangerang,-6.2327938,106.6804959," Taman, Tempat Jemuran, Akses Parkir, Keamanan 24 jam, Wastafel,  CCTV, Taman,  One Gate System",rumah,hos11109084,3.0,2.0,60.0,60.0,1.0,shm - sertifikat hak milik,2200 mah,0.0,0.0,2.0,0.0,2022.0,bagus,timur,0.0,unfurnished,20.333333333333332,-6.23279,106.6805,1.0
https://www.rumah123.com/properti/tangerang/hos10004774/#qid~2a385497-fa81-488b-950b-130d655fd22f,1670000000.0,Rumah Model Industrialis Minimalis di Graha Raya,"Graha Raya, Tangerang",Graha Raya,Tangerang,-6.2327938,106.6804959,Keamanan,rumah,hos10004774,3.0,1.0,112.0,90.0,1.0,shm - sertifikat hak milik,2200 mah,1.0,1.0,1.0,0.0,2022.0,baru,,0.0,unfurnished,14.910714285714285,-6.23279,106.6805,0.8035714285714286
https://www.rumah123.com/properti/tangerang/hos11335880/#qid~546937c2-86eb-4bb2-9f2b-b438ef599e9e,1350000000.0,"Rumah Bagus Unfurnished SHM di Fortune Spring Graha Raya, Tangerang","Graha Raya, Tangerang",Graha Raya,Tangerang,-6.2327938,106.6804959," Taman, Tempat Jemuran, Akses Parkir, Keamanan 24 jam, AC,  CCTV, Track Lari, Taman,  One Gate System,  Playground",rumah,hos11335880,2.0,2.0,90.0,50.0,1.0,shm - sertifikat hak milik,2200 mah,1.0,0.0,1.0,,,bagus,utara,1.0,unfurnished,15.0,-6.23279,106.6805,0.5555555555555556
https://www.rumah123.com/properti/tangerang/hos11362014/#qid~9b7c3e11-2c18-4559-a637-16b29b361aad,1200000000.0,Rumah di Callysta Graha Bintaro 2 Lantai siap huni. 2100,"Graha Raya, Tangerang",Graha Raya,Tangerang,-6.2327938,106.6804959,"Keamanan, AC, Ac",rumah,hos11362014,2.0,2.0,76.0,56.0,1.0,"lainnya (ppjb,girik,adat,dll)",2200 mah,0.0,0.0,2.0,,,bagus,,0.0,,15.789473684210526,-6.23279,106.6805,0.7368421052631579
https://www.rumah123.com/properti/tangerang/hos11361761/#qid~9b7c3e11-2c18-4559-a637-16b29b361aad,4900000000.0,Rumah di Gardenia Loka 3 Lantai SHM Bagus. 2102,"Graha Raya, Tangerang",Graha Raya,Tangerang,-6.2327938,106.6804959,"One Gate System, Keamanan, Kitchen Set, Keamanan 24 jam, Ac, AC",rumah,hos11361761,5.0,5.0,154.0,500.0,2.0,shm - sertifikat hak milik,7600 mah,2.0,2.0,3.0,,,bagus,,0.0,,31.818181818181817,-6.23279,106.6805,3.2467532467532467
https://www.rumah123.com/properti/tangerang/hos11354407/#qid~c984c56a-bc1e-499a-afc7-2d459a55dd65,1250000000.0,Jual Rumah Dalam Cluster Graha Raya Siap Huni. Et1968,"Graha Raya, Tangerang",Graha Raya,Tangerang,-6.2327938,106.6804959,"Taman,  One Gate System, Keamanan 24 jam, Wastafel",rumah,hos11354407,3.0,1.0,120.0,100.0,1.0,shm - sertifikat hak milik,1300 mah,1.0,1.0,1.0,4.0,2018.0,bagus,,0.0,unfurnished,10.416666666666666,-6.23279,106.6805,0.8333333333333334
https://www.rumah123.com/properti/tangerang/hos11358945/#qid~5d5b05f9-ab0d-4774-ae61-bddd6e38b7f0,1490000000.0,"Rumah 1,5 lantai luas tanah 160 M2 Lokasi Cluster Boulevard  di Graha Raya","Graha Raya, Tangerang",Graha Raya,Tangerang,-6.2327938,106.6804959," Keamanan, Jalur Telepon,  Kolam Ikan,  Kolam Renang, Wastafel, Taman,  Ac,  Track Lari, Keamanan 24 jam,  CCTV,  AC,  Lapangan Voli,  Jogging Track, Kolam Renang, Lapangan Tenis, Kitchen Set,  Masjid,  Playground, Masjid,  Taman, Lapangan Bola,  Tempat Gym, Tempat Jemuran,  Lapangan Bulu Tangkis,  Akses Parkir,  One Gate System,  Tempat Laundry,  Jalur Telepon,  Lapangan Basket",rumah,hos11358945,4.0,2.0,160.0,140.0,2.0,shm - sertifikat hak milik,3500 mah,0.0,1.0,2.0,6.0,2016.0,bagus,,0.0,unfurnished,9.3125,-6.23279,106.6805,0.875
https://www.rumah123.com/properti/tangerang/hos10527703/#qid~3e8cfc7c-8617-4a40-b9f6-9bf1f80cbbf1,4890000000.0,Berasa sultan tinggal di rumah Menteng nya Gading Serpong,"Gading Serpong IL Lago, Tangerang",Gading Serpong IL Lago,Tangerang,-6.2617616,106.555366," Ac,  Taman, Jogging Track, Keamanan,  CCTV,  Kolam Renang,  Jalur Telepon",rumah,hos10527703,3.0,3.0,180.0,257.0,2.0,,4400 mah,1.0,1.0,2.0,0.0,2022.0,baru,timur,0.0,semi furnished,27.166666666666668,-6.26176,106.55537,1.4277777777777778
https://www.rumah123.com/properti/tangerang/hos10790528/#qid~5b190956-f493-4902-aeb9-31d93b66e3fd,4890000000.0,Rumah Luas 2 Lantai Lokasi Premium di Gading Serpong,"Gading Serpong IL Lago, Tangerang",Gading Serpong IL Lago,Tangerang,-6.2617616,106.555366," Keamanan, CCTV,  Taman, Ac,  Kolam Renang,  Jalur Telepon",rumah,hos10790528,3.0,3.0,180.0,217.0,2.0,,4400 mah,1.0,1.0,2.0,,,baru,timur laut,0.0,unfurnished,27.166666666666668,-6.26176,106.55537,1.2055555555555555
https://www.rumah123.com/properti/tangerang/hos11171513/#qid~eaddfd9a-1be2-498e-a8c9-77196c3c7ef7,4500000000.0,Rumah Mewah dii Cluster Menteng Village  IL LAGO Gading Serpong | no Cobroke,"Gading Serpong IL Lago, Tangerang",Gading Serpong IL Lago,Tangerang,-6.2617616,106.555366," Keamanan, Kolam Renang,  Taman, Jogging Track, Tempat Jemuran, Jalur Telepon, Akses Parkir, Keamanan 24 jam, Track Lari,  Playground,  Kolam Renang,  One Gate System,  Jalur Telepon",rumah,hos11171513,4.0,3.0,180.0,164.0,2.0,"lainnya (ppjb,girik,adat,dll)",5500 mah,1.0,1.0,2.0,4.0,2018.0,bagus,barat,1.0,unfurnished,25.0,-6.26176,106.55537,0.9111111111111111
https://www.rumah123.com/properti/tangerang/hos10401298/#qid~c2e73bd9-4660-4555-8a1c-ea5a96ad72c9,3500000000.0,Rumah akan di rapikan spt baru di Menaggio Il Lago gd Serpong,"Gading Serpong IL Lago, Tangerang",Gading Serpong IL Lago,Tangerang,-6.2617616,106.555366,"Taman,  Kolam Renang, Jogging Track,  Keamanan",rumah,hos10401298,4.0,3.0,170.0,181.0,2.0,,2200 mah,1.0,1.0,2.0,12.0,2010.0,bagus,timur laut,0.0,unfurnished,20.58823529411765,-6.26176,106.55537,1.0647058823529412
https://www.rumah123.com/properti/tangerang/hos10276890/#qid~3e8cfc7c-8617-4a40-b9f6-9bf1f80cbbf1,1750000000.0,Rumah Bagus Harga 1m an Di Greenwich Tangerang,"BSD Green Wich, Tangerang",BSD Green Wich,Tangerang,-6.2761896,106.6298794," Taman, Keamanan,  Kolam Renang, Jogging Track",rumah,hos10276890,3.0,2.0,77.0,70.0,1.0,shm - sertifikat hak milik,lainnya mah,0.0,0.0,2.0,,,bagus,,0.0,,22.727272727272727,-6.27619,106.62988,0.9090909090909091
https://www.rumah123.com/properti/tangerang/hos11318985/#qid~fe216eb2-de17-43ed-ab54-fa3efa7fffc9,2200000000.0,Rumah Fully Furnished di Cluster Whelford Greenwich BSD,"BSD Green Wich, Tangerang",BSD Green Wich,Tangerang,-6.2761896,106.6298794," Ac,  Mesin Cuci, Kulkas,  Kitchen Set,  Keamanan,  Jogging Track,  Taman,  Pemanas Air, Tempat Jemuran, Jalur Telepon,  Kolam Ikan, Wastafel, Track Lari, Taman,  AC",rumah,hos11318985,3.0,4.0,60.0,120.0,2.0,"lainnya (ppjb,girik,adat,dll)",2200 mah,1.0,0.0,3.0,4.0,2018.0,bagus,,0.0,furnished,36.666666666666664,-6.27619,106.62988,2.0
https://www.rumah123.com/properti/tangerang/hos11067729/#qid~f92d9c50-dbab-418d-a757-cf9be2836290,2760000000.0,Rumah Minimalis Mewah 3 Lantai Cluster Aether di Greenwich Bsd City,"BSD Green Wich, Tangerang",BSD Green Wich,Tangerang,-6.2761896,106.6298794," Taman, Tempat Jemuran, Jalur Telepon, Taman, Keamanan 24 jam,  CCTV, Track Lari,  Kolam Renang,  One Gate System, Tempat Gym,  Playground",rumah,hos11067729,4.0,3.0,72.0,165.0,2.0,shm - sertifikat hak milik,2200 mah,1.0,1.0,3.0,,,baru,,0.0,unfurnished,38.333333333333336,-6.27619,106.62988,2.2916666666666665
https://www.rumah123.com/properti/tangerang/hos11365102/#qid~64b63570-5d79-426f-a823-b543b94792fa,3400000000.0,Dijual Rumah 2 Lantai Siap Huni di Cluster Luxmore,"BSD Green Wich, Tangerang",BSD Green Wich,Tangerang,-6.2761896,106.6298794," Keamanan,  Jogging Track,  Taman, Jalur Telepon, Keamanan 24 jam, Ac, AC, Track Lari,  Kolam Renang, Taman",rumah,hos11365102,4.0,3.0,135.0,163.0,2.0,shm - sertifikat hak milik,lainnya mah,1.0,1.0,2.0,,,bagus,utara,0.0,semi furnished,25.185185185185187,-6.27619,106.62988,1.2074074074074075
https://www.rumah123.com/properti/tangerang/hos10575367/#qid~3e8cfc7c-8617-4a40-b9f6-9bf1f80cbbf1,12500000000.0,"Rumah 2 Lantai Seperti Villa Dengan Private Pool  di Kawasan Giri Loka 3, Bsd","BSD Giri Loka, Tangerang",BSD Giri Loka,Tangerang,-6.2889368,106.6761586," Keamanan,  Jogging Track, Jalur Telepon,  Kolam Renang, Taman",rumah,hos10575367,5.0,4.0,632.0,317.0,2.0,shm - sertifikat hak milik,10600 mah,2.0,1.0,2.0,10.0,2012.0,bagus sekali,selatan,2.0,semi furnished,19.778481012658226,-6.28894,106.67616,0.5015822784810127
https://www.rumah123.com/properti/tangerang/hos11207470/#qid~f9356703-f3ad-4ea8-ae31-5dd51c017da6,12500000000.0,Fully Furnish Rumah Super Mewah Giri Loka Bsd City,"BSD Giri Loka, Tangerang",BSD Giri Loka,Tangerang,-6.2889368,106.6761586,"Kolam Renang,  Taman, Akses Parkir, Keamanan 24 jam, AC,  Kolam Renang, Taman",rumah,hos11207470,3.0,3.0,300.0,600.0,2.0,shm - sertifikat hak milik,lainnya mah,1.0,1.0,4.0,,,bagus,,2.0,furnished,41.666666666666664,-6.28894,106.67616,2.0
https://www.rumah123.com/properti/tangerang/hos11365063/#qid~64b63570-5d79-426f-a823-b543b94792fa,3800000000.0,Rumah dijual di di Giriloka3 BSD,"BSD Giri Loka, Tangerang",BSD Giri Loka,Tangerang,-6.2889368,106.6761586,"Masjid,  Jogging Track,  Taman, Keamanan, Keamanan 24 jam,  Masjid, Track Lari, Taman",rumah,hos11365063,4.0,3.0,292.0,165.0,1.0,shm - sertifikat hak milik,2200 mah,1.0,1.0,2.0,,,bagus,,0.0,unfurnished,13.013698630136988,-6.28894,106.67616,0.565068493150685
https://www.rumah123.com/properti/tangerang/hos11364896/#qid~5af0d35a-cace-4bbc-a4a3-8aa0df819f63,3990000000.0,Rumah 2 Lantai Luas Tanah Besar di Giri Loka Bsd,"BSD Giri Loka, Tangerang",BSD Giri Loka,Tangerang,-6.2889368,106.6761586," Taman, Tempat Jemuran, Jalur Telepon, Kitchen Set, Keamanan 24 jam, Wastafel, Track Lari, Taman,  One Gate System,  Playground",rumah,hos11364896,5.0,3.0,360.0,200.0,1.0,shm - sertifikat hak milik,2200 mah,1.0,1.0,2.0,,,bagus,,1.0,unfurnished,11.083333333333334,-6.28894,106.67616,0.5555555555555556
https://www.rumah123.com/properti/tangerang/hos11359918/#qid~0d9492e8-7326-465d-85ee-e54559fedc26,8750000000.0,Dijual Cluster Elite Keamanan 24 Jam di BSD Giri Loka dekat Stasiun Kereta,"BSD Giri Loka, Tangerang",BSD Giri Loka,Tangerang,-6.2889368,106.6761586,Keamanan,rumah,hos11359918,7.0,5.0,785.0,470.0,3.0,shm - sertifikat hak milik,5500 mah,0.0,0.0,2.0,,,bagus,,2.0,,11.146496815286623,-6.28894,106.67616,0.5987261146496815
https://www.rumah123.com/properti/tangerang/hos10794506/#qid~844e8917-3043-4da9-8cd5-4d6a7c0281f3,3850000000.0,"Rumah 2 Lantai Bagus Sekali di Bsd Eminent, Tangerang","BSD Eminent, Tangerang",BSD Eminent,Tangerang,-6.2951519,106.6310566,CCTV,rumah,hos10794506,2.0,2.0,120.0,144.0,1.0,,7700 mah,1.0,1.0,2.0,,,bagus sekali,utara,2.0,,32.08333333333333,-6.29515,106.63106,1.2
https://www.rumah123.com/properti/tangerang/hos9845166/#qid~03faa0cc-66ca-40a2-b278-2bf7fe55b8c1,3200000000.0,Precia eminent bsd lokasi bagus dekat dengan fasilitas umum menarik Aeonn mall pasar modern kampus dll,"BSD Eminent, Tangerang",BSD Eminent,Tangerang,-6.2951519,106.6310566," Jogging Track, Keamanan, Taman,  Jalur Telepon",rumah,hos9845166,3.0,3.0,120.0,144.0,1.0,"lainnya (ppjb,girik,adat,dll)",2200 mah,1.0,1.0,2.0,4.0,2018.0,baru,utara,0.0,unfurnished,26.666666666666668,-6.29515,106.63106,1.2
https://www.rumah123.com/properti/tangerang/hos11049702/#qid~b98b1bf5-2e6f-425f-8b71-f90661bf07bc,2550000000.0,"Hot Unit, Lebar 7 di Eminent, Sudah Sedikit Renovasi. Bisa Kpr Hadap Utara","BSD Eminent, Tangerang",BSD Eminent,Tangerang,-6.2951519,106.6310566,"Taman, Kitchen Set, Tempat Jemuran",rumah,hos11049702,3.0,2.0,119.0,92.0,1.0,,2200 mah,0.0,0.0,2.0,7.0,2015.0,sudah renovasi,utara,0.0,semi furnished,21.42857142857143,-6.29515,106.63106,0.773109243697479
https://www.rumah123.com/properti/tangerang/hos10719162/#qid~ad59e9b3-66a8-4705-b3fc-20d647c97736,3000000000.0,Dijual Rumah Bagus 2 Lantai Full Renovasi Fullfurnish Bagus Sekali Rapi Cluster Eminen Bsd,"BSD Eminent, Tangerang",BSD Eminent,Tangerang,-6.2951519,106.6310566," Keamanan, CCTV,  Jogging Track, Track Lari,  Kolam Renang, Taman",rumah,hos10719162,3.0,2.0,120.0,192.0,0.0,shm - sertifikat hak milik,4400 mah,1.0,1.0,2.0,,,bagus,,0.0,furnished,25.0,-6.29515,106.63106,1.6
https://www.rumah123.com/properti/tangerang/hos11362311/#qid~7abe792b-a7f3-4c78-9517-85af54405a53,3400000000.0,"Rumah Bagus SHM di The Eminent Cluster Precia
, Tangerang","BSD Eminent, Tangerang",BSD Eminent,Tangerang,-6.2951519,106.6310566,CCTV,rumah,hos11362311,3.0,3.0,135.0,171.0,0.0,shm - sertifikat hak milik,2200 mah,1.0,1.0,1.0,,,bagus,,0.0,,25.185185185185187,-6.29515,106.63106,1.2666666666666666
https://www.rumah123.com/properti/tangerang/hos10941040/#qid~844e8917-3043-4da9-8cd5-4d6a7c0281f3,1200000000.0,Rumah Siap Huni Dekat Larangan di Komplek Kaisar 4 Harga All In Siap Kpr,"Larangan, Tangerang",Larangan,Tangerang,-6.2382291,106.733237,"Keamanan, Taman",rumah,hos10941040,3.0,2.0,80.0,80.0,1.0,shm - sertifikat hak milik,1300 mah,0.0,0.0,2.0,,,bagus,,0.0,unfurnished,15.0,-6.23823,106.73324,1.0
https://www.rumah123.com/properti/tangerang/hos9318257/#qid~38dbf9b9-7fc2-4646-bdd9-bab0cc8409ce,1590000000.0,Rumah Larangan 2 Lantai Rooftop Gaya Skandinavia Adam Malik Komplek Deplu Dekat Tol Tangerang,"Larangan, Tangerang",Larangan,Tangerang,-6.2382291,106.733237,"Keamanan, Taman",rumah,hos9318257,3.0,2.0,63.0,80.0,1.0,shm - sertifikat hak milik,2200 mah,0.0,0.0,3.0,1.0,2021.0,baru,,1.0,unfurnished,25.238095238095237,-6.23823,106.73324,1.2698412698412698
https://www.rumah123.com/properti/tangerang/hos11359671/#qid~0d9492e8-7326-465d-85ee-e54559fedc26,3500000000.0,Rumah Modern Brand New Jln Adam Malik Perbatasan Jakarta Tangerang,"Larangan, Tangerang",Larangan,Tangerang,-6.2382291,106.733237,"Masjid,  Taman, Lapangan Tenis, Kitchen Set, Keamanan 24 jam, Wastafel,  CCTV, Track Lari,  Playground,  Akses Parkir,  AC, Taman",rumah,hos11359671,4.0,4.0,163.0,220.0,2.0,shm - sertifikat hak milik,4400 mah,1.0,1.0,3.0,2.0,2020.0,baru,,0.0,semi furnished,21.47239263803681,-6.23823,106.73324,1.3496932515337423
https://www.rumah123.com/properti/tangerang/hos11042115/#qid~5d5b05f9-ab0d-4774-ae61-bddd6e38b7f0,2000000000.0,"Dijual rumah di perum. taman asri,larangan, tangerang","Larangan, Tangerang",Larangan,Tangerang,-6.2382291,106.733237," Jogging Track,  Taman, Keamanan,  Masjid, Ac",rumah,hos11042115,4.0,3.0,161.0,150.0,0.0,shm - sertifikat hak milik,lainnya mah,0.0,0.0,2.0,,,bagus sekali,,0.0,furnished,12.422360248447205,-6.23823,106.73324,0.9316770186335404
https://www.rumah123.com/properti/tangerang/hos11042229/#qid~5d5b05f9-ab0d-4774-ae61-bddd6e38b7f0,1100000000.0,"Di jual rumah murah di jln sejahtera larangan Cipadu, Tangerang kota","Larangan, Tangerang",Larangan,Tangerang,-6.2382291,106.733237,"Taman,  Masjid, Ac,  Keamanan",rumah,hos11042229,4.0,3.0,110.0,160.0,0.0,"lainnya (ppjb,girik,adat,dll)",lainnya mah,0.0,0.0,2.0,,,bagus sekali,,0.0,furnished,10.0,-6.23823,106.73324,1.4545454545454546
https://www.rumah123.com/properti/tangerang/hos10717057/#qid~ede15eae-7f52-407b-9fe7-7bdc29376b6a,2950000000.0,Dijual Rumah Foresta Bsd Siap Huni 3 Lantai Full Renovasi,"BSD Foresta, Tangerang",BSD Foresta,Tangerang,-6.2913776,106.636332,"Jalur Telepon, Taman,  Keamanan",rumah,hos10717057,3.0,3.0,128.0,240.0,2.0,shm - sertifikat hak milik,7700 mah,1.0,1.0,3.0,,,sudah renovasi,selatan,1.0,,23.046875,-6.29138,106.63633,1.875
https://www.rumah123.com/properti/tangerang/hos11271021/#qid~2a385497-fa81-488b-950b-130d655fd22f,5950000000.0,Dijual Rumah di Cluster Foglio Foresta BSD | no Cobroke,"BSD Foresta, Tangerang",BSD Foresta,Tangerang,-6.2913776,106.636332," Keamanan,  Jogging Track,  Taman, Tempat Jemuran, Jalur Telepon, Akses Parkir, Keamanan 24 jam, Wastafel, Track Lari,  Playground,  Kolam Renang,  One Gate System, Taman",rumah,hos11271021,4.0,3.0,264.0,290.0,2.0,shm - sertifikat hak milik,2200 mah,2.0,1.0,2.0,10.0,2012.0,bagus,utara,0.0,unfurnished,22.53787878787879,-6.29138,106.63633,1.0984848484848484
https://www.rumah123.com/properti/tangerang/hos7921909/#qid~03faa0cc-66ca-40a2-b278-2bf7fe55b8c1,3500000000.0,rumah kost di Foresta Studento BSD City,"BSD Foresta, Tangerang",BSD Foresta,Tangerang,-6.2913776,106.636332,Carport,rumah,hos7921909,10.0,10.0,163.0,170.0,0.0,shm - sertifikat hak milik,3500 mah,0.0,1.0,2.0,4.0,2018.0,bagus,,0.0,furnished,21.47239263803681,-6.29138,106.63633,1.0429447852760736
https://www.rumah123.com/properti/tangerang/hos11365265/#qid~4a471456-6b5f-40ba-acb4-00890e0f6e73,3500000000.0,Dijual Rumah 2 Lantai Siap Huni di Cluster Allevare,"BSD Foresta, Tangerang",BSD Foresta,Tangerang,-6.2913776,106.636332," Keamanan,  Jogging Track,  Taman, Jalur Telepon, Keamanan 24 jam, Ac, AC, Track Lari,  Kolam Renang, Taman",rumah,hos11365265,4.0,3.0,180.0,240.0,1.0,"lainnya (ppjb,girik,adat,dll)",lainnya mah,1.0,1.0,2.0,,,bagus,selatan,0.0,semi furnished,19.444444444444443,-6.29138,106.63633,1.3333333333333333
https://www.rumah123.com/properti/tangerang/hos11365169/#qid~64b63570-5d79-426f-a823-b543b94792fa,4300000000.0,Dijual Rumah 2 Lantai Siap Huni di Cluster Albera,"BSD Foresta, Tangerang",BSD Foresta,Tangerang,-6.2913776,106.636332," Ac,  Taman, Jogging Track, Jalur Telepon, Taman, Keamanan, Keamanan 24 jam, AC, Track Lari,  Kolam Renang,  Jalur Telepon",rumah,hos11365169,3.0,3.0,144.0,144.0,1.0,"lainnya (ppjb,girik,adat,dll)",5500 mah,1.0,1.0,2.0,,,baru,,0.0,semi furnished,29.86111111111111,-6.29138,106.63633,1.0
https://www.rumah123.com/properti/tangerang/hos11364689/#qid~5a97d358-f8f9-4355-937e-63e95dd53130,2750000000.0,Dijual rumah siap huni semi furnish di cluster Fiore kawasan Foresta BSD City,"BSD Foresta, Tangerang",BSD Foresta,Tangerang,-6.2913776,106.636332," Ac,  Taman, Keamanan, Akses Parkir, Keamanan 24 jam, AC, Kitchen Set, Taman,  One Gate System,  Playground",rumah,hos11364689,4.0,3.0,128.0,190.0,0.0,shm - sertifikat hak milik,2200 mah,1.0,1.0,2.0,,,baru,utara,0.0,semi furnished,21.484375,-6.29138,106.63633,1.484375
https://www.rumah123.com/properti/tangerang/hos11364147/#qid~7724b384-c2e7-421e-85bb-1b5687e654d1,5700000000.0,Rumah dijual Foresta BSD,"BSD Foresta, Tangerang",BSD Foresta,Tangerang,-6.2913776,106.636332,"Masjid,  Jogging Track,  Taman, Keamanan, Keamanan 24 jam,  Masjid, Ac, AC, Track Lari,  Kolam Renang, Taman",rumah,hos11364147,5.0,4.0,365.0,400.0,1.0,shm - sertifikat hak milik,4400 mah,1.0,1.0,2.0,,,bagus,timur,0.0,unfurnished,15.616438356164382,-6.29138,106.63633,1.095890410958904
https://www.rumah123.com/properti/tangerang/hos11242108/#qid~ede15eae-7f52-407b-9fe7-7bdc29376b6a,1600000000.0,Dijual Cepat Rumah Bagus 2 Lantai Di Cluster Premier Park 2 Modernland Tangerang,"Modernland, Tangerang",Modernland,Tangerang,-6.1878658,106.5186859,"Keamanan 24 jam, AC,  Kolam Renang, Wastafel, Taman,  Playground",rumah,hos11242108,2.0,2.0,108.0,108.0,1.0,hgb - hak guna bangunan,2200 mah,1.0,1.0,2.0,,,bagus,utara,0.0,semi furnished,14.814814814814815,-6.18787,106.51869,1.0
https://www.rumah123.com/properti/tangerang/hos10605581/#qid~38dbf9b9-7fc2-4646-bdd9-bab0cc8409ce,4200000000.0,Rumah Siap Kpr Di Modernland Tangerang Bebas Banjir Harga All In,"Modernland, Tangerang",Modernland,Tangerang,-6.1878658,106.5186859,"Keamanan, Taman",rumah,hos10605581,6.0,3.0,210.0,300.0,1.0,shm - sertifikat hak milik,4400 mah,0.0,0.0,2.0,,,bagus,,1.0,unfurnished,20.0,-6.18787,106.51869,1.4285714285714286
https://www.rumah123.com/properti/tangerang/hos11205238/#qid~13a689e4-db18-4650-ac7a-bcfc871025dc,1500000000.0,RUMAH TERMURAH Modernland Premier Park LT 127 ADA KOLAM RENANG dalam  cluster,"Modernland, Tangerang",Modernland,Tangerang,-6.1878658,106.5186859,"Tempat Gym,  Keamanan,  Jogging Track, Tempat Jemuran, Kitchen Set, Ac, Wastafel, Track Lari,  Kolam Renang,  AC, Taman",rumah,hos11205238,3.0,3.0,127.0,90.0,2.0,shm - sertifikat hak milik,2200 mah,1.0,1.0,2.0,12.0,2010.0,baru,,0.0,semi furnished,11.811023622047244,-6.18787,106.51869,0.7086614173228346
https://www.rumah123.com/properti/tangerang/hos10563253/#qid~5b190956-f493-4902-aeb9-31d93b66e3fd,1400000000.0,Rumah 2 Lantai di Moderland Tangerang,"Modernland, Tangerang",Modernland,Tangerang,-6.1878658,106.5186859,"Masjid,  Keamanan,  Jogging Track,  Taman, Keamanan 24 jam, Track Lari, Taman",rumah,hos10563253,2.0,2.0,50.0,90.0,1.0,shm - sertifikat hak milik,2200 mah,1.0,0.0,2.0,4.0,2018.0,bagus,timur,0.0,semi furnished,28.0,-6.18787,106.51869,1.8
https://www.rumah123.com/properti/tangerang/hos10668512/#qid~edcaf871-2645-4a99-a2b9-e18cdbb3a3d3,1700000000.0,"RUMAH MURAH BANGET  Modernland BISA  PARKIR 7 MOBIL  LT 135 , LEBAR 9","Modernland, Tangerang",Modernland,Tangerang,-6.1878658,106.5186859,"Masjid,  Keamanan,  Jogging Track, Kolam Renang,  Taman, Track Lari, Taman",rumah,hos10668512,3.0,4.0,135.0,200.0,2.0,shm - sertifikat hak milik,2200 mah,0.0,0.0,2.0,10.0,2012.0,bagus sekali,,2.0,unfurnished,12.592592592592593,-6.18787,106.51869,1.4814814814814814
https://www.rumah123.com/properti/tangerang/hos11365008/#qid~5af0d35a-cace-4bbc-a4a3-8aa0df819f63,4700000000.0,Rumah dijual di Pulau Putri Modernland,"Modernland, Tangerang",Modernland,Tangerang,-6.1878658,106.5186859,"Taman, AC, Ac,  Keamanan",rumah,hos11365008,4.0,3.0,400.0,200.0,3.0,shm - sertifikat hak milik,3300 mah,1.0,1.0,2.0,21.0,2001.0,butuh renovasi,,0.0,unfurnished,11.75,-6.18787,106.51869,0.5
https://www.rumah123.com/properti/tangerang/hos11364969/#qid~5af0d35a-cace-4bbc-a4a3-8aa0df819f63,6000000000.0,Rumah Furnished 2 Lantai di Cluster Premier Park Modernland Tangerang,"Modernland, Tangerang",Modernland,Tangerang,-6.1878658,106.5186859," Ac, Kolam Renang,  Taman, Keamanan, Keamanan 24 jam, AC,  Kolam Renang, Taman",rumah,hos11364969,4.0,4.0,357.0,450.0,1.0,shm - sertifikat hak milik,5500 mah,1.0,1.0,2.0,,,bagus,barat,0.0,furnished,16.80672268907563,-6.18787,106.51869,1.2605042016806722
https://www.rumah123.com/properti/tangerang/hos11363964/#qid~7724b384-c2e7-421e-85bb-1b5687e654d1,655000000.0,Hunian Impin Milenial Harga Murah Lokasi Strategis Di Pamulang,"Modernland, Tangerang",Modernland,Tangerang,-6.1878658,106.5186859,"Kulkas, Masjid,  Taman, Lapangan Bola, Tempat Jemuran, Jalur Telepon, Lapangan Bulu Tangkis,  Track Lari, Keamanan 24 jam, Wastafel,  Akses Parkir,  One Gate System,  AC,  Tempat Laundry,  Playground",rumah,hos11363964,3.0,2.0,64.0,60.0,1.0,shm - sertifikat hak milik,1300 mah,0.0,0.0,2.0,0.0,2022.0,baru,timur,2.0,semi furnished,10.234375,-6.18787,106.51869,0.9375
https://www.rumah123.com/properti/tangerang/hos10967958/#qid~ede15eae-7f52-407b-9fe7-7bdc29376b6a,1700000000.0,"NUSALOKA SIAP HUNI,LOKASI BAGUS","BSD Nusaloka, Tangerang",BSD Nusaloka,Tangerang,-6.1875153,106.5186857," Ac, Keamanan, AC, Taman",rumah,hos10967958,3.0,3.0,120.0,100.0,2.0,,3500 mah,1.0,1.0,2.0,,,bagus,,0.0,furnished,14.166666666666666,-6.18752,106.51869,0.8333333333333334
https://www.rumah123.com/properti/tangerang/hos10939253/#qid~ebd7c4a9-0004-4192-a32e-36a5d90cf998,2000000000.0,Rumah Baru Minimalis Siap Huni Strategis Di Nusaloka,"BSD Nusaloka, Tangerang",BSD Nusaloka,Tangerang,-6.1875153,106.5186857," Taman, Masjid, Jogging Track,  Keamanan",rumah,hos10939253,3.0,2.0,98.0,130.0,0.0,shm - sertifikat hak milik,2200 mah,1.0,1.0,2.0,0.0,2022.0,baru,barat laut,1.0,semi furnished,20.408163265306122,-6.18752,106.51869,1.3265306122448979
https://www.rumah123.com/properti/tangerang/hos10938527/#qid~ebd7c4a9-0004-4192-a32e-36a5d90cf998,2700000000.0,Rumah Baru 2 Lantai Siap Huni Lokasi Strategis Dekat Tol Bsd,"BSD Nusaloka, Tangerang",BSD Nusaloka,Tangerang,-6.1875153,106.5186857," Keamanan,  Jogging Track,  Masjid, Ac, Taman",rumah,hos10938527,4.0,3.0,136.0,180.0,0.0,,2200 mah,1.0,1.0,2.0,0.0,2022.0,baru,timur,2.0,semi furnished,19.85294117647059,-6.18752,106.51869,1.3235294117647058
https://www.rumah123.com/properti/tangerang/hos10991483/#qid~ee681e3d-c9e4-4718-ac4c-a651ac12aa71,2050000000.0,Rumah Baru 2 Lantai Semi Furnished di Nusaloka bsd,"BSD Nusaloka, Tangerang",BSD Nusaloka,Tangerang,-6.1875153,106.5186857,"Kolam Renang,  Taman, Keamanan, Keamanan 24 jam,  Kolam Renang, Taman",rumah,hos10991483,3.0,3.0,98.0,125.0,2.0,shm - sertifikat hak milik,2200 mah,1.0,1.0,2.0,,,baru,selatan,0.0,semi furnished,20.918367346938773,-6.18752,106.51869,1.2755102040816326
https://www.rumah123.com/properti/tangerang/hos11237803/#qid~546937c2-86eb-4bb2-9f2b-b438ef599e9e,1130000000.0,"SUPER MURAH, TERMURAH, NUSALOKA LUAS TANAH 120M, SIAPA CEPAT DIA DAPAT","BSD Nusaloka, Tangerang",BSD Nusaloka,Tangerang,-6.1875153,106.5186857," Jogging Track, Keamanan, Keamanan 24 jam, Track Lari, Taman",rumah,hos11237803,2.0,1.0,120.0,70.0,1.0,shm - sertifikat hak milik,2200 mah,0.0,0.0,1.0,12.0,2010.0,butuh renovasi,timur laut,0.0,unfurnished,9.416666666666666,-6.18752,106.51869,0.5833333333333334
https://www.rumah123.com/properti/tangerang/hos10595456/#qid~827b7638-d6db-433a-a26f-fb56af20e143,1950000000.0,Rumah Murah Hitung Tanah BsD,"BSD Nusaloka, Tangerang",BSD Nusaloka,Tangerang,-6.1875153,106.5186857," Taman, Keamanan, Masjid",rumah,hos10595456,3.0,2.0,224.0,125.0,0.0,shm - sertifikat hak milik,2200 mah,0.0,0.0,1.0,,,butuh renovasi,,0.0,unfurnished,8.705357142857144,-6.18752,106.51869,0.5580357142857143
https://www.rumah123.com/properti/tangerang/hos11364819/#qid~5af0d35a-cace-4bbc-a4a3-8aa0df819f63,1990000000.0,Rumah Baru Siap Huni 2 Lantai di Nusaloka Bsd City,"BSD Nusaloka, Tangerang",BSD Nusaloka,Tangerang,-6.1875153,106.5186857,"Tempat Jemuran, Kitchen Set, Keamanan 24 jam, Wastafel, Track Lari, Taman",rumah,hos11364819,3.0,2.0,98.0,130.0,1.0,shm - sertifikat hak milik,2200 mah,1.0,1.0,2.0,1.0,2021.0,baru,timur laut,0.0,unfurnished,20.30612244897959,-6.18752,106.51869,1.3265306122448979
https://www.rumah123.com/properti/tangerang/hos11364308/#qid~de3482b1-2665-4625-8388-e73221c6121f,1000000000.0,Rumah Siap Huni Nusaloka Bsd,"BSD Nusaloka, Tangerang",BSD Nusaloka,Tangerang,-6.1875153,106.5186857,"Playground,  Taman, Tempat Jemuran, Jalur Telepon, Wastafel, Track Lari, Taman",rumah,hos11364308,3.0,3.0,155.0,130.0,1.0,shm - sertifikat hak milik,2200 mah,0.0,0.0,1.0,2.0,2020.0,bagus,barat,0.0,unfurnished,6.451612903225807,-6.18752,106.51869,0.8387096774193549
https://www.rumah123.com/properti/tangerang/hos11364174/#qid~de3482b1-2665-4625-8388-e73221c6121f,1600000000.0,Rumah 2 Lantai hadap timur dalam cluster di bsd,"BSD Nusaloka, Tangerang",BSD Nusaloka,Tangerang,-6.1875153,106.5186857,"Masjid,  Jogging Track,  Taman, Keamanan, Keamanan 24 jam,  Masjid, Track Lari,  Akses Parkir,  One Gate System,  Tempat Laundry, Taman",rumah,hos11364174,2.0,2.0,72.0,65.0,1.0,"lainnya (ppjb,girik,adat,dll)",2200 mah,0.0,0.0,2.0,,,bagus,timur,0.0,unfurnished,22.222222222222225,-6.18752,106.51869,0.9027777777777778
https://www.rumah123.com/properti/tangerang/hos11361254/#qid~c984c56a-bc1e-499a-afc7-2d459a55dd65,2200000000.0,Di Jual Rumah Murah Di Griya Loka Bsd,"BSD Nusaloka, Tangerang",BSD Nusaloka,Tangerang,-6.1875153,106.5186857,Keamanan 24 jam,rumah,hos11361254,3.0,2.0,180.0,120.0,1.0,shm - sertifikat hak milik,3500 mah,0.0,0.0,2.0,,,bagus,,0.0,,12.222222222222221,-6.18752,106.51869,0.6666666666666666
https://www.rumah123.com/properti/tangerang/hos10994231/#qid~21106bba-a08b-4384-8f7a-8833fcf2a9ca,920000000.0,Rumah Area Poris Di Poris Residence Bebas Banjir Harga All In Kpr,"Poris, Tangerang",Poris,Tangerang,-6.1715549,106.664045,"Keamanan, Taman",rumah,hos10994231,3.0,1.0,60.0,54.0,1.0,shm - sertifikat hak milik,1300 mah,0.0,0.0,2.0,,,bagus,barat daya,0.0,unfurnished,15.333333333333334,-6.17155,106.66404,0.9
https://www.rumah123.com/properti/tangerang/hos11365230/#qid~4a471456-6b5f-40ba-acb4-00890e0f6e73,950000000.0,"RUMAH MURAH DI PORIS INDAH, UK 5,5X10, 2 LANTAI FULL, HADAP TIMUR","Poris, Tangerang",Poris,Tangerang,-6.1715549,106.664045," Taman, Jalur Telepon, Keamanan, Keamanan 24 jam, Taman",rumah,hos11365230,3.0,2.0,55.0,110.0,0.0,shm - sertifikat hak milik,2200 mah,0.0,0.0,2.0,,,bagus,timur,1.0,unfurnished,17.272727272727273,-6.17155,106.66404,2.0
https://www.rumah123.com/properti/tangerang/hos11364313/#qid~de3482b1-2665-4625-8388-e73221c6121f,1850000000.0,Dijual rumah daerah poris tangerang,"Poris, Tangerang",Poris,Tangerang,-6.1715549,106.664045,"Taman, Tempat Jemuran",rumah,hos11364313,4.0,2.0,110.0,200.0,0.0,shm - sertifikat hak milik,lainnya mah,0.0,0.0,1.0,,,bagus,,0.0,unfurnished,16.818181818181817,-6.17155,106.66404,1.8181818181818181
https://www.rumah123.com/properti/tangerang/hos9318339/#qid~38dbf9b9-7fc2-4646-bdd9-bab0cc8409ce,1590000000.0,Rumah Skandinavia 2 Lantai Rooftop di Jalan Adam Malik Cipadu 5 menit ke Pintu Tol Tangerang,"Cipadu, Tangerang",Cipadu,Tangerang,-6.2392745,106.7351095,"Keamanan, Taman",rumah,hos9318339,3.0,2.0,63.0,100.0,1.0,shm - sertifikat hak milik,2200 mah,0.0,0.0,3.0,1.0,2021.0,baru,,1.0,unfurnished,25.238095238095237,-6.23927,106.73511,1.5873015873015872
https://www.rumah123.com/properti/tangerang/hos10485510/#qid~fe216eb2-de17-43ed-ab54-fa3efa7fffc9,1800000000.0,Rumah Cipadu Kreo Larangam Bebas Banjir Siap Huni Di Pusat Perniagaan. Jual Cepat,"Cipadu, Tangerang",Cipadu,Tangerang,-6.2392745,106.7351095,"Taman, Masjid",rumah,hos10485510,3.0,2.0,130.0,180.0,0.0,shm - sertifikat hak milik,1300 mah,1.0,0.0,2.0,27.0,1995.0,bagus,utara,1.0,unfurnished,13.846153846153847,-6.23927,106.73511,1.3846153846153846
https://www.rumah123.com/properti/tangerang/hos11364538/#qid~5a97d358-f8f9-4355-937e-63e95dd53130,3500000000.0,"Dijual Rumah Cantik Siap Huni di  Cipadu Jaya, Larangan Tangerang","Cipadu, Tangerang",Cipadu,Tangerang,-6.2392745,106.7351095,"Kitchen Set, Ac,  AC, Wastafel",rumah,hos11364538,4.0,4.0,163.0,220.0,0.0,shm - sertifikat hak milik,4400 mah,1.0,1.0,2.0,1.0,2021.0,baru,,0.0,semi furnished,21.47239263803681,-6.23927,106.73511,1.3496932515337423
https://www.rumah123.com/properti/tangerang/hos10845401/#qid~38dbf9b9-7fc2-4646-bdd9-bab0cc8409ce,920000000.0,Rumah Bebas Banjir di Poris Residence Dekat Terminal Harga All In Siap Kpr,"Batu Ceper, Tangerang",Batu Ceper,Tangerang,-6.1646724,106.6698559,"Keamanan, Taman",rumah,hos10845401,3.0,1.0,60.0,54.0,1.0,shm - sertifikat hak milik,1300 mah,0.0,0.0,2.0,,,bagus,barat daya,0.0,unfurnished,15.333333333333334,-6.16467,106.66986,0.9
https://www.rumah123.com/properti/tangerang/hos10162980/#qid~0d78ec8f-2f33-4d41-aaca-448f4c257d84,900000000.0,Rumah Dekat Serpong Bebas Banjir Harga All In Kpr Bisa Nego,"Pengasinan, Tangerang",Pengasinan,Tangerang,-6.423257,106.7373753,"Keamanan, Taman",rumah,hos10162980,2.0,1.0,81.0,45.0,1.0,shm - sertifikat hak milik,1300 mah,0.0,0.0,1.0,,,sudah renovasi,utara,1.0,semi furnished,11.111111111111112,-6.42326,106.73738,0.5555555555555556
https://www.rumah123.com/properti/tangerang/hos10719986/#qid~08a37c61-fef2-482b-9e93-cc7c6038ff5a,2600000000.0,Rumah Modern Harga All In Kpr Di Metro Permata Bisa Nego Bebas Banjir,"Karang Tengah, Tangerang",Karang Tengah,Tangerang,-6.2096499,106.7087085,"Keamanan, Taman",rumah,hos10719986,4.0,3.0,117.0,177.0,1.0,shm - sertifikat hak milik,3500 mah,1.0,0.0,2.0,,,bagus,,0.0,unfurnished,22.222222222222225,-6.20965,106.70871,1.5128205128205128
https://www.rumah123.com/properti/tangerang/hos11087331/#qid~5b190956-f493-4902-aeb9-31d93b66e3fd,3700000000.0,Rumah Riviera 8x15 Harga Murah,"Karang Tengah, Tangerang",Karang Tengah,Tangerang,-6.2096499,106.7087085,"Jalur Telepon, Taman,  Keamanan",rumah,hos11087331,3.0,3.0,120.0,135.0,0.0,shm - sertifikat hak milik,lainnya mah,0.0,1.0,2.0,,,baru,,0.0,unfurnished,30.833333333333332,-6.20965,106.70871,1.125
https://www.rumah123.com/properti/tangerang/hos8813769/#qid~5b190956-f493-4902-aeb9-31d93b66e3fd,1700000000.0,"Turun Harga Rumah Classic Minimalist Modern,Harga Normal 2 M an ,Nego sampe deal","Karang Tengah, Tangerang",Karang Tengah,Tangerang,-6.2096499,106.7087085,"Masjid,  Keamanan,  Jogging Track,  Taman, Ac,  CCTV,  Jalur Telepon",rumah,hos8813769,4.0,2.0,146.0,300.0,0.0,shm - sertifikat hak milik,3300 mah,1.0,1.0,2.0,22.0,2000.0,bagus sekali,utara,2.0,unfurnished,11.643835616438356,-6.20965,106.70871,2.0547945205479454
https://www.rumah123.com/properti/tangerang/hos11118303/#qid~f6ec1d2c-a616-42e7-a86a-ca7173cb7359,3280000000.0,"Rumah Brand New Heritage Residence Puri 11. Akses Toll Langsung. 7x12,5 Cicil 12x","Karang Tengah, Tangerang",Karang Tengah,Tangerang,-6.2096499,106.7087085,Keamanan 24 jam,rumah,hos11118303,3.0,3.0,87.0,87.0,1.0,"lainnya (ppjb,girik,adat,dll)",4400 mah,0.0,0.0,2.0,,,bagus,,0.0,semi furnished,37.70114942528736,-6.20965,106.70871,1.0
https://www.rumah123.com/properti/tangerang/hos11240620/#qid~eaddfd9a-1be2-498e-a8c9-77196c3c7ef7,1610000000.0,Dijual Rumah Tinggal Cocok Untuk Usaha Kost,"Karang Tengah, Tangerang",Karang Tengah,Tangerang,-6.2096499,106.7087085,"Jalur Telepon, Akses Parkir, Masjid, Tempat Jemuran",rumah,hos11240620,7.0,3.0,101.0,101.0,0.0,shm - sertifikat hak milik,1300 mah,0.0,0.0,2.0,,,bagus,selatan,5.0,semi furnished,15.940594059405942,-6.20965,106.70871,1.0
https://www.rumah123.com/properti/tangerang/hos10677378/#qid~c2e73bd9-4660-4555-8a1c-ea5a96ad72c9,895000000.0,Karang Tengah Bangun Reksa Indah 2 135M Shm,"Karang Tengah, Tangerang",Karang Tengah,Tangerang,-6.2096499,106.7087085,"Keamanan, Taman",rumah,hos10677378,2.0,1.0,135.0,90.0,1.0,shm - sertifikat hak milik,2200 mah,0.0,0.0,1.0,12.0,2010.0,sudah renovasi,selatan,0.0,unfurnished,6.62962962962963,-6.20965,106.70871,0.6666666666666666
https://www.rumah123.com/properti/tangerang/hos11091677/#qid~4a471456-6b5f-40ba-acb4-00890e0f6e73,4300000000.0,Rumah di Karang tengah riviera at puri 2 Lantai SHM Baru Unfurnished,"Karang Tengah, Tangerang",Karang Tengah,Tangerang,-6.2096499,106.7087085,"Kolam Renang, Taman,  Keamanan",rumah,hos11091677,3.0,3.0,144.0,200.0,1.0,shm - sertifikat hak milik,3500 mah,1.0,1.0,2.0,4.0,2018.0,baru,selatan,2.0,unfurnished,29.86111111111111,-6.20965,106.70871,1.3888888888888888
https://www.rumah123.com/properti/tangerang/hos7768045/#qid~13a689e4-db18-4650-ac7a-bcfc871025dc,4300000000.0,Rumah dalam cluster siap huni di cluster sevilla,"BSD Sevilla, Tangerang",BSD Sevilla,Tangerang,-6.314782,106.6853785,"Taman, Ac",rumah,hos7768045,4.0,3.0,205.0,280.0,0.0,shm - sertifikat hak milik,5500 mah,2.0,1.0,2.0,8.0,2014.0,bagus sekali,,0.0,semi furnished,20.975609756097562,-6.31478,106.68538,1.3658536585365855
https://www.rumah123.com/properti/tangerang/hos11364787/#qid~5a97d358-f8f9-4355-937e-63e95dd53130,2400000000.0,Rumah 2 Lantai Siap Huni Dalam Cluster Bsd City,"BSD Sevilla, Tangerang",BSD Sevilla,Tangerang,-6.314782,106.6853785,"Masjid,  Lapangan Voli,  Taman, Lapangan Bola, Lapangan Tenis, Tempat Jemuran, Jalur Telepon,  Lapangan Bulu Tangkis, Kitchen Set, Keamanan 24 jam,  Track Lari, Wastafel,  Akses Parkir,  One Gate System,  Playground,  Lapangan Basket",rumah,hos11364787,3.0,3.0,128.0,140.0,1.0,shm - sertifikat hak milik,4400 mah,1.0,1.0,2.0,,,bagus,,0.0,semi furnished,18.75,-6.31478,106.68538,1.09375
https://www.rumah123.com/properti/tangerang/hos11360016/#qid~c984c56a-bc1e-499a-afc7-2d459a55dd65,3400000000.0,Dijual Rumah Huk 2 Lantai Rapi Sevilla Bsd City Serpong Sv019,"BSD Sevilla, Tangerang",BSD Sevilla,Tangerang,-6.314782,106.6853785,Keamanan 24 jam,rumah,hos11360016,5.0,4.0,203.0,300.0,1.0,"lainnya (ppjb,girik,adat,dll)",2200 mah,0.0,0.0,2.0,,,bagus,,0.0,,16.748768472906402,-6.31478,106.68538,1.477832512315271
https://www.rumah123.com/properti/tangerang/hos11257146/#qid~13a689e4-db18-4650-ac7a-bcfc871025dc,2950000000.0,Rumah Bagus 2 Lantai di Flamboyan Rempoa,"Rempoa, Tangerang",Rempoa,Tangerang,-6.2892975,106.758774,"Taman, Masjid,  Keamanan",rumah,hos11257146,3.0,3.0,160.0,250.0,1.0,shm - sertifikat hak milik,4400 mah,1.0,1.0,2.0,12.0,2010.0,bagus,utara,1.0,unfurnished,18.4375,-6.2893,106.75877,1.5625
https://www.rumah123.com/properti/tangerang/hos11032205/#qid~ee681e3d-c9e4-4718-ac4c-a651ac12aa71,3900000000.0,Rumah Rempoa Bintaro Rapih Terawat Lokasi Strategis Harga Bersaing Lantai Marmer Pintu Jati,"Rempoa, Tangerang",Rempoa,Tangerang,-6.2892975,106.758774,"Jalur Telepon, Masjid,  Keamanan",rumah,hos11032205,4.0,1.0,300.0,280.0,2.0,shm - sertifikat hak milik,4400 mah,1.0,1.0,1.0,23.0,1999.0,bagus,selatan,0.0,unfurnished,13.0,-6.2893,106.75877,0.9333333333333333
https://www.rumah123.com/properti/tangerang/hos11192789/#qid~5b190956-f493-4902-aeb9-31d93b66e3fd,2500000000.0,The Leaves Rempoa Rumah Mewah Baru 2 Lantai,"Rempoa, Tangerang",Rempoa,Tangerang,-6.2892975,106.758774,"Masjid,  Taman, Tempat Jemuran, Jalur Telepon, Keamanan 24 jam, AC,  Kolam Renang, Wastafel,  Akses Parkir,  One Gate System,  Playground",rumah,hos11192789,3.0,2.0,90.0,109.0,2.0,shm - sertifikat hak milik,2200 mah,1.0,1.0,2.0,1.0,2021.0,baru,,0.0,unfurnished,27.777777777777775,-6.2893,106.75877,1.211111111111111
https://www.rumah123.com/properti/tangerang/hos11198611/#qid~5b190956-f493-4902-aeb9-31d93b66e3fd,3200000000.0,Rumah Design american classic Di Rempoa Tangerang Selatan,"Rempoa, Tangerang",Rempoa,Tangerang,-6.2892975,106.758774,"Kolam Renang, Keamanan, Keamanan 24 jam,  Kolam Renang, Taman",rumah,hos11198611,3.0,3.0,105.0,145.0,2.0,shm - sertifikat hak milik,2200 mah,1.0,1.0,2.0,0.0,2022.0,baru,,0.0,furnished,30.476190476190478,-6.2893,106.75877,1.380952380952381
https://www.rumah123.com/properti/tangerang/hos10929206/#qid~03faa0cc-66ca-40a2-b278-2bf7fe55b8c1,2900000000.0,The leaves Rempoa,"Rempoa, Tangerang",Rempoa,Tangerang,-6.2892975,106.758774," Ac, Taman, Keamanan,  Masjid,  Kolam Renang,  Jalur Telepon",rumah,hos10929206,3.0,2.0,109.0,145.0,2.0,shm - sertifikat hak milik,4400 mah,1.0,1.0,2.0,0.0,2022.0,baru,barat,2.0,unfurnished,26.605504587155963,-6.2893,106.75877,1.3302752293577982
https://www.rumah123.com/properti/tangerang/hos10916265/#qid~edfca908-2a57-41da-a4c0-002d12d9b489,2800000000.0,"Rumah 2 Lantai Baru Sertifikat Hak Milik Rempoa, Ciputat Tangerang","Rempoa, Tangerang",Rempoa,Tangerang,-6.2892975,106.758774,"Kolam Renang, Taman,  Keamanan",rumah,hos10916265,4.0,3.0,105.0,137.0,2.0,shm - sertifikat hak milik,2200 mah,1.0,1.0,2.0,0.0,2022.0,baru,barat,0.0,unfurnished,26.666666666666668,-6.2893,106.75877,1.3047619047619048
https://www.rumah123.com/properti/tangerang/hos8436481/#qid~f92d9c50-dbab-418d-a757-cf9be2836290,2250000000.0,"Dijual Rumah di Rempoa, rumah siap huni di cluster Beranda Town House Rempoa, Ciputat Tangerang Selatan","Rempoa, Tangerang",Rempoa,Tangerang,-6.2892975,106.758774," Ac,  Taman, Tempat Jemuran, Jalur Telepon, Keamanan, Kitchen Set, AC",rumah,hos8436481,4.0,4.0,118.0,200.0,1.0,shm - sertifikat hak milik,2200 mah,0.0,1.0,2.0,6.0,2016.0,bagus,,0.0,unfurnished,19.06779661016949,-6.2893,106.75877,1.694915254237288
https://www.rumah123.com/properti/tangerang/hos11057249/#qid~edcaf871-2645-4a99-a2b9-e18cdbb3a3d3,1400000000.0,"Catha Rempoa , Brand New Townhouse , Ada Clubhouse","Rempoa, Tangerang",Rempoa,Tangerang,-6.2892975,106.758774,"Taman,  Kolam Renang, Jogging Track,  Keamanan",rumah,hos11057249,3.0,2.0,60.0,72.0,2.0,shm - sertifikat hak milik,lainnya mah,0.0,0.0,2.0,0.0,2022.0,baru,,0.0,unfurnished,23.333333333333332,-6.2893,106.75877,1.2
https://www.rumah123.com/properti/tangerang/hos11131480/#qid~13a689e4-db18-4650-ac7a-bcfc871025dc,2500000000.0,Rumah 2 Lantai Tanah Tinggi Harus Cepat Terjual,"Tanah Tinggi, Tangerang",Tanah Tinggi,Tangerang,-6.1733435,106.6516845,"Masjid,  Taman, Tempat Jemuran, Jalur Telepon, Akses Parkir,  Masjid, Taman,  Tempat Laundry",rumah,hos11131480,3.0,2.0,121.0,264.0,2.0,shm - sertifikat hak milik,2200 mah,0.0,0.0,2.0,,,butuh renovasi,,1.0,unfurnished,20.66115702479339,-6.17334,106.65168,2.1818181818181817
https://www.rumah123.com/properti/tangerang/hos11071579/#qid~ebd7c4a9-0004-4192-a32e-36a5d90cf998,3200000000.0,Rumah di Sutera Leora Alam Sutera Tangerang Dekat Pasar 8,"Sutera Sitara Alam Sutera, Tangerang",Sutera Sitara Alam Sutera,Tangerang,-6.2345385,106.6495436,"Taman,  One Gate System, Keamanan 24 jam,  Playground",rumah,hos11071579,3.0,3.0,98.0,114.0,0.0,shm - sertifikat hak milik,2200 mah,1.0,1.0,2.0,7.0,2015.0,bagus,,0.0,unfurnished,32.6530612244898,-6.23454,106.64954,1.163265306122449
https://www.rumah123.com/properti/tangerang/hos10935455/#qid~ebd7c4a9-0004-4192-a32e-36a5d90cf998,4500000000.0,Dijual Rumah Di Taman Giri Loka Bsd City,"BSD Taman Giri Loka, Tangerang",BSD Taman Giri Loka,Tangerang,-6.2889368,106.6741201,"Taman, Jogging Track,  Keamanan",rumah,hos10935455,2.0,2.0,316.0,250.0,1.0,shm - sertifikat hak milik,6600 mah,1.0,1.0,2.0,,,bagus sekali,,1.0,,14.240506329113925,-6.28894,106.67412,0.7911392405063291
https://www.rumah123.com/properti/tangerang/hos10688508/#qid~ebd7c4a9-0004-4192-a32e-36a5d90cf998,600000000.0,Rumah di  600jt 3 Kamar Tidur 2 Garasi Dekat Akses Bandara tol,"Pasar Kemis, Tangerang",Pasar Kemis,Tangerang,-6.1611551,106.5572155," Keamanan,  Jogging Track, Taman, Ac,  Masjid,  CCTV,  Kolam Renang,  Jalur Telepon",rumah,hos10688508,2.0,2.0,72.0,63.0,0.0,shm - sertifikat hak milik,2200 mah,0.0,0.0,2.0,1.0,2021.0,baru,timur,2.0,unfurnished,8.333333333333332,-6.16116,106.55722,0.875
https://www.rumah123.com/properti/tangerang/hos9844867/#qid~ee681e3d-c9e4-4718-ac4c-a651ac12aa71,2000000000.0,Suvarna alam pasar kemis tangerang jual serius lokasi bagus ditengah selangkah dari sport club,"Pasar Kemis, Tangerang",Pasar Kemis,Tangerang,-6.1611551,106.5572155," Keamanan,  Taman, Jalur Telepon, AC,  Kolam Renang",rumah,hos9844867,3.0,3.0,200.0,175.0,1.0,shm - sertifikat hak milik,2200 mah,1.0,1.0,2.0,5.0,2017.0,bagus,selatan,0.0,unfurnished,10.0,-6.16116,106.55722,0.875
https://www.rumah123.com/properti/tangerang/hos11302899/#qid~827b7638-d6db-433a-a26f-fb56af20e143,818000000.0,Rumah Astha 2 lantai Anyelir Suvarna Pasar Kemis Tangerang,"Pasar Kemis, Tangerang",Pasar Kemis,Tangerang,-6.1611551,106.5572155," Jogging Track, Lapangan Basket, Lapangan Bulu Tangkis, Keamanan,  Track Lari, Taman",rumah,hos11302899,3.0,2.0,70.0,72.0,0.0,"lainnya (ppjb,girik,adat,dll)",2200 mah,0.0,0.0,2.0,,,baru,,0.0,unfurnished,11.685714285714285,-6.16116,106.55722,1.0285714285714285
https://www.rumah123.com/properti/tangerang/hos11359994/#qid~7724b384-c2e7-421e-85bb-1b5687e654d1,1940000000.0,Rumah Ready Alam Sutera 2 Dp 5 Persen Free Tv 43 Suvarna Sutra,"Pasar Kemis, Tangerang",Pasar Kemis,Tangerang,-6.1611551,106.5572155," Lapangan Voli, CCTV,  Tempat Gym, Lapangan Tenis, Tempat Jemuran, Lapangan Bulu Tangkis,  Track Lari, Keamanan 24 jam,  Kolam Renang, Wastafel, Taman,  One Gate System,  Playground",rumah,hos11359994,3.0,3.0,120.0,147.0,2.0,"lainnya (ppjb,girik,adat,dll)",2200 mah,1.0,1.0,1.0,0.0,2022.0,baru,utara,0.0,unfurnished,16.166666666666664,-6.16116,106.55722,1.225
https://www.rumah123.com/properti/tangerang/hos11360153/#qid~c984c56a-bc1e-499a-afc7-2d459a55dd65,1680000000.0,Dp 5 Persen Free Tv 43 Inc Only Oktober Rumah Siap Huni Dakota Suvarna Sutera Alam Sutra 2,"Pasar Kemis, Tangerang",Pasar Kemis,Tangerang,-6.1611551,106.5572155,"CCTV, Tempat Jemuran, Lapangan Bulu Tangkis,  Kolam Ikan,  Track Lari, Keamanan 24 jam, Wastafel, Taman,  One Gate System, Tempat Gym,  Playground",rumah,hos11360153,3.0,3.0,105.0,126.0,2.0,"lainnya (ppjb,girik,adat,dll)",2200 mah,1.0,1.0,2.0,0.0,2022.0,baru,selatan,0.0,,16.0,-6.16116,106.55722,1.2
https://www.rumah123.com/properti/tangerang/hos10433435/#qid~ebd7c4a9-0004-4192-a32e-36a5d90cf998,1950000000.0,Rumah Cakep Siap Huni,"BSD Graha Raya, Tangerang",BSD Graha Raya,Tangerang,-6.2596629,106.6161246," Keamanan,  Jogging Track, Kolam Renang,  Taman,  Masjid, Ac",rumah,hos10433435,7.0,2.0,103.0,206.0,3.0,shm - sertifikat hak milik,3500 mah,0.0,0.0,2.0,9.0,2013.0,sudah renovasi,,0.0,semi furnished,18.932038834951456,-6.25966,106.61612,2.0
https://www.rumah123.com/properti/tangerang/hos10377550/#qid~ee681e3d-c9e4-4718-ac4c-a651ac12aa71,1780000000.0,Hunian premium Dgn Design kekinian,"Pesanggrahan, Tangerang",Pesanggrahan,Tangerang,-6.254297,106.755188,"Masjid,  Jogging Track,  Taman, Keamanan,  CCTV,  Kolam Renang,  Jalur Telepon",rumah,hos10377550,3.0,3.0,98.0,97.0,2.0,shm - sertifikat hak milik,2200 mah,0.0,0.0,2.0,0.0,2022.0,baru,,0.0,unfurnished,18.163265306122447,-6.2543,106.75519,0.9897959183673469
https://www.rumah123.com/properti/tangerang/hos11201626/#qid~5b190956-f493-4902-aeb9-31d93b66e3fd,1270000000.0,Rumah Bagus Paramount Petals,"Bitung, Tangerang",Bitung,Tangerang,-6.232532,106.5448721," Ac,  Keamanan, Kolam Renang,  Taman, CCTV, Jogging Track, Taman, Jalur Telepon, Keamanan 24 jam, AC,  CCTV, Track Lari,  Kolam Renang,  Jalur Telepon",rumah,hos11201626,3.0,2.0,105.0,51.0,1.0,shm - sertifikat hak milik,2200 mah,0.0,0.0,1.0,0.0,2022.0,baru,utara,2.0,unfurnished,12.095238095238095,-6.23253,106.54487,0.4857142857142857
https://www.rumah123.com/properti/tangerang/hos11231548/#qid~546937c2-86eb-4bb2-9f2b-b438ef599e9e,1100000000.0,Rumah Baru Ada exit tol langsung dr Tol Tomang - Merak..20 menit dari Puri.Model rumah Barn House.Ceiling plafon tinggi 4 m..space tuk mezanin,"Bitung, Tangerang",Bitung,Tangerang,-6.232532,106.5448721,"Keamanan, Keamanan 24 jam, Wastafel, Taman,  One Gate System,  Playground",rumah,hos11231548,3.0,1.0,84.0,51.0,1.0,,2200 mah,0.0,0.0,1.0,1.0,2021.0,baru,selatan,0.0,unfurnished,13.095238095238095,-6.23253,106.54487,0.6071428571428571
https://www.rumah123.com/properti/tangerang/hos9032696/#qid~03faa0cc-66ca-40a2-b278-2bf7fe55b8c1,11900000000.0,Harga Wow Super Luas Amethys Pondok  Hijau Golf Summarecon Gading Serpong,"Gading Serpong Pondok Hijau Golf, Tangerang",Gading Serpong Pondok Hijau Golf,Tangerang,-6.2475416,106.6106859," Keamanan,  Jogging Track, Kolam Renang,  Taman, Ac,  CCTV",rumah,hos9032696,4.0,4.0,553.0,450.0,0.0,,7700 mah,1.0,1.0,2.0,8.0,2014.0,bagus sekali,utara,2.0,semi furnished,21.51898734177215,-6.24754,106.61069,0.8137432188065099
https://www.rumah123.com/properti/tangerang/hos11333960/#qid~546937c2-86eb-4bb2-9f2b-b438ef599e9e,2700000000.0,Chrysocolla PHG Summarecon Serpong - 7x18 - Jarang Ada,"Gading Serpong Pondok Hijau Golf, Tangerang",Gading Serpong Pondok Hijau Golf,Tangerang,-6.2475416,106.6106859," Keamanan, Kolam Renang,  Taman, Jogging Track, Jalur Telepon, Track Lari, Taman,  Jalur Telepon",rumah,hos11333960,3.0,2.0,126.0,120.0,1.0,shm - sertifikat hak milik,2200 mah,1.0,1.0,2.0,14.0,2008.0,bagus,barat,0.0,unfurnished,21.42857142857143,-6.24754,106.61069,0.9523809523809523
https://www.rumah123.com/properti/tangerang/hos11270960/#qid~546937c2-86eb-4bb2-9f2b-b438ef599e9e,15000000000.0,Dijual Rumah di Cluster Amethys Summarecon Serpong | no Cobroke,"Gading Serpong Pondok Hijau Golf, Tangerang",Gading Serpong Pondok Hijau Golf,Tangerang,-6.2475416,106.6106859," Keamanan,  Jogging Track,  Taman, Tempat Jemuran, Jalur Telepon, Wastafel, Track Lari,  Kolam Renang, Taman",rumah,hos11270960,4.0,5.0,585.0,425.0,2.0,shm - sertifikat hak milik,5500 mah,0.0,1.0,3.0,7.0,2015.0,bagus,selatan,2.0,unfurnished,25.64102564102564,-6.24754,106.61069,0.7264957264957265
https://www.rumah123.com/properti/tangerang/hos10950699/#qid~ad59e9b3-66a8-4705-b3fc-20d647c97736,12500000000.0,"Rumah mewah 3 lantai di PHG, gading serpong, tangerang SHM Bagus Sekali","Gading Serpong Pondok Hijau Golf, Tangerang",Gading Serpong Pondok Hijau Golf,Tangerang,-6.2475416,106.6106859,"Kolam Renang,  Taman, Ac,  Keamanan",rumah,hos10950699,5.0,4.0,300.0,650.0,2.0,shm - sertifikat hak milik,16500 mah,3.0,1.0,3.0,6.0,2016.0,bagus sekali,selatan,2.0,semi furnished,41.666666666666664,-6.24754,106.61069,2.1666666666666665
https://www.rumah123.com/properti/tangerang/hos8929263/#qid~aaf6d5ee-73c3-49d9-a253-e0f4fd1e2817,6900000000.0,Rumah mewah bangunan mandiri furnish di Sapphire PHG Summarecon Serpong,"Gading Serpong Pondok Hijau Golf, Tangerang",Gading Serpong Pondok Hijau Golf,Tangerang,-6.2475416,106.6106859," Ac,  Taman, Jogging Track, Keamanan,  CCTV,  Kolam Renang",rumah,hos8929263,4.0,4.0,225.0,350.0,3.0,shm - sertifikat hak milik,7700 mah,1.0,1.0,2.0,4.0,2018.0,bagus sekali,utara,0.0,furnished,30.666666666666668,-6.24754,106.61069,1.5555555555555556
https://www.rumah123.com/properti/tangerang/hos11318809/#qid~03faa0cc-66ca-40a2-b278-2bf7fe55b8c1,636000000.0,Rumah Modern Minimalis 2 Lantai Termurah Free Furnished,"Ciater, Tangerang",Ciater,Tangerang,-6.3202895,106.692355,"Mesin Cuci, Kulkas, Masjid,  Taman, Akses Parkir, Track Lari, Taman,  One Gate System,  AC,  Playground",rumah,hos11318809,3.0,2.0,66.0,60.0,1.0,shm - sertifikat hak milik,1300 mah,1.0,0.0,2.0,0.0,2022.0,baru,timur,0.0,semi furnished,9.636363636363637,-6.32029,106.69236,0.9090909090909091
https://www.rumah123.com/properti/tangerang/hos11326884/#qid~546937c2-86eb-4bb2-9f2b-b438ef599e9e,1300000000.0,Rumah Elite di Buaran Serpong.,"Ciater, Tangerang",Ciater,Tangerang,-6.3202895,106.692355," Keamanan, Kitchen Set, Ac, Wastafel, Taman,  AC",rumah,hos11326884,3.0,3.0,80.0,83.0,2.0,shm - sertifikat hak milik,3300 mah,0.0,0.0,2.0,0.0,2022.0,baru,utara,2.0,unfurnished,16.25,-6.32029,106.69236,1.0375
https://www.rumah123.com/properti/tangerang/hos11243682/#qid~fe216eb2-de17-43ed-ab54-fa3efa7fffc9,1000000000.0,Rumah Baru 2 Lantai Bebas Banjir,"Ciater, Tangerang",Ciater,Tangerang,-6.3202895,106.692355," Keamanan, Tempat Jemuran, AC, Ac, Wastafel, Taman",rumah,hos11243682,3.0,3.0,61.0,80.0,1.0,shm - sertifikat hak milik,3300 mah,0.0,0.0,2.0,0.0,2022.0,baru,selatan,2.0,,16.393442622950822,-6.32029,106.69236,1.3114754098360655
https://www.rumah123.com/properti/tangerang/hos4022972/#qid~546937c2-86eb-4bb2-9f2b-b438ef599e9e,1250000000.0,Hot Deal Rumah Baru 2 Lantai Dekat Emerald Bintaro Sisa 2 Unit,"Parigi, Tangerang",Parigi,Tangerang,-6.274505,106.697097,"Keamanan,  Masjid, Taman",rumah,hos4022972,3.0,2.0,80.0,95.0,2.0,shm - sertifikat hak milik,2200 mah,0.0,0.0,2.0,6.0,2016.0,baru,,2.0,unfurnished,15.625,-6.2745,106.6971,1.1875
https://www.rumah123.com/properti/tangerang/hos11256105/#qid~216dd44b-abd7-4b0f-9e70-fa95891557fb,337000000.0,Rumah Milenial Tanpa DP Dekat Stasiun Tenjo,"Tigaraksa, Tangerang",Tigaraksa,Tangerang,-6.259875,106.469015," Akses Parkir, Masjid,  Jogging Track,  Taman, Lapangan Basket, Jalur Telepon, Keamanan, Kitchen Set, Keamanan 24 jam, Wastafel,  CCTV, Track Lari,  Playground, Taman,  One Gate System,  Jalur Telepon",rumah,hos11256105,2.0,1.0,60.0,33.0,1.0,shm - sertifikat hak milik,1300 mah,0.0,0.0,1.0,0.0,2022.0,,selatan,0.0,unfurnished,5.616666666666667,-6.25988,106.46902,0.55
https://www.rumah123.com/properti/tangerang/hos11087242/#qid~18aeb085-a7b2-4d18-80f3-28cc6777c4e2,550000000.0,Hunian mewah 2 lantai di Tigaraksa Tangerang,"Tigaraksa, Tangerang",Tigaraksa,Tangerang,-6.259875,106.469015,"Masjid,  Jogging Track,  Taman, Keamanan,  Kolam Renang",rumah,hos11087242,3.0,2.0,60.0,57.0,1.0,shm - sertifikat hak milik,2200 mah,0.0,0.0,2.0,0.0,2022.0,baru,utara,0.0,unfurnished,9.166666666666666,-6.25988,106.46902,0.95
https://www.rumah123.com/properti/tangerang/hos11359314/#qid~5d5b05f9-ab0d-4774-ae61-bddd6e38b7f0,550000000.0,Di Jual Rumah di Tiga Raksa Banten,"Tigaraksa, Tangerang",Tigaraksa,Tangerang,-6.259875,106.469015,"Playground,  Jogging Track, Tempat Jemuran, Keamanan, Keamanan 24 jam, Wastafel, Track Lari, Taman",rumah,hos11359314,2.0,1.0,140.0,45.0,1.0,shm - sertifikat hak milik,1300 mah,0.0,0.0,1.0,2.0,2020.0,butuh renovasi,timur,1.0,unfurnished,3.928571428571429,-6.25988,106.46902,0.32142857142857145
https://www.rumah123.com/properti/tangerang/hos10957175/#qid~216dd44b-abd7-4b0f-9e70-fa95891557fb,3500000000.0,"Cluster Granada Alicante Gading Serpong, Tangerang | no Cobroke","Gading Serpong Andalucia, Tangerang",Gading Serpong Andalucia,Tangerang,-6.2655288,106.6088126," Keamanan,  Jogging Track,  Taman, Jalur Telepon, Keamanan 24 jam, Ac, AC, Track Lari,  Kolam Renang, Taman",rumah,hos10957175,3.0,2.0,144.0,212.0,2.0,"lainnya (ppjb,girik,adat,dll)",4400 mah,1.0,1.0,2.0,3.0,2019.0,bagus sekali,utara,0.0,semi furnished,24.305555555555557,-6.26553,106.60881,1.4722222222222223
https://www.rumah123.com/properti/tangerang/hos10956700/#qid~216dd44b-abd7-4b0f-9e70-fa95891557fb,3500000000.0,Siap Huni Rumah di Cluster Flamingo Gading Serpong  Tangerang | no Cobroke,"Gading Serpong The Spring, Tangerang",Gading Serpong The Spring,Tangerang,-6.268021,106.6385677," Keamanan,  Jogging Track,  Taman, Jalur Telepon, Keamanan 24 jam, Ac, AC, Track Lari,  Kolam Renang, Taman",rumah,hos10956700,4.0,3.0,128.0,160.0,1.0,"lainnya (ppjb,girik,adat,dll)",4400 mah,1.0,1.0,2.0,4.0,2018.0,bagus sekali,timur laut,0.0,semi furnished,27.34375,-6.26802,106.63857,1.25
https://www.rumah123.com/properti/tangerang/hos11365177/#qid~64b63570-5d79-426f-a823-b543b94792fa,3550000000.0,Dijual Rumah 2 Lantai Siap Huni di Cluster Flamingo,"Gading Serpong The Spring, Tangerang",Gading Serpong The Spring,Tangerang,-6.268021,106.6385677," Ac,  Jogging Track, Taman, Jalur Telepon, Keamanan, Keamanan 24 jam, AC, Track Lari,  Kolam Renang,  Jalur Telepon",rumah,hos11365177,4.0,3.0,128.0,160.0,1.0,"lainnya (ppjb,girik,adat,dll)",4400 mah,1.0,1.0,2.0,,,bagus,timur laut,0.0,semi furnished,27.734375,-6.26802,106.63857,1.25
https://www.rumah123.com/properti/tangerang/hos11223784/#qid~216dd44b-abd7-4b0f-9e70-fa95891557fb,3900000000.0,Rumah Full Furnish di Banjar Wijaya,"Banjar Wijaya, Tangerang",Banjar Wijaya,Tangerang,-6.1934218,106.6537557," Mesin Cuci, Kulkas,  Kitchen Set, Masjid,  Taman,  Pemanas Air, Tempat Jemuran, Jalur Telepon, Lapangan Basket, Keamanan 24 jam,  Kolam Renang,  CCTV, Wastafel, Track Lari,  Akses Parkir,  One Gate System,  AC,  Playground",rumah,hos11223784,4.0,3.0,200.0,350.0,1.0,shm - sertifikat hak milik,2200 mah,1.0,1.0,1.0,2.0,2020.0,baru,utara,2.0,furnished,19.5,-6.19342,106.65376,1.75
https://www.rumah123.com/properti/tangerang/hos11194297/#qid~f6ec1d2c-a616-42e7-a86a-ca7173cb7359,1750000000.0,Jual Rumah Banjar Wijaya. Tangerang,"Banjar Wijaya, Tangerang",Banjar Wijaya,Tangerang,-6.1934218,106.6537557,"Masjid,  Taman, Keamanan 24 jam",rumah,hos11194297,2.0,1.0,144.0,63.0,1.0,shm - sertifikat hak milik,1300 mah,0.0,0.0,1.0,,,butuh renovasi,,0.0,unfurnished,12.152777777777779,-6.19342,106.65376,0.4375
https://www.rumah123.com/properti/tangerang/hos11122043/#qid~5e28f19c-b38e-4911-a769-d3042b2d7ea1,3500000000.0,Rumah bagus siap huni 21/2 full lantai di Jalan pakis,"Banjar Wijaya, Tangerang",Banjar Wijaya,Tangerang,-6.1934218,106.6537557," Jogging Track, Taman, Kolam Renang",rumah,hos11122043,4.0,3.0,160.0,400.0,0.0,shm - sertifikat hak milik,5500 mah,1.0,1.0,2.0,,,bagus sekali,selatan,2.0,semi furnished,21.875,-6.19342,106.65376,2.5
https://www.rumah123.com/properti/tangerang/hos11364998/#qid~5af0d35a-cace-4bbc-a4a3-8aa0df819f63,1400000000.0,"Dijual cepat Rumah di Cluster Krisan, Banjar Wijaya, Tangerang","Banjar Wijaya, Tangerang",Banjar Wijaya,Tangerang,-6.1934218,106.6537557," Ac, Tempat Gym,  Jogging Track,  Taman, Tempat Jemuran, Jalur Telepon, Keamanan, Akses Parkir, Keamanan 24 jam, Kitchen Set, Wastafel,  CCTV, Track Lari,  Playground, Taman,  One Gate System,  AC,  Jalur Telepon",rumah,hos11364998,2.0,1.0,120.0,90.0,1.0,shm - sertifikat hak milik,2200 mah,1.0,1.0,2.0,,,bagus,,0.0,semi furnished,11.666666666666666,-6.19342,106.65376,0.75
https://www.rumah123.com/properti/tangerang/hos10937332/#qid~216dd44b-abd7-4b0f-9e70-fa95891557fb,1600000000.0,Rumah Cantik di Lokasi Strategis Graha Raya,"Tajur, Tangerang",Tajur,Tangerang,-6.2371425,106.693367,"Taman,  Masjid, Jogging Track,  Keamanan",rumah,hos10937332,3.0,2.0,70.0,71.0,1.0,shm - sertifikat hak milik,2200 mah,0.0,0.0,2.0,,,bagus,,0.0,semi furnished,22.857142857142858,-6.23714,106.69337,1.0142857142857142
https://www.rumah123.com/properti/tangerang/hos10837576/#qid~f6ec1d2c-a616-42e7-a86a-ca7173cb7359,1500000000.0,Rumah Graha Bintaro 2 Lantai Full Fasilitas Di Fortune Breeze Semi Furnished,"Tajur, Tangerang",Tajur,Tangerang,-6.2371425,106.693367," Keamanan,  Taman,  Jogging Track, Jalur Telepon, Ac",rumah,hos10837576,3.0,3.0,96.0,90.0,1.0,shm - sertifikat hak milik,2200 mah,1.0,1.0,2.0,9.0,2013.0,bagus sekali,selatan,0.0,semi furnished,15.625,-6.23714,106.69337,0.9375
https://www.rumah123.com/properti/tangerang/hos10673198/#qid~f6ec1d2c-a616-42e7-a86a-ca7173cb7359,2350000000.0,Rumah Bali View Di Cirendeu Luas 237 Hadap Barat,"Cireundeu, Tangerang",Cireundeu,Tangerang,-6.3049949,106.41202,Taman,rumah,hos10673198,3.0,2.0,237.0,125.0,2.0,shm - sertifikat hak milik,lainnya mah,0.0,0.0,2.0,,,bagus sekali,barat,0.0,semi furnished,9.915611814345992,-6.30499,106.41202,0.5274261603375527
https://www.rumah123.com/properti/tangerang/hos9205912/#qid~edfca908-2a57-41da-a4c0-002d12d9b489,5200000000.0,RUMAH DI TAMAN PESONA BALI CIPUTAT TIMUR TANGERANG,"Cireundeu, Tangerang",Cireundeu,Tangerang,-6.3049949,106.41202," Taman, Ac, Jogging Track,  Keamanan",rumah,hos9205912,4.0,3.0,400.0,264.0,0.0,shm - sertifikat hak milik,13200 mah,0.0,0.0,2.0,17.0,2005.0,bagus sekali,barat daya,1.0,semi furnished,13.0,-6.30499,106.41202,0.66
https://www.rumah123.com/properti/tangerang/hos10742412/#qid~ad59e9b3-66a8-4705-b3fc-20d647c97736,4500000000.0,Cepat Rumah Luas Asri  di Cireunde Ciputat Tangsel,"Cireundeu, Tangerang",Cireundeu,Tangerang,-6.3049949,106.41202," Ac,  Taman, Jogging Track, Keamanan,  Masjid,  Jalur Telepon",rumah,hos10742412,6.0,5.0,475.0,300.0,3.0,shm - sertifikat hak milik,4400 mah,1.0,1.0,2.0,14.0,2008.0,bagus sekali,timur,2.0,semi furnished,9.473684210526315,-6.30499,106.41202,0.631578947368421
https://www.rumah123.com/properti/tangerang/hos11170186/#qid~f6ec1d2c-a616-42e7-a86a-ca7173cb7359,2900000000.0,"Rumah 2 Lantai Cluster Versailles Residence BSD Dekat Pintu Tol, Pasmod, Sekolahan, Angkot dan Nyaman","BSD Griya Loka, Tangerang",BSD Griya Loka,Tangerang,-6.2981157,106.6675873,"One Gate System, Kolam Ikan, Kitchen Set, Wastafel,  Playground, Taman,  AC",rumah,hos11170186,4.0,3.0,200.0,205.0,2.0,shm - sertifikat hak milik,3500 mah,1.0,1.0,2.0,20.0,2002.0,bagus,tenggara,0.0,semi furnished,14.5,-6.29812,106.66759,1.025
https://www.rumah123.com/properti/tangerang/hos11318690/#qid~fe216eb2-de17-43ed-ab54-fa3efa7fffc9,6000000000.0,Rumah Fully Furnished di Griya Loka BSD | no Cobroke,"BSD Griya Loka, Tangerang",BSD Griya Loka,Tangerang,-6.2981157,106.6675873," Ac, Kulkas,  Kitchen Set,  Keamanan, Kolam Renang,  Taman,  Pemanas Air, Tempat Jemuran, Jalur Telepon, Wastafel,  Kolam Renang,  AC",rumah,hos11318690,8.0,3.0,240.0,400.0,3.0,shm - sertifikat hak milik,3500 mah,1.0,0.0,3.0,6.0,2016.0,bagus,,0.0,furnished,25.0,-6.29812,106.66759,1.6666666666666667
https://www.rumah123.com/properti/tangerang/hos11364753/#qid~5a97d358-f8f9-4355-937e-63e95dd53130,2100000000.0,Rumah baru modern minimalis di Griya Loka BSD sektor 1.2 Tangsel,"BSD Griya Loka, Tangerang",BSD Griya Loka,Tangerang,-6.2981157,106.6675873,"Keamanan, Wastafel, Tempat Jemuran",rumah,hos11364753,3.0,3.0,108.0,130.0,2.0,shm - sertifikat hak milik,2200 mah,1.0,1.0,2.0,0.0,2022.0,baru,,0.0,unfurnished,19.444444444444443,-6.29812,106.66759,1.2037037037037037
https://www.rumah123.com/properti/tangerang/hos11124736/#qid~f6ec1d2c-a616-42e7-a86a-ca7173cb7359,580000000.0,Dijual Rumah murah di Telaga Bestari sudah SHM,"Balaraja, Tangerang",Balaraja,Tangerang,-6.2001801,106.4368779,"Masjid,  Jogging Track,  Taman, Keamanan, Keamanan 24 jam, Track Lari, Taman",rumah,hos11124736,2.0,2.0,72.0,120.0,0.0,shm - sertifikat hak milik,1300 mah,0.0,0.0,1.0,,,bagus sekali,,0.0,unfurnished,8.055555555555555,-6.20018,106.43688,1.6666666666666667
https://www.rumah123.com/properti/tangerang/hos11312558/#qid~edfca908-2a57-41da-a4c0-002d12d9b489,2300000000.0,"Rumah 3 Lantai Semi Furnished di Jual di Cluster Fluora, Talaga Bestari","Balaraja, Tangerang",Balaraja,Tangerang,-6.2001801,106.4368779,"Masjid,  Taman, Tempat Jemuran, Keamanan, Kitchen Set, Keamanan 24 jam,  Masjid, Wastafel,  Playground,  Akses Parkir,  One Gate System, Taman",rumah,hos11312558,4.0,4.0,155.0,300.0,1.0,shm - sertifikat hak milik,2200 mah,0.0,0.0,3.0,,,sudah renovasi,timur,0.0,semi furnished,14.838709677419356,-6.20018,106.43688,1.935483870967742
https://www.rumah123.com/properti/tangerang/hos11359049/#qid~5d5b05f9-ab0d-4774-ae61-bddd6e38b7f0,550000000.0,Rumah mewah 2 lantai di Tigaraksa Tangerang,"Balaraja, Tangerang",Balaraja,Tangerang,-6.2001801,106.4368779," Ac, Masjid,  Keamanan,  Jogging Track, Kolam Renang,  Taman, Keamanan 24 jam,  Masjid,  Kolam Renang, AC, Track Lari, Taman",rumah,hos11359049,3.0,2.0,60.0,57.0,0.0,shm - sertifikat hak milik,2200 mah,0.0,0.0,2.0,0.0,2022.0,baru,timur,1.0,unfurnished,9.166666666666666,-6.20018,106.43688,0.95
https://www.rumah123.com/properti/tangerang/hos11247594/#qid~b98b1bf5-2e6f-425f-8b71-f90661bf07bc,12500000000.0,"RUMAH MEWAH SIAP HUNI,HIJAU,ASRI,POOL AVAILABLE","BSD Telaga Golf, Tangerang",BSD Telaga Golf,Tangerang,-6.2924768,106.6612729," Keamanan,  Jogging Track,  Taman, Kolam Renang, Keamanan 24 jam, Ac,  Kolam Renang, AC, Track Lari, Taman",rumah,hos11247594,6.0,4.0,700.0,800.0,2.0,shm - sertifikat hak milik,5500 mah,2.0,1.0,2.0,13.0,2009.0,bagus,selatan,2.0,semi furnished,17.857142857142858,-6.29248,106.66127,1.1428571428571428
https://www.rumah123.com/properti/tangerang/hos11111566/#qid~b98b1bf5-2e6f-425f-8b71-f90661bf07bc,5000000000.0,Rumah 2 Lantai Seperti Villa Di Puspita Loka BSD,"BSD Puspita Loka, Tangerang",BSD Puspita Loka,Tangerang,-6.2918455,106.6727246," Keamanan,  Taman,  Jogging Track, Jalur Telepon, Ac",rumah,hos11111566,5.0,3.0,286.0,347.0,1.0,"lainnya (ppjb,girik,adat,dll)",7700 mah,2.0,1.0,2.0,10.0,2012.0,bagus sekali,barat,1.0,semi furnished,17.48251748251748,-6.29185,106.67272,1.2132867132867133
https://www.rumah123.com/properti/tangerang/hos11364396/#qid~de3482b1-2665-4625-8388-e73221c6121f,5200000000.0,"Rumah 2,5 Lantai Siap Huni Puspita Loka Bsd","BSD Puspita Loka, Tangerang",BSD Puspita Loka,Tangerang,-6.2918455,106.6727246,"Masjid,  Taman, Lapangan Tenis, Lapangan Basket, Tempat Jemuran, Jalur Telepon, Kitchen Set, Keamanan 24 jam,  Track Lari, Wastafel,  One Gate System,  AC,  Playground",rumah,hos11364396,4.0,4.0,240.0,350.0,2.0,"lainnya (ppjb,girik,adat,dll)",5500 mah,2.0,1.0,2.0,,,bagus,,2.0,semi furnished,21.666666666666668,-6.29185,106.67272,1.4583333333333333
https://www.rumah123.com/properti/tangerang/hos11360008/#qid~c984c56a-bc1e-499a-afc7-2d459a55dd65,3750000000.0,"*DIJUAL*

Rumah di Puspitaloka
Kantong semar","BSD Puspita Loka, Tangerang",BSD Puspita Loka,Tangerang,-6.2918455,106.6727246," Taman, Jogging Track, Lapangan Basket, Keamanan,  Kolam Renang, Wastafel, Track Lari, Taman",rumah,hos11360008,4.0,2.0,299.0,300.0,1.0,shm - sertifikat hak milik,2200 mah,2.0,1.0,2.0,12.0,2010.0,sudah renovasi,barat daya,0.0,unfurnished,12.54180602006689,-6.29185,106.67272,1.0033444816053512
https://www.rumah123.com/properti/tangerang/hos11359995/#qid~0d9492e8-7326-465d-85ee-e54559fedc26,3500000000.0,"*Jual BSD Puspita Loka*
Blok no /12 A Baru selesai Renovasi","BSD Puspita Loka, Tangerang",BSD Puspita Loka,Tangerang,-6.2918455,106.6727246," Taman, Jogging Track, Lapangan Basket, Keamanan, Keamanan 24 jam, Wastafel, Track Lari, Taman,  One Gate System,  Playground",rumah,hos11359995,3.0,2.0,300.0,200.0,1.0,shm - sertifikat hak milik,2200 mah,2.0,1.0,2.0,12.0,2010.0,sudah renovasi,barat,0.0,unfurnished,11.666666666666666,-6.29185,106.67272,0.6666666666666666
https://www.rumah123.com/properti/tangerang/hos9663558/#qid~b98b1bf5-2e6f-425f-8b71-f90661bf07bc,7800000000.0,Rumah Alam Sutera Onyx Tema Industrial 383m2 View Taman,"Sutera Onix Alam Sutera, Tangerang",Sutera Onix Alam Sutera,Tangerang,-6.2342017,106.6597069,"Keamanan, Taman",rumah,hos9663558,4.0,4.0,383.0,595.0,2.0,shm - sertifikat hak milik,5500 mah,2.0,1.0,2.0,11.0,2011.0,bagus,,2.0,furnished,20.365535248041777,-6.2342,106.65971,1.5535248041775458
https://www.rumah123.com/properti/tangerang/hos11229655/#qid~fe216eb2-de17-43ed-ab54-fa3efa7fffc9,6100000000.0,Rumah mewah 3 lantai ada kolam renang Di Alam Sutera Tangerang Banten,"Sutera Onix Alam Sutera, Tangerang",Sutera Onix Alam Sutera,Tangerang,-6.2342017,106.6597069," Taman, Kolam Renang, Lapangan Bola, Jogging Track, Lapangan Basket, Keamanan, Akses Parkir, Keamanan 24 jam,  Track Lari,  Playground,  Kolam Renang,  One Gate System, Taman",rumah,hos11229655,4.0,4.0,240.0,240.0,2.0,shm - sertifikat hak milik,4400 mah,1.0,1.0,3.0,7.0,2015.0,sudah renovasi,timur,2.0,semi furnished,25.416666666666668,-6.2342,106.65971,1.0
https://www.rumah123.com/properti/tangerang/hos11318411/#qid~fe216eb2-de17-43ed-ab54-fa3efa7fffc9,634000000.0,Rumah Strategis 2 Lantai Murah Free Biaya,"Pondok Benda, Tangerang",Pondok Benda,Tangerang,-6.3427231,106.698045,"Mesin Cuci, Kulkas, Masjid,  Taman, Tempat Jemuran, Jalur Telepon, Track Lari, Taman,  One Gate System,  AC,  Playground",rumah,hos11318411,3.0,2.0,64.0,60.0,1.0,shm - sertifikat hak milik,1300 mah,1.0,0.0,2.0,0.0,2022.0,baru,timur,0.0,semi furnished,9.90625,-6.34272,106.69804,0.9375
https://www.rumah123.com/properti/tangerang/hos11318989/#qid~fe216eb2-de17-43ed-ab54-fa3efa7fffc9,660000000.0,Rumah Elit Harga irit Rumah 2 Lantai One Gate System,"Bakti Jaya, Tangerang",Bakti Jaya,Tangerang,-6.3538565,106.7092116,"Masjid,  Jogging Track,  Taman, Tempat Jemuran, Jalur Telepon, Keamanan, Keamanan 24 jam, Track Lari,  Akses Parkir,  One Gate System,  Jalur Telepon",rumah,hos11318989,3.0,2.0,64.0,60.0,1.0,shm - sertifikat hak milik,1300 mah,0.0,0.0,2.0,0.0,2022.0,baru,utara,0.0,unfurnished,10.3125,-6.35386,106.70921,0.9375
https://www.rumah123.com/properti/tangerang/hos11364872/#qid~5af0d35a-cace-4bbc-a4a3-8aa0df819f63,655000000.0,"Hunian Istimewa Di Pamulang, Free Biaya Biaya Banyak Hadiahnya","Bakti Jaya, Tangerang",Bakti Jaya,Tangerang,-6.3538565,106.7092116,"Kulkas, Masjid,  Taman, Lapangan Bola, Tempat Jemuran, Jalur Telepon, Lapangan Bulu Tangkis,  Track Lari, Keamanan 24 jam, Wastafel,  Akses Parkir,  One Gate System,  AC,  Tempat Laundry,  Playground",rumah,hos11364872,3.0,2.0,68.0,60.0,1.0,shm - sertifikat hak milik,1300 mah,0.0,0.0,2.0,0.0,2022.0,baru,timur,2.0,semi furnished,9.632352941176471,-6.35386,106.70921,0.8823529411764706
https://www.rumah123.com/properti/tangerang/hos11110392/#qid~eaddfd9a-1be2-498e-a8c9-77196c3c7ef7,2270000000.0,Rumah nyaman di tengah kota bsd semi furnised didesign dengan architecture modern dan lengkap dekat kemana2,"BSD Residence One, Tangerang",BSD Residence One,Tangerang,-6.2765101,106.6627504," Taman, Keamanan,  Kolam Renang, Jogging Track",rumah,hos11110392,1.0,3.0,108.0,180.0,2.0,shm - sertifikat hak milik,7700 mah,1.0,1.0,2.0,4.0,2018.0,bagus,selatan,0.0,semi furnished,21.01851851851852,-6.27651,106.66275,1.6666666666666667
https://www.rumah123.com/properti/tangerang/hos11284827/#qid~827b7638-d6db-433a-a26f-fb56af20e143,2350000000.0,Di  Rumah Murah Di Residence One Bsd,"BSD Residence One, Tangerang",BSD Residence One,Tangerang,-6.2765101,106.6627504,Keamanan 24 jam,rumah,hos11284827,4.0,4.0,144.0,205.0,1.0,shm - sertifikat hak milik,2200 mah,1.0,1.0,2.0,,,bagus,,0.0,,16.319444444444443,-6.27651,106.66275,1.4236111111111112
https://www.rumah123.com/properti/tangerang/hos10937702/#qid~eaddfd9a-1be2-498e-a8c9-77196c3c7ef7,875000000.0,"Rumah Magnolia Residences, Dekat Gerbang Toll, Perumahan Hijau","Jatake, Tangerang",Jatake,Tangerang,-6.201491,106.57371," Jogging Track, Keamanan, Taman",rumah,hos10937702,2.0,2.0,75.0,86.0,1.0,shm - sertifikat hak milik,2200 mah,0.0,0.0,2.0,7.0,2015.0,bagus,selatan,0.0,unfurnished,11.666666666666666,-6.20149,106.57371,1.1466666666666667
https://www.rumah123.com/properti/tangerang/hos9616208/#qid~eaddfd9a-1be2-498e-a8c9-77196c3c7ef7,3600000000.0,Rumah Tua Pinggir Jalan Kresek Raya 300 meter dari Greenlake,"Kresek, Tangerang",Kresek,Tangerang,-6.148555,106.4023145,"CCTV, Keamanan,  Jalur Telepon",rumah,hos9616208,,,278.0,200.0,0.0,shm - sertifikat hak milik,4400 mah,0.0,0.0,1.0,22.0,2000.0,butuh renovasi,,0.0,unfurnished,12.949640287769784,-6.14856,106.40231,0.7194244604316546
https://www.rumah123.com/properti/tangerang/hos11166446/#qid~ad59e9b3-66a8-4705-b3fc-20d647c97736,5560000000.0,Rumah Baru Model Paviliun di Tengah Kota Joglo Jakarta Barat,"Kreo, Tangerang",Kreo,Tangerang,-6.2299325,106.739659,"Kolam Renang,  Taman, Tempat Jemuran, Taman, Keamanan 24 jam, AC, Wastafel,  CCTV, Track Lari,  Kolam Renang,  One Gate System,  Playground",rumah,hos11166446,3.0,2.0,297.0,145.0,2.0,shm - sertifikat hak milik,3500 mah,1.0,1.0,2.0,0.0,2022.0,baru,selatan,0.0,unfurnished,18.72053872053872,-6.22993,106.73966,0.4882154882154882
https://www.rumah123.com/properti/tangerang/hos11365108/#qid~64b63570-5d79-426f-a823-b543b94792fa,9500000000.0,"Hot Sale Rumah Desain Unik Minimalis di Kreo Larangan, Ic 4314 m","Kreo, Tangerang",Kreo,Tangerang,-6.2299325,106.739659,"Jalur Telepon, AC",rumah,hos11365108,6.0,7.0,1000.0,500.0,2.0,shm - sertifikat hak milik,9500 mah,3.0,0.0,1.0,,,bagus,,4.0,,9.5,-6.22993,106.73966,0.5
https://www.rumah123.com/properti/tangerang/hos11364619/#qid~5a97d358-f8f9-4355-937e-63e95dd53130,3100000000.0,"Dijual Rumah Nyaman dan Asri di Komplek Kejaksaan Agung, Kreo, Larangan, Tangerang","Kreo, Tangerang",Kreo,Tangerang,-6.2299325,106.739659,"Keamanan, Taman",rumah,hos11364619,4.0,3.0,175.0,220.0,0.0,shm - sertifikat hak milik,5500 mah,1.0,1.0,2.0,7.0,2015.0,bagus,utara,2.0,semi furnished,17.71428571428571,-6.22993,106.73966,1.2571428571428571
https://www.rumah123.com/properti/tangerang/hos11148022/#qid~ad59e9b3-66a8-4705-b3fc-20d647c97736,2300000000.0,"Rumah Kebun Asri lokasi Istimewa Jl. Karet Jaya, Cadas, Sepatan, Tangerang","Sepatan, Tangerang",Sepatan,Tangerang,-6.1230849,106.5763435,Taman,rumah,hos11148022,4.0,1.0,625.0,250.0,1.0,shm - sertifikat hak milik,2200 mah,0.0,0.0,1.0,34.0,1988.0,sudah renovasi,timur,3.0,semi furnished,3.68,-6.12308,106.57634,0.4
https://www.rumah123.com/properti/tangerang/hos11359461/#qid~0d9492e8-7326-465d-85ee-e54559fedc26,125000000.0,DI JUAL CEPAT TAKE OVER CLUSTER BANYU BIRU SEPATAN TANGERANG,"Sepatan, Tangerang",Sepatan,Tangerang,-6.1230849,106.5763435,Keamanan,rumah,hos11359461,2.0,1.0,60.0,36.0,0.0,shm - sertifikat hak milik,lainnya mah,0.0,0.0,1.0,,,,,0.0,,2.083333333333333,-6.12308,106.57634,0.6
https://www.rumah123.com/properti/tangerang/hos10174468/#qid~ad59e9b3-66a8-4705-b3fc-20d647c97736,1300000000.0,ANDRE TJHIA Rumah 4x14 Bangunan 3 Lantai dekat Mal Puri samping Meruya,"Metro Permata, Tangerang",Metro Permata,Tangerang,-6.2020905,106.7138787,Ac,rumah,hos10174468,3.0,3.0,56.0,140.0,1.0,shm - sertifikat hak milik,2200 mah,0.0,0.0,3.0,0.0,2022.0,baru,,0.0,semi furnished,23.21428571428571,-6.20209,106.71388,2.5
https://www.rumah123.com/properti/tangerang/hos10709867/#qid~ad59e9b3-66a8-4705-b3fc-20d647c97736,15000000000.0,Di Jual Rumah di The Crown Summarecon Serpong Furnished,"Cihuni, Tangerang",Cihuni,Tangerang,-6.2601886,106.6402949,"CCTV, Taman,  Keamanan",rumah,hos10709867,6.0,5.0,450.0,450.0,2.0,"lainnya (ppjb,girik,adat,dll)",4400 mah,1.0,1.0,3.0,5.0,2017.0,bagus,utara,2.0,semi furnished,33.33333333333333,-6.26019,106.64029,1.0
https://www.rumah123.com/properti/tangerang/hos10742810/#qid~ad59e9b3-66a8-4705-b3fc-20d647c97736,2400000000.0,Cepat Rumah Nyaman Murah komplek BMKG dekat Bintaro Tangsel,"Pondok Betung, Tangerang",Pondok Betung,Tangerang,-6.2625734,106.7494866," Keamanan,  Jogging Track,  Taman, Jalur Telepon,  Masjid, Ac",rumah,hos10742810,4.0,3.0,300.0,164.0,1.0,shm - sertifikat hak milik,2200 mah,1.0,1.0,2.0,23.0,1999.0,bagus,selatan,0.0,semi furnished,8.0,-6.26257,106.74949,0.5466666666666666
https://www.rumah123.com/properti/tangerang/hos11055910/#qid~ad59e9b3-66a8-4705-b3fc-20d647c97736,1600000000.0,"Rumah 3 Lantai di Cluster Whelford, Tangerang","BSD The Green, Tangerang",BSD The Green,Tangerang,-6.3096315,106.667028,"Masjid,  Lapangan Voli,  Taman, Lapangan Bola,  Tempat Gym, Lapangan Tenis,  Lapangan Bulu Tangkis,  Track Lari, Keamanan 24 jam,  Kolam Renang,  CCTV,  Akses Parkir,  One Gate System,  Playground,  Lapangan Basket",rumah,hos11055910,3.0,3.0,60.0,120.0,1.0,shm - sertifikat hak milik,2200 mah,1.0,1.0,3.0,,,bagus,,1.0,,26.666666666666668,-6.30963,106.66703,2.0
https://www.rumah123.com/properti/tangerang/hos11364298/#qid~de3482b1-2665-4625-8388-e73221c6121f,3650000000.0,Dijual Rumah Semi Furnish Hadap Selatan The Green BSD,"BSD The Green, Tangerang",BSD The Green,Tangerang,-6.3096315,106.667028," Ac, Masjid,  Jogging Track,  Taman, Keamanan, AC, Track Lari,  Kolam Renang, Taman",rumah,hos11364298,3.0,3.0,198.0,157.0,2.0,"lainnya (ppjb,girik,adat,dll)",3500 mah,1.0,1.0,2.0,4.0,2018.0,bagus,selatan,1.0,semi furnished,18.434343434343436,-6.30963,106.66703,0.7929292929292929
https://www.rumah123.com/properti/tangerang/hos8954364/#qid~ad59e9b3-66a8-4705-b3fc-20d647c97736,3000000000.0,"Cluster Carson Rumah Mewah di kawasan Scientia Garden Gading Serpong Dekat mall SMS, Aeon, Tol, stasiun","Gading Serpong Scientia Garden, Tangerang",Gading Serpong Scientia Garden,Tangerang,-6.2606197,106.6140258,"Taman,  Kolam Renang, Jogging Track,  Keamanan",rumah,hos8954364,4.0,3.0,108.0,134.0,1.0,shm - sertifikat hak milik,2200 mah,1.0,1.0,2.0,1.0,2021.0,baru,,0.0,unfurnished,27.777777777777775,-6.26062,106.61403,1.2407407407407407
https://www.rumah123.com/properti/tangerang/hos11218381/#qid~4a471456-6b5f-40ba-acb4-00890e0f6e73,2550000000.0,Rumah Cluster Dalton Summarecon Serpong | no Cobroke,"Gading Serpong Scientia Garden, Tangerang",Gading Serpong Scientia Garden,Tangerang,-6.2606197,106.6140258," Keamanan,  Jogging Track,  Taman, Tempat Jemuran, Jalur Telepon, Wastafel, Track Lari, Taman",rumah,hos11218381,3.0,2.0,162.0,141.0,1.0,hgb - hak guna bangunan,2200 mah,0.0,0.0,2.0,,,bagus,timur laut,0.0,unfurnished,15.74074074074074,-6.26062,106.61403,0.8703703703703703
https://www.rumah123.com/properti/tangerang/hos9698198/#qid~c2e73bd9-4660-4555-8a1c-ea5a96ad72c9,27000000000.0,Rumah mewah design Denny Gondo di Terrace Golf Bsd,"BSD Bukit Golf, Tangerang",BSD Bukit Golf,Tangerang,-6.2866417,106.6570663," Ac,  Jogging Track, Keamanan,  Kolam Renang, Taman",rumah,hos9698198,5.0,4.0,801.0,1046.0,3.0,shm - sertifikat hak milik,lainnya mah,2.0,1.0,3.0,4.0,2018.0,bagus,timur laut,3.0,semi furnished,33.70786516853932,-6.28664,106.65707,1.3058676654182273
https://www.rumah123.com/properti/tangerang/hos10847265/#qid~edcaf871-2645-4a99-a2b9-e18cdbb3a3d3,4000000000.0,Dijual Discovery Lumina Bintaro,"BSD Duta Bintaro, Tangerang",BSD Duta Bintaro,Tangerang,-6.2299498,106.665921,"Taman, AC,  Keamanan",rumah,hos10847265,4.0,3.0,150.0,200.0,2.0,shm - sertifikat hak milik,2200 mah,1.0,1.0,2.0,10.0,2012.0,bagus sekali,utara,1.0,semi furnished,26.666666666666668,-6.22995,106.66592,1.3333333333333333
https://www.rumah123.com/properti/tangerang/hos10486095/#qid~4a471456-6b5f-40ba-acb4-00890e0f6e73,6250000000.0,Rumah Mewah 2 Lantai 4 Kamar Layout Bagus Siap Huni Di Green Cove M267gc,"BSD Green Cove, Tangerang",BSD Green Cove,Tangerang,-6.3012729,106.656626," Jogging Track, Taman, Kolam Renang,  Keamanan",rumah,hos10486095,4.0,4.0,240.0,300.0,2.0,shm - sertifikat hak milik,2200 mah,1.0,1.0,2.0,1.0,2021.0,bagus sekali,selatan,1.0,furnished,26.041666666666668,-6.30127,106.65663,1.25
https://www.rumah123.com/properti/tangerang/hos11365228/#qid~4a471456-6b5f-40ba-acb4-00890e0f6e73,1100000000.0,Rumah Bagus 2 Lantai di Duta Garden Tangerang,"Duta Garden, Tangerang",Duta Garden,Tangerang,-6.1448329,106.6802513," Ac,  Keamanan,  Jogging Track, Kolam Renang, Keamanan 24 jam, AC,  Kolam Renang, Track Lari, Taman",rumah,hos11365228,2.0,2.0,77.0,140.0,1.0,shm - sertifikat hak milik,2200 mah,0.0,0.0,2.0,,,bagus,selatan,0.0,unfurnished,14.285714285714285,-6.14483,106.68025,1.8181818181818181
https://www.rumah123.com/properti/tangerang/hos11365189/#qid~64b63570-5d79-426f-a823-b543b94792fa,1300000000.0,Rumah 1 1 2 Lt Bagus Lt 115 M2 Regensi Melati Mas 2,"Jelupang, Tangerang",Jelupang,Tangerang,-6.2658959,106.668092,"Taman, Keamanan 24 jam",rumah,hos11365189,5.0,3.0,115.0,130.0,1.0,shm - sertifikat hak milik,2200 mah,0.0,0.0,2.0,6.0,2016.0,bagus,,0.0,unfurnished,11.304347826086957,-6.2659,106.66809,1.1304347826086956
https://www.rumah123.com/properti/tangerang/hos11365154/#qid~64b63570-5d79-426f-a823-b543b94792fa,4000000000.0,Dijual Rumah 2 Lantai Siap Huni di Cluster Divena,"BSD Avani, Tangerang",BSD Avani,Tangerang,-6.3219335,106.6494651," Ac,  Keamanan, Kolam Renang,  Taman, Jogging Track, Jalur Telepon, AC, Track Lari, Taman,  Jalur Telepon",rumah,hos11365154,4.0,3.0,220.0,250.0,1.0,shm - sertifikat hak milik,3500 mah,1.0,1.0,2.0,,,bagus,utara,0.0,semi furnished,18.181818181818183,-6.32193,106.64947,1.1363636363636365
https://www.rumah123.com/properti/tangerang/hos11364461/#qid~5a97d358-f8f9-4355-937e-63e95dd53130,3300000000.0,Dijual rumah baru belum pernah huni di cluster Deshna kawasan Avani BSD City,"BSD Avani, Tangerang",BSD Avani,Tangerang,-6.3219335,106.6494651," Taman, Keamanan, Akses Parkir, Keamanan 24 jam, Taman,  One Gate System,  Playground",rumah,hos11364461,3.0,3.0,225.0,120.0,1.0,shm - sertifikat hak milik,2200 mah,0.0,1.0,2.0,,,sudah renovasi,barat laut,0.0,,14.666666666666666,-6.32193,106.64947,0.5333333333333333
https://www.rumah123.com/properti/tangerang/hos11364821/#qid~64b63570-5d79-426f-a823-b543b94792fa,3300000000.0,Dijual rumah hoek semi furnish di Cluster Azalea L'agricola Gading Serpong,"Gading Serpong L Agricola, Tangerang",Gading Serpong L Agricola,Tangerang,-6.2523231,106.4879949," Lapangan Voli,  Taman, Lapangan Basket, Lapangan Bulu Tangkis, Keamanan, Akses Parkir, Keamanan 24 jam, Taman,  One Gate System,  Playground",rumah,hos11364821,3.0,3.0,252.0,153.0,1.0,shm - sertifikat hak milik,2200 mah,1.0,1.0,2.0,,,bagus,,0.0,semi furnished,13.095238095238095,-6.25232,106.48799,0.6071428571428571
https://www.rumah123.com/properti/tangerang/hos11365141/#qid~64b63570-5d79-426f-a823-b543b94792fa,1550000000.0,Dijual Rumah 2 Lantai Siap Huni di Samara Village,"Gading Serpong Samara Village, Tangerang",Gading Serpong Samara Village,Tangerang,-6.2714315,106.6211152," Ac,  Jogging Track, Kolam Renang,  Taman, Jalur Telepon, Keamanan, AC, Track Lari, Taman,  Jalur Telepon",rumah,hos11365141,2.0,2.0,60.0,68.0,1.0,shm - sertifikat hak milik,2200 mah,0.0,0.0,2.0,,,bagus,,0.0,semi furnished,25.833333333333332,-6.27143,106.62112,1.1333333333333333
https://www.rumah123.com/properti/tangerang/hos11364861/#qid~5af0d35a-cace-4bbc-a4a3-8aa0df819f63,85000000.0,Oper murah perum puri harmoni Rajeg,"Rajeg, Tangerang",Rajeg,Tangerang,-6.115513,106.5137335," Ac,  Keamanan,  Taman, CCTV, Jogging Track, Jalur Telepon, AC,  Masjid,  CCTV, Track Lari, Taman",rumah,hos11364861,2.0,1.0,60.0,40.0,1.0,hgb - hak guna bangunan,1300 mah,0.0,0.0,1.0,2.0,2020.0,bagus,timur,1.0,unfurnished,1.4166666666666667,-6.11551,106.51373,0.6666666666666666
https://www.rumah123.com/properti/tangerang/hos11364813/#qid~5a97d358-f8f9-4355-937e-63e95dd53130,1790000000.0,Akses 1km Dari Pintu Tol Joglo Puri Botanical,"Benda, Tangerang",Benda,Tangerang,-6.1259024,106.6651845," Taman, Tempat Jemuran, Jalur Telepon, Akses Parkir, Kitchen Set, Keamanan 24 jam, Wastafel,  CCTV, Track Lari,  Playground",rumah,hos11364813,2.0,3.0,50.0,62.0,1.0,shm - sertifikat hak milik,3500 mah,0.0,0.0,2.0,0.0,2022.0,baru,utara,0.0,unfurnished,35.8,-6.1259,106.66518,1.24
https://www.rumah123.com/properti/tangerang/hos11364508/#qid~5a97d358-f8f9-4355-937e-63e95dd53130,8000000000.0,Rumah Luas Tanah Besar di Bsd City,"BSD Anggrek Loka, Tangerang",BSD Anggrek Loka,Tangerang,-6.3007853,106.6695483," Taman, Tempat Jemuran, Jalur Telepon, Kitchen Set, Keamanan 24 jam, Wastafel, Track Lari, Taman,  One Gate System,  AC",rumah,hos11364508,4.0,4.0,776.0,310.0,2.0,shm - sertifikat hak milik,5500 mah,2.0,2.0,2.0,,,bagus,,2.0,semi furnished,10.309278350515465,-6.30079,106.66955,0.39948453608247425
https://www.rumah123.com/properti/tangerang/hos11364180/#qid~de3482b1-2665-4625-8388-e73221c6121f,755000000.0,Rumah Eksekutif 2 Lantai SHM Bebas Banjir Lokasi Strategis,"Cimone, Tangerang",Cimone,Tangerang,-6.1907014,106.6104694,"Masjid,  Keamanan,  Taman, Jogging Track, Tempat Jemuran, Jalur Telepon, Track Lari,  Jalur Telepon",rumah,hos11364180,3.0,2.0,78.0,60.0,1.0,shm - sertifikat hak milik,1300 mah,0.0,0.0,2.0,0.0,2022.0,baru,utara,0.0,unfurnished,9.67948717948718,-6.1907,106.61047,0.7692307692307693
https://www.rumah123.com/properti/tangerang/hos11364171/#qid~de3482b1-2665-4625-8388-e73221c6121f,785000000.0,Rumah Elegan 2 Lantai SHM Lokasi Strategis,"Cimone, Tangerang",Cimone,Tangerang,-6.1907014,106.6104694,"Masjid,  Keamanan,  Taman, Jogging Track, Tempat Jemuran, Jalur Telepon, Keamanan 24 jam, Track Lari,  Akses Parkir,  One Gate System,  Jalur Telepon",rumah,hos11364171,3.0,2.0,85.0,60.0,1.0,shm - sertifikat hak milik,1300 mah,0.0,0.0,2.0,0.0,2022.0,baru,utara,0.0,unfurnished,9.23529411764706,-6.1907,106.61047,0.7058823529411765
https://www.rumah123.com/properti/tangerang/hos11363405/#qid~7abe792b-a7f3-4c78-9517-85af54405a53,685000000.0,Rumah Mewah Murah 2 Lantai SHM Free Biaya Biaya Surat Bebas Banjir,"Babakan, Tangerang",Babakan,Tangerang,-6.1908935,106.6359705," Akses Parkir, Masjid,  Jogging Track,  Taman, Tempat Jemuran, Jalur Telepon, Keamanan, Keamanan 24 jam,  Masjid, Track Lari, Taman,  One Gate System,  Jalur Telepon",rumah,hos11363405,3.0,2.0,64.0,60.0,1.0,shm - sertifikat hak milik,1300 mah,0.0,0.0,2.0,0.0,2022.0,baru,timur,0.0,unfurnished,10.703125,-6.19089,106.63597,0.9375
https://www.rumah123.com/properti/tangerang/hos11361469/#qid~9b7c3e11-2c18-4559-a637-16b29b361aad,1200000000.0,Dijual Rumah 2 Lantai Bagus Cluster di Tangerang Selatan SHM,"Babakan, Tangerang",Babakan,Tangerang,-6.1908935,106.6359705," Taman, Tempat Jemuran, Jalur Telepon, One Gate System, Keamanan 24 jam, AC, Wastafel,  Playground",rumah,hos11361469,3.0,2.0,60.0,78.0,1.0,shm - sertifikat hak milik,5500 mah,0.0,0.0,2.0,1.0,2021.0,bagus,barat,0.0,unfurnished,20.0,-6.19089,106.63597,1.3
https://www.rumah123.com/properti/tangerang/hos11361759/#qid~9b7c3e11-2c18-4559-a637-16b29b361aad,588000000.0,Terbaru Cluster Minimalis Sudimara Dekat Stasiun,"Jombang, Tangerang",Jombang,Tangerang,-6.2966149,106.7046009,"Masjid,  Taman, Tempat Jemuran, Keamanan 24 jam, AC, Wastafel,  CCTV, Track Lari, Taman,  One Gate System",rumah,hos11361759,2.0,1.0,72.0,36.0,1.0,shm - sertifikat hak milik,1300 mah,0.0,0.0,1.0,0.0,2022.0,baru,,1.0,furnished,8.166666666666668,-6.29661,106.7046,0.5
https://www.rumah123.com/properti/tangerang/hos11359615/#qid~0d9492e8-7326-465d-85ee-e54559fedc26,785000000.0,Rumah Modern Asri dan Nyaman Bebas Banjir Lokasi Strategis,"Lengkong Kulon, Tangerang",Lengkong Kulon,Tangerang,-6.2834535,106.638775,"Masjid,  Keamanan,  Jogging Track,  Taman, Tempat Jemuran, Jalur Telepon, Keamanan 24 jam,  Masjid, Track Lari, Taman,  One Gate System",rumah,hos11359615,3.0,2.0,85.0,60.0,1.0,shm - sertifikat hak milik,1300 mah,0.0,0.0,2.0,0.0,2022.0,baru,utara,0.0,unfurnished,9.23529411764706,-6.28345,106.63878,0.7058823529411765
https://www.rumah123.com/properti/tangerang/hos11359594/#qid~0d9492e8-7326-465d-85ee-e54559fedc26,755000000.0,Rumah Mewah Murah 2 Lantai Gratis Biaya Biaya Surat Lokasi Strategis,"Lengkong Kulon, Tangerang",Lengkong Kulon,Tangerang,-6.2834535,106.638775," Keamanan,  Taman, Jogging Track, Tempat Jemuran, Jalur Telepon,  Masjid, Track Lari",rumah,hos11359594,3.0,2.0,78.0,60.0,1.0,shm - sertifikat hak milik,1300 mah,0.0,0.0,2.0,0.0,2022.0,baru,utara,0.0,unfurnished,9.67948717948718,-6.28345,106.63878,0.7692307692307693
https://www.rumah123.com/properti/tangerang/hos11359313/#qid~5d5b05f9-ab0d-4774-ae61-bddd6e38b7f0,800000000.0,Rumah 2 Lantai Dekat Perkantoran BSD City AEON TOL Dan Stasiun,"BSD Provance Parkland, Tangerang",BSD Provance Parkland,Tangerang,-6.2882374,106.6658586,"Tempat Jemuran, Keamanan, Keamanan 24 jam, Wastafel, Taman,  One Gate System",rumah,hos11359313,3.0,2.0,60.0,65.0,2.0,shm - sertifikat hak milik,2200 mah,0.0,0.0,2.0,0.0,2022.0,baru,selatan,0.0,furnished,13.333333333333334,-6.28824,106.66586,1.0833333333333333
https://www.rumah123.com/properti/tangerang/hos11358964/#qid~5d5b05f9-ab0d-4774-ae61-bddd6e38b7f0,655000000.0,"Rumah 2 Lantai Harga 1 Lantai Di Pamulang, Free Biaya Biaya","Sudimara, Tangerang",Sudimara,Tangerang,-6.2969629,106.710635,"Kulkas, Masjid,  Taman, Lapangan Bola, Tempat Jemuran, Jalur Telepon, Lapangan Bulu Tangkis,  Track Lari, Keamanan 24 jam, Wastafel,  Akses Parkir,  One Gate System,  AC,  Tempat Laundry,  Playground",rumah,hos11358964,3.0,2.0,64.0,60.0,1.0,shm - sertifikat hak milik,1300 mah,0.0,0.0,2.0,0.0,2022.0,baru,timur,2.0,semi furnished,10.234375,-6.29696,106.71064,0.9375
